Total SSE: 1576.9131314180124,,,
2902,3.9811,10.7615,1
2904,4.2272,10.2279,1
2906,4.5929,8.9054,1
2908,4.0708,10.5844,1
2909,3.9788,10.2233,1
2910,4.1237,10.2187,1
2911,4.0616,9.9979,1
2912,4.563,10.7086,1
2913,4.3353,10.1658,1
2914,4.8735,9.8599,1
2915,4.3583,9.3102,1
2917,4.6527,9.4068,1
2919,4.7194,9.5149,1
2921,3.8776,10.9777,1
2922,4.6159,10.1152,1
2923,5.2714,9.2826,1
2925,4.954,8.9307,1
2926,4.0662,9.8415,1
2929,4.6596,10.2854,1
2932,4.5653,10.566,1
2934,4.8482,9.3102,1
2938,4.8068,8.1395,1
2941,4.8781,9.5425,1
2942,4.5354,9.4436,1
2943,4.8827,10.2486,1
2945,4.8091,9.6529,1
2948,5.2369,9.0848,1
2952,4.54,9.278,1
2954,4.701,9.1423,1
2957,3.8017,10.704,1
2958,4.1605,10.0416,1
2960,4.2916,9.1492,1
2964,3.9742,10.1819,1
2965,4.8781,10.2095,1
2966,4.3974,8.7605,1
2968,4.6619,10.4648,1
2970,4.3974,10.3866,1
2973,4.7033,9.3608,1
2974,4.8965,9.1515,1
2978,5.2484,9.4206,1
2979,4.8574,9.7219,1
2982,4.701,9.8783,1
2991,4.7976,9.6897,1
2996,4.1076,10.7132,1
430,7.1321,19.7384,2
455,7.0355,19.6073,2
466,7.2701,20.0558,2
471,7.231,19.8856,2
473,6.6974,20.0121,2
2007,7.1666,20.1018,2
2012,7.4035,20.1777,2
2042,7.5668,20.5986,2
2054,7.5576,20.1616,2
2055,7.6611,20.5043,2
2060,7.9923,19.4601,2
2063,7.668,20.3916,2
2073,7.8681,19.4348,2
2074,8.0475,20.0328,2
2098,8.0268,20.3249,2
1500,9.5218,14.8164,3
1501,8.8341,15.0855,3
1504,9.3378,15.5018,3
1506,8.7375,15.1407,3
1509,9.5471,15.0165,3
1513,8.8134,14.2644,3
1514,8.7766,14.7336,3
1517,9.4781,14.5979,3
1519,8.795,15.1867,3
1523,9.1515,15.5616,3
1524,9.3884,15.2672,3
1525,8.8686,14.982,3
1526,9.2274,14.8233,3
1527,9.3125,15.3592,3
1530,8.9261,14.6508,3
1531,8.5949,15.2028,3
1534,8.7674,15.2534,3
1535,9.1745,14.7888,3
1536,9.209,14.8049,3
1538,9.6506,15.5685,3
1540,9.8829,14.5289,3
1543,9.1584,15.3247,3
1546,8.6639,15.1913,3
1547,9.6874,15.4236,3
1551,8.7904,14.4208,3
1552,9.2757,14.9061,3
1553,8.7237,15.189,3
1554,9.6115,15.6651,3
1555,8.8916,14.6968,3
1557,9.2136,13.7607,3
1558,8.7168,14.2437,3
1561,8.9514,14.6347,3
1564,9.5333,15.4627,3
1565,9.5563,15.6927,3
1567,8.5627,15.3339,3
1569,8.818,15.4029,3
1570,10.5108,14.9912,3
1572,8.933,13.9286,3
1573,8.9445,14.683,3
1575,9.5724,15.8836,3
1577,9.7564,14.9153,3
1580,8.8732,15.2258,3
1583,10.1221,15.1177,3
1586,9.8185,14.6715,3
1587,9.0388,15.6697,3
1588,9.3125,15.1016,3
1591,9.5563,14.9061,3
1595,9.2941,15.143,3
1598,8.7766,15.3868,3
1679,10.129,14.4852,3
303,26.4199,24.7225,4
304,26.1853,23.7795,4
308,26.4015,24.6006,4
344,25.8058,24.6328,4
352,26.4843,23.7105,4
355,25.9668,25.079,4
368,26.1508,24.5753,4
372,26.0772,24.9088,4
376,26.712,24.5224,4
2215,28.7268,26.7212,4
2303,27.2157,23.9359,4
2322,27.6941,23.5265,4
2395,27.3606,24.0371,4
1902,6.3202,27.3445,5
1915,6.2673,26.8638,5
1916,6.3616,27.5584,5
1918,6.1983,27.103,5
1923,6.6813,27.5607,5
1926,6.3869,27.2364,5
1940,5.989,26.2382,5
1950,6.0626,27.0731,5
1968,6.2696,27.3215,5
1969,6.4398,27.1329,5
1972,6.2719,27.4687,5
1976,6.3156,26.7856,5
1980,6.3317,27.4365,5
1981,5.9269,26.9374,5
1984,6.2604,26.6361,5
1986,6.9688,27.563,5
1997,6.5525,26.9374,5
2301,26.6775,21.4588,6
2302,26.7143,21.8613,6
2304,27.126,21.974,6
2305,27.3537,21.5945,6
2306,27.2824,21.4749,6
2307,26.9581,22.4662,6
2308,27.0432,21.9487,6
2309,26.942,22.342,6
2312,26.2865,21.5646,6
2313,26.8891,21.9648,6
2314,27.103,21.3277,6
2315,27.6159,22.319,6
2317,27.126,20.7527,6
2318,26.5671,21.33,6
2321,26.6292,22.1626,6
2323,26.6108,22.1097,6
2324,27.1421,21.7877,6
2325,26.7051,20.7803,6
2326,27.5883,22.0154,6
2328,26.0588,21.1207,6
2329,26.6752,22.0959,6
2330,26.8339,21.2219,6
2331,27.0202,20.6561,6
2332,26.9351,21.9096,6
2334,27.3238,20.5319,6
2337,26.3578,21.6359,6
2339,27.8689,21.7693,6
2340,27.7263,22.5467,6
2342,26.5349,21.9763,6
2344,26.4084,21.5577,6
2345,27.1375,22.4524,6
2347,27.3514,20.5894,6
2348,27.793,22.5352,6
2350,27.2387,22.3006,6
2351,25.8196,21.0839,6
2352,26.7212,21.008,6
2353,26.6959,21.6589,6
2355,27.1697,22.112,6
2356,27.2525,21.8613,6
2357,26.2221,21.675,6
2358,26.7925,21.3829,6
2360,27.2548,20.8562,6
2362,26.8224,22.4156,6
2363,27.1076,22.365,6
2364,27.1881,21.6888,6
2365,27.5768,21.5899,6
2368,27.0593,21.629,6
2369,27.4135,22.3443,6
2370,26.2175,21.5738,6
2371,27.0225,22.4984,6
2372,27.2571,22.6479,6
2374,27.8367,22.6226,6
2376,28.092,22.8411,6
2377,26.9305,22.4064,6
2378,26.5648,21.1506,6
2379,28.1426,21.4956,6
2380,27.3192,22.4041,6
2381,26.6246,21.2403,6
2382,26.114,21.3047,6
2384,27.4181,21.5715,6
2386,26.6614,21.4542,6
2387,28.5014,21.9326,6
2388,27.0455,22.5789,6
2389,28.1035,21.3898,6
2390,27.103,21.8475,6
2391,26.5487,21.4795,6
2392,26.9006,21.261,6
599,19.9339,27.9149,7
611,20.847,28.2852,7
612,20.2053,27.6596,7
613,19.6993,27.8827,7
618,20.2076,28.023,7
619,20.686,27.7884,7
631,20.5273,28.253,7
637,20.8999,27.8873,7
652,20.3617,27.8666,7
654,20.7734,29.3754,7
660,20.6354,29.7871,7
662,20.4077,27.678,7
665,21.1368,28.2576,7
668,19.5222,27.5147,7
671,20.824,27.954,7
672,20.8723,28.3082,7
673,21.1506,28.1633,7
679,21.054,28.5819,7
698,20.5296,27.6228,7
3002,6.0672,15.9986,8
3003,5.8533,16.4103,8
3011,6.0511,16.1021,8
3016,5.5267,16.0883,8
3018,5.4508,15.3776,8
3020,5.7406,15.9641,8
3024,5.8993,16.5437,8
3025,6.2075,15.6697,8
3028,4.5354,15.8491,8
3029,6.1132,16.0446,8
3034,6.1132,16.1872,8
3035,5.8004,15.4972,8
3045,5.5888,16.3114,8
3047,5.7084,15.7893,8
3050,6.2052,15.6674,8
3051,6.3018,15.7893,8
3060,4.8643,16.0814,8
3061,5.4968,16.1826,8
3064,4.7217,16.0055,8
3071,6.0879,16.1205,8
3072,5.8878,16.3781,8
3078,5.552,15.557,8
3079,6.0488,16.2102,8
3080,5.7498,16.5069,8
3084,5.1909,16.1458,8
3085,5.8947,16.2677,8
1512,7.3966,15.8928,9
1537,7.3966,16.1987,9
3007,6.6882,16.2424,9
3021,7.0309,16.73,9
3031,6.6767,15.7387,9
3042,6.7802,16.983,9
3046,6.3455,16.8772,9
3048,6.2535,16.4954,9
3049,6.6537,17.0198,9
3055,7.0608,16.086,9
3065,7.0493,16.224,9
3068,6.9872,17.2383,9
3074,6.9849,17.1785,9
3076,7.2149,16.7944,9
3077,6.8906,16.0952,9
3081,6.3064,16.8243,9
3090,6.5456,16.6978,9
3093,7.3414,16.8197,9
3097,6.4444,16.2033,9
601,21.3047,25.7023,10
617,21.0908,26.436,10
628,20.0788,26.6177,10
633,20.9275,26.0404,10
634,20.7849,26.459,10
635,19.9017,26.2589,10
638,21.0195,26.505,10
688,21.1667,26.5165,10
815,20.2007,25.7138,10
809,17.6546,25.6287,11
812,16.0193,25.7368,11
813,16.6817,26.1117,11
817,16.2171,25.4562,11
826,17.3694,25.1043,11
830,17.0773,26.3302,11
831,16.4287,25.2883,11
834,17.3303,26.1738,11
839,16.7116,26.2106,11
841,17.4844,25.5735,11
849,17.5235,25.5919,11
852,17.3464,25.2607,11
855,16.5023,25.2423,11
857,16.9853,25.3918,11
858,17.2567,25.24,11
861,17.3441,25.9898,11
872,16.5897,26.1462,11
873,17.0336,25.3665,11
874,17.2061,24.5753,11
880,16.661,25.447,11
885,17.0842,25.424,11
887,17.4062,25.9024,11
888,17.144,26.1393,11
890,17.512,26.0036,11
2147,16.914,26.6821,11
199,8.4155,9.7633,12
202,8.6363,9.8139,12
205,7.6289,9.899,12
206,7.5645,8.8824,12
207,7.5967,9.5241,12
216,8.5029,9.1791,12
218,9.0756,9.3723,12
219,7.8428,9.9703,12
221,8.1993,9.7863,12
224,8.2085,9.9634,12
231,8.9813,9.7127,12
238,8.3189,9.0365,12
240,7.4081,9.8001,12
241,9.0733,8.9307,12
242,7.9118,9.0848,12
243,8.1717,9.0687,12
244,9.393,9.4735,12
249,8.8249,9.9335,12
252,7.3253,9.6644,12
264,8.9951,9.5678,12
265,7.7324,9.5954,12
266,7.8359,9.4965,12
267,7.9095,9.0066,12
274,8.9491,9.7863,12
276,7.7577,9.9749,12
278,8.9836,9.7104,12
279,8.6892,9.7219,12
283,8.0314,9.5678,12
285,8.3557,10.152,12
286,7.8175,8.6938,12
292,8.6823,9.0986,12
296,8.2913,9.4229,12
1873,9.0411,8.5466,12
2963,6.8055,9.4459,12
1399,20.5227,19.4578,13
1402,19.6832,18.3515,13
1409,21.3921,19.0691,13
1411,20.4813,19.0162,13
1412,20.1202,19.0737,13
1415,19.3313,19.6372,13
1416,19.7476,19.1013,13
1417,20.9597,18.4619,13
1418,20.6377,19.3934,13
1419,20.8608,18.4711,13
1420,20.3456,19.0553,13
1421,18.6298,19.8051,13
1422,20.5572,19.3589,13
1424,20.2536,19.1036,13
1426,20.9758,19.0944,13
1429,19.3727,19.5659,13
1430,19.7775,18.8828,13
1431,19.6211,19.1266,13
1433,20.5089,19.2945,13
1435,19.2715,18.4504,13
1436,19.8971,19.3244,13
1438,20.2789,18.6068,13
1439,20.2973,19.053,13
1444,20.3847,19.1197,13
1445,18.9288,19.2853,13
1447,20.4836,19.3175,13
1448,19.4256,19.306,13
1452,20.1777,19.1933,13
1454,18.8276,19.4279,13
1455,21.1805,19.2531,13
1456,19.6832,19.0139,13
1462,19.9523,18.8046,13
1463,18.9219,18.2756,13
1464,19.7936,19.3244,13
1465,20.8608,19.1979,13
1469,20.2375,19.3405,13
1470,20.364,18.2457,13
1472,21.123,19.1059,13
1474,20.1478,18.3768,13
1475,21.2679,19.1979,13
1476,19.7016,17.9766,13
1477,20.6262,18.9932,13
1480,19.9178,19.4279,13
1484,20.5135,19.3405,13
1487,19.5567,19.0599,13
1490,21.0402,19.1887,13
1492,20.0811,19.2301,13
1497,19.9385,18.1284,13
1498,19.8833,18.8529,13
2538,20.64,17.1739,13
722,14.9521,20.41,14
2799,14.4783,21.7647,14
2801,14.5358,22.388,14
2803,15.3822,21.7624,14
2812,15.1269,20.4468,14
2816,14.7865,22.2086,14
2817,14.6968,21.8751,14
2820,15.2672,21.422,14
2821,15.2534,20.9712,14
2828,14.6692,20.8608,14
2830,15.3132,21.5485,14
2832,15.2557,21.2265,14
2836,14.8601,22.2891,14
2838,14.8003,22.2086,14
2839,14.9958,21.8866,14
2840,14.6485,21.1368,14
2841,14.6002,21.8406,14
2842,14.982,21.0034,14
2843,15.1269,21.6566,14
2845,14.9429,21.4496,14
2847,14.6623,21.3277,14
2849,15.0901,21.3346,14
2854,14.66,22.2569,14
2857,14.5519,21.9878,14
2858,15.3799,21.3116,14
2867,14.9314,22.181,14
2868,14.177,21.3622,14
2869,14.3909,22.1925,14
2870,14.9613,21.2081,14
2875,14.4921,21.5531,14
2877,14.2529,21.6911,14
2881,14.3909,21.7141,14
2884,14.8877,21.9073,14
2885,15.4742,21.9694,14
2888,15.1706,21.7762,14
2891,14.844,22.0729,14
2892,15.2695,21.4933,14
2898,13.9999,21.6474,14
1907,4.908,29.2995,15
1914,4.7677,28.5727,15
1921,5.2254,28.5014,15
1945,4.6274,28.9177,15
1956,4.7999,28.368,15
1957,5.4462,29.2742,15
1966,5.897,29.2558,15
1978,4.5561,28.4784,15
1989,5.5911,28.6877,15
3,25.7529,5.1564,16
10,26.7373,4.4756,16
16,26.2198,5.7337,16
21,25.999,4.8551,16
28,25.677,5.9085,16
40,25.8955,5.4393,16
43,25.7161,5.5152,16
44,26.7212,4.7424,16
48,27.1168,5.6946,16
49,26.4958,5.9039,16
67,25.6356,5.6371,16
68,26.7718,5.5336,16
70,25.8587,5.2208,16
79,27.2249,5.5727,16
84,26.275,5.5888,16
92,26.344,5.9522,16
93,26.8224,5.667,16
94,26.1347,5.0161,16
608,23.0182,27.5423,17
610,22.802,27.3836,17
614,22.1603,28.483,17
616,22.6525,28.1564,17
629,22.4202,29.104,17
642,23.0573,28.5336,17
658,22.6019,29.4513,17
678,23.1056,27.724,17
695,22.8066,27.8321,17
2228,23.3747,28.3703,17
2245,23.2252,29.2466,17
104,16.7139,11.5849,18
105,17.259,11.7482,18
109,17.2038,11.7689,18
111,17.2866,12.2933,18
112,17.3694,11.5596,18
115,17.1026,13.1719,18
116,17.5212,11.8747,18
118,16.7898,12.2128,18
119,17.1233,11.6102,18
121,16.7714,11.3871,18
125,16.638,12.9649,18
129,17.6132,13.4686,18
130,16.7392,11.0306,18
132,17.3625,12.0035,18
137,17.5419,11.8885,18
144,16.9853,12.3186,18
145,16.8749,11.5182,18
148,16.5575,11.3388,18
152,16.845,12.9235,18
155,17.4384,12.2128,18
157,16.615,12.0702,18
159,16.7415,11.8793,18
160,16.8197,12.1162,18
161,15.9181,11.4124,18
166,17.1877,11.9828,18
168,16.8956,11.1065,18
170,16.8059,11.1318,18
178,17.2889,11.7873,18
181,17.4982,11.9552,18
186,17.0428,11.3595,18
189,17.1992,12.5969,18
190,16.9163,11.4929,18
191,17.3096,11.1893,18
194,16.3206,12.0679,18
197,16.7277,11.6654,18
1224,15.6122,11.8816,18
1308,17.6224,12.9212,18
1337,16.4425,12.935,18
1356,15.8721,12.8867,18
2999,5.8441,17.3993,19
3001,5.368,17.5005,19
3004,5.4899,17.2774,19
3005,5.6279,16.5667,19
3008,5.897,17.3625,19
3009,5.1173,16.7461,19
3010,5.6118,17.3809,19
3012,4.3192,16.661,19
3014,5.9223,16.9899,19
3015,5.7889,16.8933,19
3019,5.7498,17.0014,19
3022,5.4117,17.0819,19
3023,4.3307,17.2567,19
3027,5.253,16.8128,19
3038,5.0644,17.5649,19
3039,4.8758,16.5598,19
3041,5.7935,17.4499,19
3043,4.862,17.1118,19
3052,5.9453,16.7967,19
3054,5.4761,16.9186,19
3057,5.4531,17.4154,19
3058,6.1155,16.8772,19
3062,6.0442,17.0934,19
3069,5.1311,16.6817,19
3075,5.3542,17.2015,19
3082,5.3266,16.6725,19
3087,4.816,17.0037,19
3088,5.8901,16.9393,19
3091,6.0626,17.0865,19
3094,5.138,16.615,19
3095,5.736,16.9991,19
3096,5.276,17.2475,19
300,24.6972,24.4442,20
301,23.8945,24.9916,20
305,24.9111,24.8168,20
311,24.0486,25.4286,20
313,24.3499,25.1388,20
314,24.1498,24.6788,20
315,24.596,24.458,20
316,24.6075,24.6029,20
317,24.9134,24.6052,20
318,24.8513,24.4856,20
322,25.102,25.3205,20
323,24.8536,24.9525,20
326,25.2009,24.711,20
327,24.1222,24.6926,20
331,24.6397,24.251,20
335,24.7064,24.3476,20
339,24.6972,24.5523,20
346,25.3021,24.5201,20
347,24.5891,24.297,20
350,24.9088,24.9295,20
354,24.8007,24.5017,20
359,24.435,24.297,20
360,24.6512,24.9433,20
362,25.2308,25.3205,20
365,24.8996,24.5868,20
370,24.6098,24.7087,20
371,24.3752,24.4787,20
378,24.8191,24.9778,20
380,25.5045,24.5247,20
383,25.2722,24.7708,20
385,24.5914,25.5781,20
387,25.0675,24.4925,20
391,25.4953,24.9893,20
392,24.7593,24.366,20
395,24.3545,24.4028,20
397,24.7984,24.4787,20
2279,25.4976,25.1802,20
2288,24.8191,25.0031,20
600,21.1115,27.2065,21
602,20.4514,27.2134,21
605,21.0655,27.7194,21
630,20.5687,27.4618,21
632,20.8838,27.448,21
643,20.6607,26.7902,21
645,21.1805,26.8638,21
646,20.7987,27.1421,21
648,20.962,27.2042,21
655,20.6791,26.9512,21
657,20.732,26.7557,21
661,20.502,27.0478,21
663,21.2081,27.0915,21
669,20.6814,26.8477,21
670,20.3364,27.0018,21
675,21.2311,27.0984,21
676,20.9988,27.1329,21
680,21.0241,27.0294,21
682,21.215,27.241,21
687,21.215,27.4181,21
689,21.1575,26.7005,21
692,20.7044,27.4411,21
693,21.1506,27.5722,21
694,20.2007,27.0363,21
696,20.7849,27.5446,21
1,25.2653,6.2466,22
5,25.2722,6.8676,22
6,24.6535,6.2443,22
8,25.7437,6.3179,22
13,25.3021,6.1431,22
17,25.884,6.3294,22
19,24.7708,6.7572,22
22,25.0238,6.2742,22
23,25.8242,6.7848,22
24,25.4286,6.2834,22
26,24.6236,6.1178,22
29,25.539,6.3777,22
30,25.0491,6.0603,22
32,25.217,7.7531,22
35,25.2814,7.5461,22
36,24.8191,6.1316,22
38,25.0215,6.564,22
39,25.1618,6.3064,22
42,25.4562,6.702,22
45,24.4649,7.2471,22
47,25.7253,6.7296,22
50,25.1158,6.1914,22
51,25.6103,7.6197,22
53,24.7915,6.2627,22
55,25.4838,7.0148,22
56,25.4217,7.3138,22
64,24.8973,7.1919,22
65,24.7731,6.0925,22
73,25.5436,5.9844,22
78,25.5137,6.357,22
82,25.2446,5.9591,22
85,25.8748,6.5456,22
86,24.6328,6.7503,22
91,25.6954,5.9867,22
96,24.6305,6.8354,22
97,25.8035,6.1937,22
1084,24.7478,7.783,22
1086,24.8375,6.7871,22
2485,23.8761,6.3754,22
1706,26.6246,18.0847,23
1719,26.8776,18.6896,23
1723,26.8201,18.823,23
1724,27.1214,18.2595,23
1725,25.8518,18.6183,23
1733,26.252,18.4389,23
1734,27.1352,18.3906,23
1742,26.6062,18.2963,23
1749,27.0064,18.179,23
1751,27.2732,19.5176,23
1772,26.9282,18.1146,23
1775,26.6085,18.4205,23
1779,27.2111,18.6896,23
1791,26.8201,19.0576,23
1792,26.3371,18.1192,23
1794,27.1352,18.9265,23
2335,26.1002,19.7499,23
2385,27.2617,20.0374,23
110,16.96,10.6373,24
122,16.0676,10.8121,24
124,17.8984,9.945,24
126,16.4632,10.658,24
136,16.1251,10.6649,24
151,16.1895,9.968,24
158,15.6398,11.2284,24
164,16.845,10.6672,24
171,17.4913,10.428,24
172,16.3045,10.8765,24
173,17.4453,9.8668,24
176,17.466,10.4234,24
1199,16.2631,10.0255,24
1200,15.7525,9.738,24
1201,16.4425,10.9915,24
1204,16.2079,9.3884,24
1207,16.9738,9.439,24
1208,16.6932,10.5361,24
1210,17.1141,9.7311,24
1214,16.6564,9.9243,24
1226,15.5892,10.2141,24
1228,15.7594,9.6828,24
1235,16.3528,9.8783,24
1239,16.8496,9.5954,24
1241,16.3551,9.9703,24
1246,17.1348,10.2601,24
1252,16.4954,9.3907,24
1256,15.9664,9.991,24
1261,15.5984,9.8553,24
1264,15.9595,10.0186,24
1265,15.971,9.623,24
1271,16.4126,9.7656,24
1277,16.5621,9.5034,24
1279,16.0952,9.6184,24
1281,15.9871,9.8139,24
1284,15.9756,10.1865,24
1286,16.4931,9.3056,24
1287,17.1187,10.4602,24
1291,16.0216,9.6667,24
1292,15.5041,10.1865,24
710,14.0482,17.926,25
715,14.9153,18.1008,25
718,13.9447,17.88,25
728,14.7842,18.2319,25
729,14.3587,18.225,25
732,14.0781,17.9214,25
734,15.603,16.9301,25
735,14.3081,17.9881,25
740,16.0745,18.1054,25
744,14.4484,17.7811,25
746,14.2713,18.0893,25
756,14.8716,17.9076,25
757,14.1448,17.9214,25
758,15.5179,18.5286,25
759,15.8629,18.0272,25
761,14.5887,17.9467,25
762,14.223,18.0019,25
769,13.9792,17.4729,25
790,14.5105,16.8519,25
798,14.2897,16.8427,25
1328,16.0768,17.0313,25
1387,16.3597,17.1233,25
1390,15.0924,15.9894,25
1392,15.2925,16.4195,25
400,5.7912,19.7499,26
406,6.1868,19.2324,26
408,6.173,19.3359,26
410,4.9218,20.019,26
411,6.0672,19.8695,26
416,5.0897,19.8902,26
423,5.115,19.7499,26
425,5.0621,20.1478,26
426,4.7286,19.2761,26
427,5.3013,19.4233,26
428,5.5704,19.4716,26
433,5.3588,19.7062,26
434,5.7061,19.214,26
435,6.1638,19.766,26
436,4.931,20.0305,26
440,5.4393,19.6602,26
442,4.9839,19.5705,26
443,4.7723,19.8373,26
446,6.012,19.7706,26
451,5.4117,19.3405,26
452,4.9724,20.0167,26
453,4.5906,19.3014,26
459,4.9632,20.1248,26
460,5.2898,19.7545,26
470,5.4623,19.306,26
472,4.6987,19.5751,26
476,5.322,19.5705,26
482,5.6233,19.8304,26
483,5.3013,20.2444,26
496,5.7613,19.5889,26
239,9.5954,9.1469,27
247,10.1635,9.1239,27
257,9.6023,9.0526,27
282,10.1681,9.0802,27
1802,11.1985,8.3442,27
1803,11.0536,8.289,27
1817,10.474,7.9302,27
1821,10.4579,9.0204,27
1827,10.4993,8.9307,27
1829,11.1502,8.1924,27
1832,10.5384,8.1648,27
1836,10.5752,8.5903,27
1839,9.9634,7.8497,27
1842,10.6741,8.4684,27
1848,10.2693,8.289,27
1849,11.0812,8.4523,27
1850,10.2233,7.576,27
1856,10.1796,8.45,27
1860,10.7546,8.1694,27
1862,9.6368,8.1947,27
1864,9.7909,9.1561,27
1868,9.8829,8.772,27
1877,10.1796,7.9578,27
1879,10.9938,8.7145,27
1883,10.4924,8.8686,27
1886,10.474,8.588,27
1894,10.9501,8.6156,27
1400,19.7683,19.9868,28
1401,21.4864,19.7039,28
1403,21.6014,20.4905,28
1404,20.203,19.9592,28
1405,20.6975,19.8258,28
1406,19.6763,19.8626,28
1407,21.1506,20.1294,28
1408,19.6694,19.9776,28
1410,19.7821,20.2237,28
1413,20.7849,20.4767,28
1414,21.3369,19.7177,28
1423,20.8654,20.4491,28
1425,21.2541,22.0591,28
1427,20.9919,20.5618,28
1428,20.7251,19.5429,28
1432,19.536,20.0581,28
1434,21.3346,20.3134,28
1437,21.1161,19.5544,28
1440,20.7343,19.95,28
1441,21.2449,20.0374,28
1442,21.5646,20.4031,28
1443,20.3502,19.6694,28
1446,20.7021,19.7545,28
1449,19.8258,20.0972,28
1450,19.5682,19.881,28
1451,19.7798,20.1915,28
1453,20.2628,19.6855,28
1457,20.1777,20.0213,28
1458,21.1322,20.8033,28
1459,20.042,20.1915,28
1460,19.7867,20.5963,28
1461,20.9873,19.5958,28
1466,20.2375,20.0328,28
1467,20.6423,20.226,28
1468,20.7826,20.4997,28
1471,19.3865,20.4192,28
1473,19.3957,21.2173,28
1478,20.6837,20.3916,28
1479,21.1322,19.8557,28
1481,20.3502,20.0949,28
1482,19.2899,20.0949,28
1483,19.7246,19.8971,28
1485,20.939,20.3341,28
1486,19.7798,20.3134,28
1488,20.6998,20.7688,28
1489,21.3852,19.5659,28
1491,21.2633,19.6096,28
1493,20.18,21.3277,28
1494,20.3525,21.1966,28
1495,20.6837,19.8695,28
1496,20.939,20.893,28
501,26.8661,10.6672,29
506,26.6361,9.784,29
511,26.8615,10.3245,29
515,27.2479,10.1842,29
516,26.9857,10.5453,29
517,26.6338,10.1612,29
519,26.6223,10.2762,29
535,27.0386,10.037,29
536,27.4986,10.4234,29
540,26.6959,10.2394,29
541,27.0708,10.8144,29
544,27.6136,9.7426,29
545,27.0478,10.2854,29
546,26.873,10.3613,29
548,27.6297,10.0209,29
553,26.988,9.991,29
554,26.7189,10.2624,29
555,26.7718,10.267,29
558,26.9811,10.2969,29
563,26.5855,10.1451,29
564,27.1375,10.9432,29
566,27.3123,10.2532,29
570,27.0179,10.6166,29
572,27.563,10.2739,29
574,26.9443,10.865,29
579,26.7051,10.3406,29
580,27.4296,9.7426,29
582,27.3698,10.2279,29
586,27.0823,10.0876,29
587,26.8707,10.3475,29
590,27.0478,10.4809,29
518,26.8753,11.2882,30
526,26.6154,11.6355,30
531,27.2916,11.9713,30
532,26.7051,11.9782,30
538,26.9213,11.9966,30
543,27.2663,11.4952,30
547,26.9282,11.3917,30
576,26.4084,12.6866,30
584,27.2433,12.5624,30
592,26.6131,11.5734,30
1147,27.5561,13.2133,30
1151,26.0473,13.2018,30
1175,26.6384,13.4042,30
1704,28.1495,18.156,31
1707,27.7976,18.2917,31
1710,28.2415,18.3032,31
1715,28.2622,18.8943,31
1716,27.3146,18.0824,31
1728,27.7884,18.3492,31
1729,28.2898,17.9536,31
1731,28.2139,18.133,31
1732,27.5032,18.3975,31
1740,27.7056,18.7379,31
1743,28.0069,17.9053,31
1748,28.4117,18.1192,31
1755,28.6003,17.8593,31
1757,27.379,17.9076,31
1759,28.1196,18.2365,31
1760,28.1173,17.7259,31
1776,27.6021,18.9288,31
1780,27.2686,17.834,31
1783,28.046,18.0456,31
1797,27.6435,17.9789,31
270,10.4004,9.9749,32
1801,11.509,8.7743,32
1807,11.5665,8.9905,32
1812,11.5849,9.7656,32
1822,10.9018,9.2573,32
1828,10.8949,9.9036,32
1835,11.4078,9.1285,32
1840,10.9892,9.5747,32
1841,10.98,8.9146,32
1847,12.4152,9.8875,32
1851,11.3135,9.2159,32
1853,11.1571,9.8783,32
1857,11.8402,9.0135,32
1858,11.601,8.9813,32
1859,11.6378,8.9629,32
1865,11.647,9.163,32
1875,11.5481,8.8617,32
1881,11.0766,9.025,32
1882,11.8816,9.2872,32
1885,12.1967,9.3677,32
1889,11.3457,8.8111,32
1896,11.9851,9.6345,32
403,5.7406,22.066,33
409,6.7848,21.0448,33
412,6.3248,19.9684,33
417,5.7498,20.6883,33
418,6.0304,20.1501,33
422,6.1661,21.6704,33
429,5.7337,20.502,33
431,5.5244,20.4353,33
432,5.3473,20.3893,33
437,5.184,20.5963,33
438,5.6256,21.2702,33
439,5.9775,21.4726,33
444,5.1334,20.7734,33
449,5.9016,20.1225,33
450,6.1592,21.0908,33
454,5.4531,20.7067,33
456,6.5134,21.4151,33
457,5.3864,20.8355,33
474,6.1247,20.088,33
475,6.4214,20.571,33
478,5.8694,20.3709,33
479,5.7406,21.3898,33
480,6.1753,20.4284,33
484,6.2006,20.1892,33
486,5.5359,20.801,33
487,5.4209,21.2518,33
489,6.3455,20.0834,33
491,5.5681,21.0333,33
493,5.5566,20.3778,33
498,6.5709,20.4031,33
2069,6.5617,21.4841,33
699,13.5238,18.1077,34
700,13.7262,18.3699,34
702,13.5468,18.8805,34
705,13.8596,18.0525,34
707,13.8596,18.2733,34
711,13.05,18.2342,34
712,13.1995,16.9186,34
713,13.717,18.7103,34
717,13.027,18.3561,34
719,13.3628,19.2853,34
723,13.3375,19.4164,34
724,13.8849,18.8621,34
731,13.349,18.2342,34
736,13.1052,19.4624,34
738,12.8499,19.0645,34
742,12.6498,18.5792,34
743,13.4686,18.892,34
745,12.4152,19.2209,34
747,13.786,18.5217,34
750,13.2386,19.5958,34
751,13.464,19.3543,34
754,12.3209,18.0111,34
755,12.8338,18.2204,34
760,13.0454,19.0346,34
766,12.8384,18.984,34
767,13.901,18.1997,34
771,13.3513,18.5585,34
772,12.9097,19.2071,34
773,13.1972,19.4509,34
774,13.3927,17.2521,34
775,12.6245,19.3405,34
776,13.8297,18.9058,34
777,13.4272,17.9743,34
778,13.7515,19.0875,34
779,13.9378,18.6275,34
780,12.5164,17.8248,34
781,12.8545,19.1473,34
784,13.464,18.4964,34
785,13.5192,17.5327,34
786,13.1466,19.1312,34
787,13.3398,19.4417,34
788,13.6963,18.7977,34
793,13.6273,18.4987,34
795,13.188,18.6183,34
796,13.4939,18.3193,34
797,12.8729,18.7103,34
901,12.7027,19.559,34
2001,9.6713,20.6906,35
2008,9.3838,21.2357,35
2045,9.3125,20.8309,35
2047,9.9197,20.4928,35
2048,9.4597,21.0471,35
2049,9.4781,20.6239,35
2050,10.0048,21.4542,35
2053,9.9749,20.5388,35
2064,9.669,20.2674,35
2070,9.5333,21.3852,35
2079,9.1584,20.9436,35
2082,9.3608,20.9551,35
2092,9.9197,21.2012,35
2093,10.2716,20.3709,35
1701,27.8781,16.7806,36
1702,28.3933,16.822,36
1703,28.621,16.4632,36
1712,27.9862,17.3602,36
1713,28.1449,16.5598,36
1717,27.7378,16.9278,36
1720,27.9632,16.0469,36
1722,27.6504,17.1762,36
1726,27.7332,16.9968,36
1737,28.3542,16.6564,36
1738,27.6688,16.0009,36
1739,27.885,16.4747,36
1744,27.8942,16.9209,36
1754,28.6693,17.4775,36
1761,29.2926,17.4614,36
1762,28.6486,16.5667,36
1764,27.5124,17.0313,36
1767,27.7447,16.8749,36
1781,27.5423,16.4609,36
1784,27.6596,16.8726,36
1785,27.5216,16.5345,36
1789,27.563,16.9324,36
1790,28.0161,16.8726,36
701,13.9792,18.8575,37
703,14.016,18.8667,37
704,14.1379,18.9909,37
708,14.2391,19.5521,37
709,15.6007,18.9518,37
714,14.7221,19.1864,37
720,14.4622,19.5912,37
721,15.051,19.007,37
725,13.9562,19.5935,37
727,15.1637,19.3704,37
730,14.3426,19.7062,37
733,14.1632,18.7816,37
737,15.0648,18.6689,37
739,14.0344,19.0507,37
741,13.7262,19.8465,37
749,14.062,18.7701,37
752,14.1425,19.4003,37
753,14.0689,19.4233,37
763,15.3546,19.1772,37
764,14.6002,18.57,37
765,14.637,19.6464,37
768,15.2212,19.0461,37
770,15.3408,19.3888,37
782,13.924,19.3888,37
783,14.6485,18.7724,37
789,15.373,19.4371,37
791,13.8895,20.4261,37
792,15.2695,18.8069,37
794,13.8458,19.3543,37
2199,24.435,27.8137,38
2200,25.3136,28.0115,38
2206,24.4166,28.5175,38
2223,24.8375,27.8896,38
2225,24.5776,27.8206,38
2227,24.9341,28.2507,38
2235,24.849,27.5837,38
2237,24.7984,27.4687,38
2239,24.9962,27.8045,38
2240,24.5431,28.6923,38
2241,24.2993,28.5497,38
2247,24.136,28.4922,38
2248,24.9548,28.7107,38
2249,25.2032,28.3381,38
2254,25.2883,28.0391,38
2260,24.9571,28.4646,38
2263,24.4005,27.6872,38
2267,24.32,28.0989,38
2278,23.8485,28.0069,38
2280,24.8996,27.3928,38
2287,24.6052,27.655,38
2294,25.3711,28.2898,38
2296,24.7938,28.7429,38
1804,11.3319,8.0452,39
1805,10.6051,6.9044,39
1811,10.8443,7.7301,39
1818,11.4745,7.415,39
1824,11.2859,8.082,39
1826,11.946,6.8607,39
1833,11.4699,6.8929,39
1838,10.8075,7.3046,39
1843,11.4952,7.8451,39
1852,11.7275,7.484,39
1861,10.2141,7.4058,39
1866,11.1134,7.2264,39
1870,11.8333,7.1689,39
1872,11.5458,7.3667,39
1874,11.0329,7.3391,39
1887,11.3963,7.5185,39
1891,11.3641,7.0999,39
1892,10.9064,7.2655,39
1898,10.451,6.84,39
0,26.6614,7.3414,40
7,26.9834,6.633,40
9,26.4774,7.7416,40
11,27.1812,6.2972,40
25,27.3445,6.4697,40
27,27.126,6.1109,40
31,26.5924,6.0925,40
37,26.0105,6.8377,40
52,26.3026,6.7802,40
57,27.1306,6.9573,40
61,26.39,7.0401,40
66,26.5855,6.8423,40
75,27.7102,6.2535,40
88,26.4498,6.6997,40
98,26.0243,7.5576,40
976,11.3572,23.5587,41
2702,10.7523,25.4355,41
2706,10.9662,23.8646,41
2710,11.1755,25.9967,41
2711,11.0122,25.3412,41
2714,10.4326,24.5178,41
2717,10.7776,24.4902,41
2720,10.6787,23.9934,41
2721,11.4814,24.4327,41
2723,10.2762,24.6512,41
2724,10.9202,24.7708,41
2726,10.4142,24.5201,41
2731,11.0766,23.8715,41
2734,10.2762,24.4235,41
2735,10.9639,24.964,41
2736,10.5982,24.7616,41
2738,11.3664,23.8531,41
2739,10.3452,24.2947,41
2740,10.3567,24.3867,41
2743,11.7551,23.9796,41
2748,10.3452,24.6535,41
2753,11.0099,24.4534,41
2754,10.8903,24.734,41
2757,10.612,25.2032,41
2759,11.4009,23.9819,41
2761,11.555,25.0399,41
2762,10.819,24.8168,41
2764,11.0674,24.2165,41
2765,10.9041,24.0095,41
2771,11.003,24.2372,41
2773,11.3526,23.5058,41
2775,10.5315,24.9571,41
2776,11.0122,25.0905,41
2782,10.819,23.8324,41
2794,10.6258,24.2096,41
2798,10.3567,24.3154,41
193,17.098,13.5744,42
1299,16.6863,13.8642,42
1300,17.8731,15.143,42
1301,15.7617,14.3472,42
1302,16.6334,13.4295,42
1303,16.27,14.8532,42
1304,16.9692,14.7612,42
1305,15.9503,13.7331,42
1306,16.9048,13.8964,42
1307,16.4793,14.9981,42
1309,16.2516,13.2731,42
1310,16.7277,13.8688,42
1311,17.213,14.0137,42
1312,15.4466,14.9981,42
1313,16.0745,14.0022,42
1314,15.7571,15.258,42
1315,15.8629,14.7635,42
1316,16.7944,14.453,42
1317,16.5943,15.511,42
1318,17.1969,14.9521,42
1319,17.3349,15.1798,42
1320,15.5156,14.8808,42
1321,16.3114,14.9521,42
1322,15.9641,15.0694,42
1323,15.8008,14.2437,42
1324,16.6196,13.7768,42
1325,16.431,15.5317,42
1326,16.2171,14.9958,42
1327,15.4397,14.7842,42
1329,16.6679,14.5841,42
1330,17.3924,14.6232,42
1331,15.7985,13.7998,42
1332,16.1734,15.2212,42
1333,15.9733,15.7617,42
1334,16.4149,14.8532,42
1335,16.4103,14.3909,42
1336,16.983,15.7272,42
1338,15.603,16.1619,42
1339,15.7732,15.3293,42
1340,15.4765,14.0505,42
1341,16.6196,15.0165,42
1342,15.3086,14.89,42
1343,16.0952,14.3633,42
1344,16.4885,14.683,42
1345,16.1527,14.1218,42
1346,16.2171,15.0303,42
1347,16.4701,14.0137,42
1348,17.7995,14.1218,42
1349,15.6421,14.1678,42
1350,17.2176,14.821,42
1351,16.224,14.5174,42
1352,16.5276,15.1844,42
1353,16.086,14.8785,42
1354,17.466,15.1936,42
1355,14.9406,14.5013,42
1357,16.799,15.6168,42
1358,16.1067,14.4208,42
1359,16.2953,15.2189,42
1360,15.2971,14.6715,42
1361,17.0727,14.3242,42
1362,15.2948,14.7658,42
1363,16.6058,14.9912,42
1364,14.5588,14.4001,42
1365,16.2378,13.8435,42
1366,16.6886,14.7198,42
1367,16.1182,15.2534,42
1368,15.5823,13.8297,42
1369,15.2051,14.039,42
1370,16.0515,14.3081,42
1371,16.6265,15.0855,42
1372,16.2309,14.7497,42
1373,16.1711,14.4208,42
1374,17.3441,15.2258,42
1375,15.5938,15.0487,42
1376,17.9007,14.3127,42
1377,15.4949,15.3385,42
1378,16.3206,16.1596,42
1379,17.2797,14.9268,42
1380,16.4931,14.2437,42
1381,16.661,16.3896,42
1382,16.0101,14.7612,42
1383,16.2746,16.1412,42
1384,17.3027,13.6388,42
1385,16.7875,15.4029,42
1386,15.3431,15.4167,42
1388,16.224,15.4374,42
1389,16.5713,15.2764,42
1391,16.7806,14.6163,42
1393,16.7875,16.0653,42
1394,17.4568,14.2759,42
1395,15.6536,13.4456,42
1396,17.0083,14.1011,42
1397,16.3804,15.0372,42
1398,15.9388,15.1913,42
1100,25.9116,14.1609,43
1102,24.826,15.2971,43
1103,25.562,15.1476,43
1105,24.6052,14.9958,43
1106,25.2906,14.9567,43
1108,25.6931,15.4443,43
1109,24.8329,16.0377,43
1110,25.7943,13.947,43
1111,25.1871,14.5128,43
1113,24.4649,14.5496,43
1116,25.4194,14.4622,43
1117,25.4746,13.809,43
1119,25.8886,15.2695,43
1120,25.7322,15.6881,43
1122,24.8697,14.6393,43
1124,24.9824,14.9774,43
1125,24.8858,14.3196,43
1126,25.7092,15.0119,43
1143,25.6103,13.9378,43
1146,25.8886,14.1954,43
1150,25.2998,13.5905,43
1152,25.9323,14.8486,43
1154,25.7989,14.6715,43
1160,25.1204,14.2299,43
1163,25.3918,13.9976,43
1165,25.8311,15.5202,43
1167,25.3872,15.6628,43
1170,25.2814,14.2299,43
1171,25.4102,14.637,43
1178,25.7805,15.212,43
1182,24.9571,15.0303,43
1183,25.5597,13.9125,43
1188,25.8794,15.0211,43
1189,25.7897,15.1453,43
1193,24.9249,13.7607,43
1194,25.8242,14.6485,43
1196,25.608,15.7548,43
1197,25.3596,14.2069,43
1198,25.3412,13.9631,43
2502,25.5804,15.4167,43
2549,24.3039,15.4903,43
2552,24.0785,15.2833,43
503,25.7115,10.0508,44
504,26.367,10.3268,44
513,26.4291,10.3912,44
514,25.7598,9.3907,44
522,26.2543,10.3314,44
523,25.2377,9.7081,44
524,26.0312,10.06,44
528,25.8081,9.4574,44
530,25.5321,10.566,44
537,26.1577,9.5632,44
542,26.0197,10.9317,44
550,25.746,11.4331,44
551,25.7598,10.5614,44
557,26.1485,10.6166,44
562,26.0726,10.911,44
575,26.321,10.5407,44
578,25.6701,10.9225,44
585,26.1577,10.5292,44
588,26.3877,9.6989,44
589,26.3831,10.3038,44
594,25.7368,9.7403,44
595,26.0956,10.3751,44
596,25.8058,10.635,44
597,26.4245,10.2923,44
598,25.8357,10.451,44
2703,8.7766,25.2837,45
2707,10.0669,26.0749,45
2708,9.6069,25.0698,45
2709,9.5149,25.0882,45
2713,9.6184,25.3987,45
2716,8.6547,24.757,45
2718,9.4114,24.4695,45
2719,10.1796,24.6857,45
2725,9.2458,24.849,45
2727,9.9289,24.7915,45
2728,10.0439,24.3936,45
2730,10.4119,25.9737,45
2732,9.7886,24.5592,45
2733,9.9611,24.4396,45
2741,9.9082,24.849,45
2744,10.1313,25.0284,45
2746,9.4712,24.7915,45
2747,10.175,25.1779,45
2749,9.5839,25.4516,45
2750,9.5103,25.9369,45
2752,9.7679,25.0077,45
2755,9.2596,24.2211,45
2763,9.6276,24.3108,45
2766,9.1814,25.3895,45
2769,10.1244,25.0031,45
2770,9.7472,24.2947,45
2781,10.1773,24.7271,45
2786,9.5333,24.8697,45
2788,9.1814,24.9732,45
2793,8.8203,25.0905,45
2797,9.4528,24.5615,45
1499,8.4086,15.7893,46
1502,9.5586,16.7967,46
1507,7.8704,16.086,46
1515,8.6639,15.8514,46
1520,7.6956,16.2148,46
1522,7.8267,15.81,46
1528,9.4045,16.2194,46
1542,7.9624,16.04,46
1545,8.5535,16.5575,46
1550,8.1809,15.7571,46
1556,8.4983,16.224,46
1559,8.9008,16.017,46
1563,8.7191,15.7939,46
1566,8.8157,16.1021,46
1568,8.2959,15.6973,46
1574,9.301,16.2976,46
1576,7.5645,15.9089,46
1579,8.6455,16.5483,46
1582,8.6409,15.9135,46
1585,7.8152,15.649,46
1593,8.3603,16.7024,46
1594,8.8088,16.1159,46
324,23.7266,26.1094,47
351,24.1475,26.689,47
604,23.2206,26.8247,47
2202,23.8025,26.9719,47
2208,24.5891,27.4296,47
2213,24.3637,26.8707,47
2218,24.0325,26.4337,47
2230,24.0601,27.1904,47
2234,24.1291,27.4181,47
2250,24.2487,27.5078,47
2266,24.8559,27.1191,47
2268,23.745,27.4066,47
2286,24.0946,27.0938,47
2291,24.2441,27.6481,47
2292,24.6696,26.8523,47
2293,24.228,27.1076,47
2295,24.412,27.4043,47
2298,24.2717,27.6274,47
1205,14.4116,9.485,48
1209,14.6439,11.1433,48
1212,14.2368,8.9537,48
1218,14.016,10.1267,48
1222,15.0372,9.554,48
1225,15.0556,9.4896,48
1229,13.8918,9.2987,48
1231,14.5289,8.7306,48
1234,14.6945,8.6938,48
1237,13.9079,9.0181,48
1238,13.9125,10.6741,48
1240,14.8532,8.9238,48
1245,14.9268,10.3843,48
1248,15.1729,9.4965,48
1251,14.66,9.6989,48
1254,13.8136,9.5655,48
1259,14.384,9.9542,48
1260,14.5887,10.2279,48
1266,15.4811,9.5816,48
1269,15.189,9.1975,48
1270,15.0004,9.1791,48
1273,15.1844,9.7311,48
1274,15.2143,10.0071,48
1278,14.9314,9.9887,48
1283,14.4208,9.462,48
1285,15.1246,9.7978,48
1293,14.9452,8.7697,48
1294,14.4185,9.3102,48
1295,14.7658,8.7237,48
1297,14.6324,8.5857,48
1298,15.5386,9.8139,48
99,18.4941,12.5877,49
100,18.1606,12.5486,49
101,17.9628,10.4625,49
102,17.7558,12.1231,49
103,17.4867,10.6626,49
106,17.4959,11.5596,49
107,18.7908,10.497,49
108,18.3607,11.8287,49
113,17.9858,11.5067,49
114,18.0272,12.6176,49
117,17.512,10.9915,49
120,18.6137,11.3802,49
123,17.8041,11.7022,49
127,18.5125,11.8425,49
128,17.9306,12.1898,49
131,18.4642,11.7137,49
133,17.5557,11.2123,49
134,17.6868,11.4354,49
135,18.5171,9.876,49
138,17.8961,11.8057,49
139,18.2365,11.7666,49
140,18.1008,11.3641,49
141,18.3653,12.0633,49
142,19.3635,11.6286,49
143,17.9237,11.5573,49
146,18.0272,11.9621,49
147,17.6293,11.3503,49
149,18.2388,11.4676,49
150,17.811,11.4768,49
153,17.4637,10.8213,49
154,17.6339,10.8144,49
156,17.9421,11.8057,49
162,17.8363,11.8563,49
163,17.696,11.9414,49
165,18.5378,11.6516,49
167,18.4527,11.2468,49
169,18.1422,11.9966,49
174,17.5396,11.4791,49
175,17.7328,11.21,49
177,18.4803,12.0955,49
179,18.3883,10.0025,49
180,17.6523,11.509,49
182,17.5948,11.3848,49
183,17.7328,11.6562,49
184,19.3934,12.5601,49
185,17.9651,12.5256,49
187,17.6086,11.7206,49
188,18.9817,11.6999,49
192,18.9403,11.6999,49
195,18.4343,12.4474,49
196,18.3124,11.6631,49
198,18.2457,13.0201,49
1202,16.1205,8.9905,50
1203,16.3252,8.5903,50
1206,16.2838,8.841,50
1211,15.4558,8.45,50
1213,15.2649,8.2131,50
1215,16.4287,8.9169,50
1216,16.0607,9.1584,50
1217,14.5634,7.2057,50
1219,16.2723,9.1032,50
1220,15.442,8.0222,50
1221,16.6794,8.2844,50
1223,15.7594,8.4017,50
1227,15.9595,9.3562,50
1230,16.9669,8.519,50
1232,14.6761,7.898,50
1233,15.5409,9.347,50
1236,16.0032,8.6087,50
1242,15.5938,8.5144,50
1243,16.4172,9.14,50
1244,16.3896,8.588,50
1247,16.8312,8.5719,50
1249,15.6421,8.8663,50
1250,15.6099,8.8709,50
1253,15.7824,8.5811,50
1255,15.3638,8.9238,50
1257,15.3293,8.6685,50
1258,14.9314,7.9095,50
1262,16.1297,8.9146,50
1263,15.6881,7.9187,50
1267,15.6789,8.818,50
1268,15.764,8.9169,50
1272,15.7479,9.3424,50
1275,16.2148,8.3258,50
1276,15.6306,9.2182,50
1280,16.0722,9.0227,50
1282,16.1826,8.8962,50
1288,15.4696,8.841,50
1289,15.5915,9.3033,50
1290,16.224,8.9514,50
1296,16.3459,8.5696,50
210,8.9514,11.0628,51
211,8.8456,10.3866,51
212,8.6869,11.0007,51
215,9.1515,10.796,51
220,8.8295,10.4648,51
222,9.2021,11.0076,51
225,8.8456,11.5619,51
226,9.209,11.0467,51
227,8.588,11.0329,51
230,9.1584,10.8535,51
232,8.6271,11.8379,51
235,8.8042,10.3015,51
236,8.8272,11.0283,51
237,9.715,9.9151,51
248,9.4344,12.3485,51
251,9.002,11.1433,51
262,9.1837,9.8484,51
269,8.9905,10.8006,51
271,8.9215,10.0577,51
272,8.4914,10.2233,51
273,9.5678,10.5683,51
275,9.2527,10.8558,51
277,9.3102,11.6539,51
281,9.2435,10.6212,51
284,9.071,10.2187,51
287,9.0089,10.3958,51
290,8.7927,10.0876,51
291,8.4592,10.3337,51
293,9.1722,10.5729,51
295,8.8019,11.3342,51
1599,10.9892,13.0615,52
1600,12.0771,13.7607,52
1601,12.1921,14.6209,52
1602,12.0081,16.1136,52
1603,11.21,14.2874,52
1604,13.1903,13.4502,52
1605,10.4579,13.5376,52
1606,11.4055,15.5892,52
1607,12.3117,13.7078,52
1608,12.2542,15.0901,52
1609,11.785,14.7888,52
1610,11.3181,14.6347,52
1611,12.5486,13.9585,52
1612,11.3043,14.4553,52
1613,11.6562,14.9843,52
1614,11.3664,13.7814,52
1615,11.6447,15.5271,52
1616,10.9478,15.9388,52
1617,12.9649,15.1913,52
1618,11.0904,14.6163,52
1619,11.762,13.4732,52
1620,11.9575,14.5289,52
1621,10.9225,15.0993,52
1622,12.8177,14.7014,52
1623,11.2284,14.6531,52
1624,10.589,14.1379,52
1625,10.842,14.0896,52
1626,11.7459,15.166,52
1627,11.4446,13.0132,52
1628,10.4924,14.5266,52
1629,11.7459,14.154,52
1630,11.1778,14.3702,52
1631,12.3807,13.5951,52
1632,13.0132,14.1954,52
1633,10.8374,14.2989,52
1634,12.4175,13.3053,52
1635,13.1765,14.6922,52
1636,10.9455,14.8854,52
1637,11.9989,13.6756,52
1638,12.1553,14.4047,52
1639,13.1397,14.5427,52
1640,11.3641,15.1913,52
1641,11.5182,15.2626,52
1642,11.5274,15.1131,52
1643,11.6884,15.0119,52
1644,12.6107,14.959,52
1645,11.1686,15.5133,52
1646,12.774,14.4231,52
1647,11.6056,14.66,52
1648,11.8287,15.5363,52
1649,11.5688,15.649,52
1650,12.0909,15.1476,52
1651,10.6741,14.2184,52
1652,11.9966,13.7446,52
1653,11.3526,14.6301,52
1654,11.1111,14.1724,52
1655,12.912,13.878,52
1656,10.4395,14.5565,52
1657,12.5693,14.338,52
1658,11.2767,13.2064,52
1659,12.9074,15.7755,52
1660,10.7776,13.8711,52
1661,11.1778,14.1839,52
1662,11.8264,14.3656,52
1663,12.498,14.5036,52
1664,11.4009,13.6963,52
1665,11.4515,14.3495,52
1666,11.1157,13.2869,52
1667,10.6695,14.2506,52
1668,11.5527,13.8734,52
1669,12.4819,13.6871,52
1670,11.6171,15.718,52
1671,11.7436,13.8964,52
1672,11.4745,13.1673,52
1673,11.5297,14.0528,52
1674,12.0725,13.3904,52
1675,10.7086,15.4696,52
1676,11.6907,14.4438,52
1677,12.9718,15.3362,52
1678,12.0955,12.8568,52
1680,10.7408,14.5588,52
1681,12.1714,15.4052,52
1682,11.762,13.9447,52
1683,11.0973,13.1328,52
1684,12.222,14.6623,52
1685,11.7344,14.1402,52
1686,12.4037,14.4093,52
1687,12.1415,15.4742,52
1688,11.3595,14.3817,52
1689,12.6751,14.798,52
1690,11.9644,14.2322,52
1691,13.4203,13.5146,52
1692,11.9414,14.6255,52
1693,11.4055,14.6439,52
1694,10.2233,13.4893,52
1695,11.8356,15.4719,52
1696,11.2836,13.8159,52
1697,10.5476,14.0666,52
1698,11.946,15.0188,52
2099,14.2138,27.5331,53
2100,14.3173,27.5768,53
2101,15.2074,28.1196,53
2103,14.2276,27.4802,53
2106,14.3587,26.7994,53
2108,14.1655,27.2617,53
2113,14.4737,26.965,53
2114,15.4719,26.8868,53
2121,14.0068,28.3795,53
2122,13.464,27.5055,53
2124,14.7359,27.4825,53
2125,14.1885,27.6826,53
2127,15.6881,26.9742,53
2128,13.0753,28.7199,53
2132,14.4254,27.8022,53
2134,14.9406,27.6757,53
2139,14.7359,27.5722,53
2145,14.0666,26.9903,53
2146,13.4801,27.5791,53
2148,14.5611,26.9167,53
2149,14.4737,26.8224,53
2154,14.729,27.4756,53
2155,15.1177,27.7953,53
2158,13.9953,26.8615,53
2161,14.2368,26.9742,53
2163,14.6738,27.7746,53
2170,13.9631,27.5032,53
2173,14.5059,27.3077,53
2174,14.0873,28.6118,53
2177,14.0804,27.5331,53
2178,14.8854,26.9443,53
2186,13.0592,28.0368,53
2188,13.2317,27.8551,53
2196,13.7538,27.9471,53
2198,14.4806,27.5561,53
499,28.0805,10.5315,54
500,27.3445,11.2123,54
505,28.2346,10.4165,54
512,27.7148,11.1755,54
521,29.5939,9.738,54
525,27.9471,11.1686,54
534,27.9264,10.7109,54
552,27.7447,10.9708,54
556,27.402,10.9087,54
561,28.1817,10.8673,54
569,28.1518,10.5453,54
571,27.8942,10.4786,54
577,27.9287,10.9938,54
581,28,10.8903,54
1503,8.0567,14.7428,55
1505,7.7416,15.3707,55
1508,7.5139,13.8044,55
1510,8.1671,15.3362,55
1511,7.4679,15.0625,55
1516,7.5116,15.1522,55
1518,8.5236,14.3472,55
1521,7.8888,15.1039,55
1529,7.944,13.0891,55
1532,7.8267,15.35,55
1533,7.7094,14.637,55
1539,8.3787,14.6278,55
1541,8.3672,14.8762,55
1544,7.9302,14.6876,55
1548,8.6133,14.0459,55
1549,7.8428,14.4507,55
1560,7.2448,15.0096,55
1562,8.2614,15.2465,55
1571,8.519,14.9751,55
1578,8.1257,15.3546,55
1581,7.783,14.775,55
1584,7.2126,15.488,55
1589,7.7462,15.2833,55
1590,7.3713,15.4029,55
1592,8.4316,15.2994,55
1596,7.645,14.9452,55
1597,8.059,14.476,55
2201,26.0795,28.0667,56
2203,25.4148,27.2663,56
2205,25.2216,27.1743,56
2209,25.5597,26.9328,56
2214,25.1963,27.2479,56
2216,25.7506,27.0731,56
2219,25.4378,27.5952,56
2224,25.2952,27.057,56
2226,25.1917,27.563,56
2233,26.1899,28.0414,56
2236,25.7736,27.4549,56
2243,25.6862,27.7378,56
2244,25.9944,27.0202,56
2252,25.3389,27.8574,56
2255,26.5119,27.8436,56
2256,25.2262,27.5193,56
2257,25.4171,27.1099,56
2258,25.5712,27.3077,56
2259,26.0634,27.0685,56
2269,25.5367,27.8045,56
2270,25.4286,28.0506,56
2273,25.884,27.9586,56
2276,25.9622,27.0064,56
2277,25.7414,28.1334,56
2281,25.6701,27.126,56
2283,25.4309,27.8873,56
2284,27.1099,27.0593,56
2285,25.4815,27.2479,56
2289,25.2607,27.3514,56
2297,25.1411,27.0064,56
1115,26.6292,16.3804,57
1133,26.3946,16.7967,57
1135,26.1853,16.1872,57
1169,27.1812,16.3298,57
1699,26.9995,17.3234,57
1700,27.1398,16.4471,57
1705,26.8132,17.7052,57
1708,26.7005,16.9232,57
1709,26.8891,17.0428,57
1714,26.5441,17.3441,57
1718,27.0662,16.6311,57
1721,27.0961,17.3671,57
1727,27.0846,17.075,57
1730,27.0478,17.8271,57
1735,26.9972,17.1831,57
1736,26.9926,17.1923,57
1745,26.7488,16.0814,57
1746,26.3118,16.2907,57
1747,27.1628,16.73,57
1750,26.551,17.6247,57
1752,26.7166,17.5143,57
1756,26.6154,17.7834,57
1758,27.4549,17.4959,57
1763,27.2824,17.1394,57
1765,27.1513,17.236,57
1766,26.919,16.27,57
1768,26.6729,17.3441,57
1774,27.0524,17.6385,57
1782,27.4043,17.0865,57
1786,27.2571,16.9623,57
1787,27.0248,17.4913,57
1788,27.4963,17.4062,57
1796,27.1881,17.6339,57
2006,8.6754,19.7982,58
2019,8.9859,19.1082,58
2023,8.8318,20.3847,58
2032,8.9238,20.2444,58
2034,8.9583,20.3226,58
2051,8.9169,19.8419,58
2076,8.6915,20.3778,58
2080,9.8783,19.5567,58
2091,8.4201,19.6993,58
399,4.057,21.4519,59
401,3.9719,19.8787,59
404,4.9172,20.7688,59
405,4.3951,20.1363,59
407,4.8045,21.1989,59
413,4.7424,20.41,59
414,4.6665,20.4514,59
415,4.3491,20.2697,59
419,4.2962,20.9275,59
420,4.1973,20.4997,59
421,4.3192,20.1708,59
424,5.0069,20.8263,59
445,4.2594,21.0816,59
447,4.5676,19.9776,59
448,4.2042,20.9942,59
458,4.4756,20.2766,59
461,3.9604,21.5669,59
462,3.9627,20.8884,59
465,3.8293,20.8424,59
467,3.896,20.065,59
468,4.3376,19.7821,59
477,4.8758,20.4468,59
481,3.6499,20.364,59
490,4.1904,21.2265,59
492,4.793,20.364,59
495,4.7677,20.5503,59
497,2.907,20.5641,59
1173,25.1089,16.9025,60
1186,24.5362,16.9117,60
1711,25.9944,16.6863,60
1741,25.9139,17.949,60
1769,25.8058,17.2751,60
1773,26.1554,17.5764,60
1777,25.677,17.9214,60
1778,26.0565,17.1831,60
1793,25.9208,17.8547,60
1795,25.8311,18.0295,60
1798,25.7897,17.7328,60
2591,24.4787,17.9421,60
706,12.6291,20.134,61
716,12.9948,20.7136,61
726,12.9925,20.2927,61
748,12.6268,19.7108,61
899,11.9759,20.5894,61
902,12.6613,21.0356,61
903,11.5343,19.5636,61
908,11.9805,21.1069,61
911,12.5187,21.1506,61
914,12.4267,21.1414,61
924,12.2404,21.2472,61
933,12.0679,20.8286,61
936,12.6935,20.732,61
939,11.9759,20.8769,61
940,13.5422,20.5457,61
944,12.1323,20.9252,61
945,12.291,21.1368,61
949,12.1714,20.7826,61
950,13.0983,20.8539,61
951,12.8223,21.0218,61
953,12.4221,20.8056,61
958,12.36,20.5779,61
960,12.3071,20.9252,61
974,12.0426,21.215,61
982,12.7717,21.0057,61
985,12.7142,21.1782,61
986,11.6033,19.4785,61
991,12.452,20.4767,61
995,12.0472,20.6377,61
996,11.8862,20.8746,61
309,25.4332,25.4953,62
310,25.953,26.1692,62
340,26.0036,25.7782,62
375,24.6581,25.861,62
2207,25.4194,26.6568,62
2210,24.7616,26.4866,62
2217,26.1048,26.1876,62
2222,25.1825,26.3578,62
2271,24.9065,26.6867,62
2600,24.2441,11.5734,63
2603,23.9543,11.5849,63
2605,24.0417,11.7804,63
2613,22.9791,11.5803,63
2621,23.2137,12.5578,63
2624,23.0228,11.9667,63
2632,23.5518,12.2174,63
2633,22.9032,11.5274,63
2642,23.607,12.1553,63
2648,23.2459,11.8011,63
2650,23.1539,11.417,63
2653,23.2252,11.9989,63
2655,23.8577,11.8126,63
2658,23.4483,12.1691,63
2659,23.0826,12.4566,63
2660,23.0044,11.4331,63
2663,24.1981,10.8604,63
2664,23.1677,12.3209,63
2667,22.9216,11.6309,63
2671,22.8963,11.7505,63
2673,23.2712,12.3209,63
2679,23.8094,12.4106,63
2684,23.722,11.7367,63
2692,24.0946,11.9874,63
2695,22.963,11.9,63
2698,23.2321,12.0426,63
904,12.2059,21.5899,64
905,12.4152,21.9395,64
906,13.188,22.3167,64
915,12.4382,22.0959,64
916,13.7975,21.3392,64
919,12.7326,22.1971,64
922,13.3099,21.0333,64
923,12.6475,21.6497,64
927,12.4428,21.8636,64
930,13.4801,21.077,64
931,13.073,21.5301,64
934,13.2639,21.6405,64
948,12.774,21.7049,64
954,12.1806,22.2063,64
956,12.222,21.5393,64
959,13.3375,21.8245,64
961,13.487,22.089,64
964,12.8844,22.0706,64
965,12.6866,22.0131,64
968,12.9925,21.3714,64
969,12.8177,22.1994,64
970,12.6337,21.8176,64
973,12.8315,22.0223,64
978,12.9235,21.675,64
979,12.6222,21.6175,64
980,13.4571,21.1851,64
981,13.2685,22.1925,64
983,13.4111,21.8889,64
984,13.2087,22.2408,64
990,12.8292,22.986,64
997,12.6291,22.0752,64
502,26.6476,9.2412,65
507,27.3077,9.2964,65
508,26.7143,9.4712,65
509,25.953,8.2131,65
510,27.3445,9.3769,65
520,26.482,9.6644,65
527,26.6936,8.9675,65
529,27.3169,9.117,65
533,26.7626,9.6253,65
539,27.2433,9.1561,65
549,27.0869,9.3033,65
559,26.5694,9.2274,65
560,27.6757,9.5816,65
565,27.31,9.3401,65
567,26.9098,8.2798,65
568,27.0179,9.6023,65
573,27.0432,9.6,65
583,26.9052,9.0319,65
591,26.7741,8.8272,65
593,26.7557,8.8387,65
14,23.3609,5.6601,66
74,23.1838,5.7314,66
1022,22.4639,6.6353,66
2399,22.6801,4.5492,66
2400,22.2454,5.8211,66
2401,22.0936,6.1063,66
2402,22.9837,6.2075,66
2403,21.2196,5.7636,66
2404,20.3709,6.0534,66
2405,23.1792,5.0713,66
2407,21.5025,5.4853,66
2408,22.9193,4.3583,66
2409,21.3392,5.7406,66
2410,22.3282,5.3519,66
2411,21.8153,5.2323,66
2412,22.2132,4.6412,66
2413,21.4519,4.701,66
2414,22.5651,6.0718,66
2415,21.8659,6.0028,66
2416,22.6755,4.6021,66
2417,20.0857,6.1937,66
2418,20.9988,5.2645,66
2419,22.1925,6.4467,66
2420,22.0982,6.0925,66
2421,22.135,5.9821,66
2422,22.9492,4.6412,66
2423,22.963,4.5193,66
2424,22.1879,5.8441,66
2425,20.8401,5.6946,66
2426,21.6589,6.6928,66
2427,22.1695,5.3703,66
2428,22.158,6.104,66
2429,21.2081,4.8758,66
2430,21.5347,5.2714,66
2431,21.2725,4.5607,66
2432,22.6617,6.4421,66
2433,22.5007,5.3381,66
2434,21.5071,5.0897,66
2435,22.3466,6.1316,66
2436,21.4519,3.8776,66
2437,23.5403,6.1569,66
2438,22.2224,4.6734,66
2439,21.3185,5.9177,66
2440,21.1575,4.8804,66
2441,22.2431,5.3795,66
2443,22.4547,6.2811,66
2444,22.5674,4.7677,66
2445,21.7739,4.0938,66
2446,21.8199,5.8234,66
2447,21.6589,5.4646,66
2448,21.3576,6.4306,66
2449,23.2689,6.0051,66
2450,22.7537,5.5934,66
2451,22.1695,5.7728,66
2452,22.5812,5.0437,66
2455,22.7606,5.9407,66
2456,21.8705,4.1858,66
2457,23.1194,5.621,66
2458,23.0527,5.1702,66
2459,23.0159,5.9131,66
2460,22.0568,5.782,66
2461,21.9027,4.701,66
2462,21.6589,5.8602,66
2463,21.8475,6.7549,66
2464,20.341,5.5658,66
2465,21.8774,5.2231,66
2466,21.8682,4.8482,66
2467,22.0729,5.2691,66
2468,21.9257,5.4048,66
2469,21.5692,4.5561,66
2470,22.2086,5.5221,66
2471,22.5421,5.874,66
2473,23.0205,5.2093,66
2475,22.5352,5.8878,66
2476,23.2505,5.1886,66
2478,20.7504,5.2898,66
2479,22.4432,4.0892,66
2480,22.2569,5.9798,66
2481,22.2707,5.5773,66
2482,21.859,4.8827,66
2483,22.6456,6.702,66
2484,23.2919,5.1196,66
2486,22.296,6.0051,66
2487,21.8153,6.0718,66
2488,21.7371,5.3979,66
2489,22.6571,5.2806,66
2490,22.3903,6.3869,66
2491,22.2247,5.6302,66
2492,22.2201,5.4071,66
2493,21.2311,5.9867,66
2494,21.767,6.2696,66
2495,21.7233,6.5387,66
2496,22.2569,5.8441,66
2497,21.583,3.7925,66
2498,21.2541,5.5934,66
609,21.5922,26.873,67
622,21.5485,26.9213,67
623,21.7831,26.7511,67
626,22.5835,26.4222,67
627,21.7785,26.712,67
636,21.7325,26.5901,67
640,22.1672,26.9926,67
641,21.8268,26.7649,67
647,21.7624,26.5832,67
650,21.7302,26.0588,67
659,22.3075,26.2497,67
666,21.8774,27.241,67
681,21.974,27.2042,67
686,21.8222,27.1835,67
697,21.4519,26.85,67
1899,4.3629,28.2208,68
1905,5.2737,27.8206,68
1920,4.9402,27.2088,68
1922,5.2116,27.6941,68
1928,5.092,27.5538,68
1935,4.9379,27.7424,68
1942,4.1329,28.3266,68
1943,5.138,27.678,68
1947,4.6251,27.8045,68
1948,5.0345,27.6366,68
1951,4.8321,28.1035,68
1953,5.0966,27.3445,68
1955,4.6458,27.6711,68
1961,5.0644,27.5676,68
1967,5.0092,27.1651,68
1974,5.2599,27.9471,68
1975,4.5676,27.9172,68
1979,5.2001,28.046,68
1985,5.0506,27.5699,68
1991,5.1081,27.5147,68
1992,4.3905,27.8252,68
1993,4.8505,27.9793,68
1000,22.2224,8.2131,69
1004,22.9768,8.2591,69
1009,22.641,8.4362,69
1017,22.4248,7.6542,69
1018,22.7721,8.151,69
1020,22.5743,8.5374,69
1021,22.3259,7.8635,69
1030,22.5007,8.2476,69
1031,22.6203,8.9169,69
1032,21.8958,8.9905,69
1033,22.4133,8.4132,69
1034,22.1465,8.4339,69
1039,22.9147,7.8152,69
1042,21.9602,8.3764,69
1046,21.8866,8.9652,69
1047,22.5835,8.5029,69
1048,21.7785,7.1482,69
1052,22.0131,8.3603,69
1053,22.3213,9.0112,69
1064,21.5761,7.8773,69
1065,23.0389,7.1942,69
1067,22.5398,8.1211,69
1068,22.2523,7.599,69
1077,22.8572,7.9302,69
1078,22.6042,8.8387,69
1080,21.3829,8.8571,69
1083,22.5904,8.4201,69
1085,22.3282,7.99,69
1090,22.3236,8.1556,69
1091,23.2206,6.8515,69
1093,22.8089,7.9923,69
1094,21.6083,7.2655,69
2406,21.813,7.0953,69
2453,22.9814,6.8515,69
2454,22.6364,6.8653,69
2472,20.1501,7.231,69
2474,21.8406,7.001,69
258,6.0695,9.669,70
2899,6.2144,11.6723,70
2900,5.8073,11.3227,70
2901,5.5474,10.2233,70
2903,5.4117,11.0053,70
2905,6.2282,10.1543,70
2907,5.4991,9.5954,70
2916,5.2829,10.1911,70
2918,5.4255,11.8103,70
2920,4.9126,10.589,70
2924,5.2875,10.1497,70
2927,4.8758,10.9915,70
2928,6.1316,9.3102,70
2930,5.5773,9.5034,70
2931,5.5474,10.2647,70
2933,6.1201,9.4137,70
2935,4.6596,11.0214,70
2936,5.5819,9.9933,70
2937,5.1058,11.5274,70
2939,5.897,10.2325,70
2940,5.4899,10.957,70
2944,6.2673,10.819,70
2946,5.8924,10.6465,70
2947,5.2737,10.98,70
2949,5.9798,9.3447,70
2950,4.7378,10.6833,70
2951,5.644,10.6327,70
2953,5.2576,10.957,70
2955,6.1247,10.6741,70
2956,5.9821,9.4137,70
2959,5.4876,10.7247,70
2961,6.081,10.1612,70
2962,5.069,10.8397,70
2967,6.3662,9.4045,70
2969,5.552,9.715,70
2971,5.1196,10.2118,70
2972,5.7222,10.5177,70
2975,5.4692,10.0094,70
2976,6.1109,10.6695,70
2977,4.3422,11.5504,70
2980,5.5566,11.1801,70
2981,5.6578,9.3424,70
2983,4.632,11.6723,70
2984,5.0115,10.3981,70
2985,5.6555,10.2969,70
2986,4.9885,10.6557,70
2987,5.7636,10.5085,70
2988,5.483,11.1111,70
2989,5.7935,10.6005,70
2990,5.0092,11.5159,70
2992,5.7222,9.7472,70
2993,6.2144,9.8277,70
2994,5.4899,10.7086,70
2995,5.2323,10.198,70
2997,4.6872,11.7666,70
2998,5.5198,10.1681,70
1012,22.9722,10.1681,71
1061,23.3632,10.0255,71
1072,21.997,10.0048,71
1073,21.9188,9.7058,71
1079,22.5421,9.6506,71
1089,23.3586,9.9243,71
2599,22.7215,11.1134,71
2601,23.0159,10.9478,71
2604,21.8222,10.9639,71
2607,22.5191,11.2744,71
2608,22.3903,11.2629,71
2609,22.7606,11.4193,71
2610,22.4938,11.4699,71
2611,22.4432,11.1341,71
2616,23.4253,10.8558,71
2620,22.7974,10.7477,71
2625,21.7394,10.7822,71
2629,22.687,10.8949,71
2635,22.6318,10.7615,71
2643,23.308,11.0191,71
2644,23.9451,10.2923,71
2647,21.997,10.8144,71
2656,23.1792,11.1111,71
2662,22.7514,11.2008,71
2669,22.1672,10.8006,71
2672,22.917,11.1272,71
2676,22.2868,10.52,71
2680,22.4639,11.3641,71
2685,22.7399,11.5044,71
2688,22.457,11.3158,71
2690,21.8544,11.164,71
2694,23.1723,11.2399,71
1099,27.6389,14.4967,72
1101,26.5073,14.9268,72
1104,26.4084,14.6163,72
1107,26.7074,13.8573,72
1112,26.2014,13.4732,72
1114,26.4061,14.5312,72
1118,26.965,15.0717,72
1121,26.0887,15.8997,72
1123,26.8638,13.9171,72
1127,26.3693,14.5795,72
1128,26.5533,15.0418,72
1129,26.0381,14.3242,72
1130,27.7194,13.7998,72
1131,26.1807,14.8026,72
1132,26.9029,14.6439,72
1134,26.5648,15.603,72
1136,26.4245,14.9176,72
1137,27.3376,14.6301,72
1138,26.1255,13.8918,72
1139,26.0749,14.5151,72
1140,27.6228,15.2741,72
1141,27.0018,14.8417,72
1142,26.1807,15.2396,72
1144,26.7074,15.1568,72
1145,27.0317,14.4323,72
1148,27.1007,14.5243,72
1149,26.9259,15.5639,72
1156,26.39,13.8021,72
1157,26.1462,15.0786,72
1158,27.149,14.3058,72
1159,26.9213,14.5473,72
1161,26.3095,14.5404,72
1162,26.068,14.4392,72
1164,26.5441,14.4852,72
1166,26.9604,14.8486,72
1168,26.3095,15.8422,72
1172,26.0634,14.7336,72
1174,26.6614,15.7088,72
1176,26.4383,15.0418,72
1177,26.7534,14.9383,72
1179,26.1853,14.4668,72
1180,26.3118,14.5427,72
1181,26.1071,13.4548,72
1184,26.7925,14.2345,72
1185,26.6453,15.3546,72
1187,26.6522,14.2115,72
1190,26.7534,15.6398,72
1191,26.2957,15.5087,72
1192,26.9535,15.5133,72
1195,26.4084,15.2212,72
1753,27.0386,15.8077,72
1770,26.1646,15.9687,72
1771,27.4687,15.6329,72
2,25.2285,4.7447,73
4,24.0785,5.6693,73
12,25.4999,5.6739,73
15,25.5482,5.7107,73
18,24.4649,5.7521,73
20,25.3274,5.6463,73
33,25.2492,5.6486,73
34,24.941,5.0184,73
41,24.8375,5.4416,73
46,24.6328,5.3473,73
54,25.0997,5.8004,73
58,24.3338,5.1679,73
59,24.6236,5.6877,73
60,25.5183,4.8229,73
62,24.3039,4.8827,73
63,25.5275,4.9333,73
69,24.8536,5.5152,73
71,25.2538,5.5727,73
72,25.4838,4.9333,73
76,25.1204,4.6504,73
77,25.2538,5.5681,73
80,24.6581,5.9936,73
81,25.1894,5.4991,73
83,24.8007,4.4158,73
87,24.8766,4.4664,73
89,25.148,5.9292,73
90,24.5914,5.8004,73
95,25.263,5.3082,73
2442,23.5955,5.3795,73
2204,24.9663,29.15,74
2211,25.7759,28.6923,74
2212,26.6936,28.1863,74
2220,25.7138,28.7935,74
2221,26.1416,28.5451,74
2229,25.9599,28.5796,74
2231,25.4815,29.3616,74
2232,24.5385,29.7963,74
2238,25.7943,28.4807,74
2242,26.0772,28.7268,74
2246,25.6195,29.8538,74
2251,26.4567,29.012,74
2253,26.2635,28.6946,74
2261,25.0997,29.0787,74
2262,25.1687,29.1247,74
2264,26.3831,29.2351,74
2265,25.5114,28.9407,74
2272,25.5413,28.3427,74
2274,27.8666,29.2903,74
2275,26.3302,28.2829,74
2282,25.9852,28.5313,74
2290,25.3849,29.4375,74
2102,14.4737,25.5712,75
2105,14.3679,25.861,75
2107,14.2092,26.1485,75
2110,14.3242,26.6568,75
2116,13.7423,25.1411,75
2117,13.901,25.7368,75
2118,14.7819,26.643,75
2119,13.924,25.2906,75
2120,14.8233,26.2842,75
2123,15.4466,26.4107,75
2126,14.4691,25.2446,75
2130,14.7451,24.9019,75
2131,14.2598,26.0105,75
2136,14.0459,26.3463,75
2138,14.3127,25.9645,75
2140,14.1839,26.3417,75
2143,13.9907,25.6471,75
2153,15.5961,25.0813,75
2156,14.568,25.7483,75
2162,14.1678,26.0542,75
2164,14.2115,25.9898,75
2165,14.1586,25.5413,75
2166,14.3587,26.0542,75
2168,14.0919,26.0703,75
2169,14.6232,26.2865,75
2172,13.8412,26.2428,75
2179,13.8136,25.9277,75
2180,14.0919,26.5947,75
2181,14.5289,26.5602,75
2182,14.6807,25.7828,75
2183,15.1476,26.3417,75
2184,15.3868,26.2612,75
2189,14.5542,26.1278,75
2191,14.1195,25.7161,75
2194,14.7727,26.4866,75
2104,13.1742,27.0156,76
2109,13.4134,26.7672,76
2111,13.3881,26.0013,76
2112,13.2363,26.1554,76
2115,13.7101,26.5119,76
2129,13.0477,26.8408,76
2133,12.9051,25.7805,76
2135,13.0615,26.965,76
2137,13.3881,26.1278,76
2141,13.3536,26.3026,76
2142,13.4962,26.5947,76
2144,13.2409,26.8707,76
2150,13.8021,26.9673,76
2151,13.1466,26.896,76
2152,13.1627,26.8454,76
2157,12.6613,26.5349,76
2159,13.6825,26.7695,76
2160,13.2593,27.5952,76
2167,13.4985,27.1513,76
2171,13.855,26.6223,76
2175,13.1742,26.9213,76
2176,13.4686,26.9489,76
2185,13.4548,26.758,76
2187,13.4088,27.1513,76
2190,13.0983,25.2354,76
2192,12.8085,26.574,76
2193,13.2501,26.5096,76
2195,13.4709,27.3031,76
2197,13.7906,26.2635,76
2783,11.8563,25.9346,76
2800,15.0487,22.5398,77
2802,14.7934,23.147,77
2805,16.2838,22.4271,77
2807,16.0653,22.5444,77
2808,16.5874,22.4708,77
2809,15.7042,22.1419,77
2811,15.7318,22.4915,77
2813,15.8468,22.8572,77
2815,16.5874,23.3931,77
2818,15.7042,22.8664,77
2819,14.5174,22.7054,77
2823,15.1292,23.0343,77
2824,15.5662,22.6916,77
2827,15.2465,22.1695,77
2829,14.5818,23.2758,77
2831,15.1729,22.8503,77
2835,14.3173,23.2896,77
2837,14.5657,23.1976,77
2844,15.3132,22.3558,77
2848,15.0809,22.6709,77
2850,15.7479,22.6985,77
2851,15.9986,22.802,77
2853,15.8882,22.595,77
2861,14.9291,23.4138,77
2874,15.8215,22.1373,77
2878,16.4356,23.4874,77
2879,16.0354,23.2482,77
2880,15.8629,23.6714,77
2883,15.6766,22.3811,77
2887,15.5846,22.5053,77
2889,15.3247,22.3926,77
2893,14.5887,23.3172,77
2896,15.6766,22.2086,77
2897,14.9406,22.526,77
900,12.061,21.4979,78
907,10.7753,21.7808,78
909,11.2169,22.2454,78
910,11.0628,21.422,78
912,11.1134,21.4335,78
913,11.3066,20.847,78
917,11.1134,22.0821,78
918,11.831,21.7072,78
920,11.5481,21.9809,78
921,10.681,22.3397,78
925,11.6309,22.4708,78
926,11.2537,20.6446,78
928,11.1341,21.0655,78
929,11.1088,21.5784,78
932,11.5987,20.8263,78
935,11.5021,21.606,78
937,11.164,21.974,78
938,12.0081,21.7302,78
941,11.1594,21.445,78
942,11.6631,22.4685,78
943,11.0214,21.6589,78
946,11.0927,21.9234,78
947,10.8213,20.6561,78
952,11.1111,20.8286,78
955,11.5343,21.4036,78
957,11.6539,22.1971,78
962,11.9966,21.4105,78
963,11.6999,21.0356,78
966,11.3664,20.9275,78
967,11.7666,21.4519,78
971,11.6838,20.9045,78
972,11.2031,20.6722,78
977,11.3066,21.399,78
987,10.6971,21.5508,78
988,11.6769,21.4151,78
989,11.4653,20.9689,78
992,11.4906,21.7026,78
993,11.1939,21.2656,78
994,11.7413,22.1488,78
998,11.9943,21.9625,78
319,24.6535,23.0642,79
325,24.8513,23.4322,79
328,24.6903,24.0325,79
330,25.5827,23.7864,79
333,25.6678,23.6599,79
334,24.9433,24.0003,79
337,24.6282,23.423,79
341,26.0404,23.8761,79
342,25.9415,23.883,79
345,24.9318,23.8623,79
353,25.4447,24.0049,79
358,25.9944,23.9796,79
361,24.4856,23.6553,79
363,25.7184,23.9359,79
364,24.5316,23.8071,79
366,25.4792,24.1912,79
367,24.665,23.239,79
377,25.6517,23.9451,79
381,24.8605,23.4437,79
382,25.4401,24.4189,79
384,24.7248,24.1107,79
386,25.1434,23.7036,79
393,24.9709,23.9796,79
396,24.665,23.6208,79
398,25.6632,23.9773,79
2346,25.0422,23.0872,79
1999,8.772,20.778,80
2003,8.8134,21.1,80
2004,8.3005,21.2426,80
2005,8.8617,21.4059,80
2010,8.5489,21.6405,80
2011,8.8663,20.6929,80
2018,8.9215,21.2863,80
2022,8.6317,21.1184,80
2024,8.2315,20.6768,80
2025,7.9509,20.6975,80
2026,8.312,21.3484,80
2027,8.4569,21.3185,80
2035,7.829,21.0218,80
2040,8.8364,20.7849,80
2041,7.8474,21.1046,80
2059,8.2315,20.9505,80
2061,8.3925,21.2242,80
2065,8.6041,21.3622,80
2066,8.611,21.5255,80
2068,8.6938,21.0011,80
2072,8.4132,21.1115,80
2083,8.4086,20.6354,80
2087,8.45,20.9804,80
2089,7.6726,21.2334,80
2090,8.1602,20.7389,80
2097,8.6593,21.0011,80
2000,9.6943,23.1999,81
2081,9.4413,23.055,81
2699,10.4027,23.6553,81
2700,10.0117,24.0394,81
2701,10.5499,23.9474,81
2704,9.4689,23.4667,81
2705,10.7822,23.3402,81
2712,10.0255,23.9773,81
2722,9.3999,23.6622,81
2729,10.5476,23.6208,81
2737,10.1405,23.2942,81
2742,9.393,23.239,81
2745,9.8162,23.8945,81
2751,10.7155,23.0527,81
2758,10.5522,22.9055,81
2760,10.0002,24.0486,81
2767,9.8599,24.1199,81
2768,9.922,23.7059,81
2772,10.2026,24.1153,81
2774,10.681,23.3356,81
2777,10.3958,23.4368,81
2778,9.8024,23.9704,81
2779,9.8484,23.8393,81
2780,10.5706,23.8761,81
2784,10.083,24.1015,81
2785,9.508,23.8439,81
2787,10.4303,23.4759,81
2789,10.5844,23.7749,81
2790,9.485,22.9354,81
2792,10.589,23.8531,81
2795,10.4395,24.0164,81
2796,10.4441,24.0785,81
975,10.0784,21.9855,82
2009,9.0641,21.8015,82
2014,9.2113,21.9556,82
2015,9.2573,22.0246,82
2017,8.9307,22.3121,82
2020,9.3815,21.6796,82
2028,9.1147,21.5784,82
2030,9.6368,21.6888,82
2033,8.7559,21.7716,82
2036,9.4459,21.9257,82
2037,9.0733,21.3852,82
2043,9.5563,21.7555,82
2044,9.0526,22.1511,82
2052,8.8042,22.2707,82
2056,9.0825,22.5605,82
2058,9.4505,22.1787,82
2071,8.864,21.5117,82
2075,9.6828,21.5922,82
2078,9.0802,21.5347,82
2084,8.8318,21.6129,82
2085,9.1538,21.7509,82
2095,9.4965,21.7003,82
2096,9.2343,21.4611,82
2715,9.0825,22.135,82
2791,10.1796,22.3167,82
402,5.3174,18.8092,83
463,6.1523,18.9058,83
464,5.3105,18.5033,83
469,5.69,18.3952,83
485,5.6463,18.9334,83
494,5.0552,18.2365,83
3000,4.6182,17.7535,83
3006,5.0253,18.156,83
3030,5.2484,17.6615,83
3040,5.0828,17.7834,83
3053,5.6394,17.9766,83
3056,4.7562,17.8777,83
3066,5.0552,18.5217,83
3067,5.4416,18.4987,83
3086,5.4669,17.7489,83
3092,5.1219,18.4274,83
603,21.6175,27.3767,84
606,21.4841,28.1242,84
607,21.5117,27.9517,84
615,21.7325,27.8804,84
620,21.7808,27.8735,84
621,21.6037,28.2461,84
624,21.7003,27.2571,84
625,22.273,27.7723,84
639,21.5485,27.747,84
644,21.2794,27.6389,84
649,21.2909,27.8873,84
651,21.6175,27.5538,84
653,21.9717,27.4342,84
656,21.6405,28.5359,84
664,21.8636,27.7746,84
667,21.5301,27.517,84
674,21.468,27.3652,84
677,22.3029,27.54,84
683,22.1189,27.4618,84
684,21.4588,27.4227,84
685,22.0637,27.8965,84
690,21.4772,27.4848,84
691,21.8107,27.333,84
1908,7.2264,28.4278,85
1911,5.8924,28.2116,85
1917,6.8492,28.3956,85
1919,7.1482,27.9724,85
1924,5.7659,28.1978,85
1934,5.897,28.5336,85
1941,6.1845,27.9356,85
1954,6.5939,28.1771,85
1960,6.6008,27.8275,85
1970,6.1086,27.885,85
1971,5.9269,27.8781,85
1973,5.9729,27.9908,85
1982,6.3179,27.7286,85
2499,22.8871,16.8542,86
2500,23.3931,16.4655,86
2501,22.894,15.2833,86
2503,22.5214,15.9871,86
2504,21.7693,16.2194,86
2505,22.4432,14.5703,86
2506,21.9556,16.0653,86
2507,23.8324,17.3993,86
2508,22.3397,16.0078,86
2509,23.6116,16.8404,86
2510,22.8963,16.2585,86
2511,21.8843,16.0285,86
2512,23.0366,15.4144,86
2513,22.8043,15.4052,86
2514,21.7555,15.4144,86
2515,22.6985,16.7001,86
2516,21.7072,15.5754,86
2517,22.4754,15.3063,86
2518,22.9377,16.6817,86
2519,23.3655,15.718,86
2520,23.4782,15.7686,86
2521,23.0274,15.833,86
2522,21.9648,15.6605,86
2523,23.0619,16.1826,86
2524,22.5375,15.9664,86
2525,21.9142,15.9963,86
2526,23.2022,16.4287,86
2527,21.6635,17.351,86
2528,22.8687,15.1568,86
2529,22.963,15.9802,86
2530,23.0596,16.2585,86
2531,24.2096,16.1205,86
2532,23.1654,15.2948,86
2533,21.7072,15.4374,86
2534,23.2712,16.3643,86
2535,22.9193,16.4195,86
2536,21.7509,15.3776,86
2537,22.9354,15.3661,86
2539,23.2321,17.7926,86
2540,23.4,18.3929,86
2541,23.0895,16.3666,86
2542,23.5794,16.8703,86
2543,23.2988,16.385,86
2544,23.4759,16.8151,86
2545,22.6594,16.1504,86
2546,23.2321,15.0257,86
2547,22.0706,16.063,86
2548,22.0683,17.2797,86
2550,22.7077,15.3845,86
2551,22.1189,15.8284,86
2553,23.3448,16.4908,86
2554,23.4713,17.6132,86
2555,22.5559,16.73,86
2556,23.5242,15.2971,86
2557,23.1332,16.3298,86
2558,22.1603,16.9531,86
2559,22.963,14.8923,86
2560,23.952,17.282,86
2561,24.1475,16.7208,86
2562,23.0366,15.6743,86
2563,22.3811,15.9434,86
2564,22.227,15.028,86
2565,22.9423,17.213,86
2566,22.3558,16.224,86
2567,22.9584,15.0786,86
2568,23.009,16.7116,86
2569,22.9837,15.8974,86
2570,23.078,16.0699,86
2571,21.3024,17.2314,86
2572,23.0481,16.5184,86
2573,23.0918,15.3592,86
2574,22.7675,17.949,86
2575,22.9308,16.0814,86
2576,22.9906,18.3239,86
2577,22.7491,16.6909,86
2578,21.8383,16.1688,86
2579,24.067,16.6058,86
2580,23.0343,16.7691,86
2581,21.5416,16.1021,86
2582,21.5853,16.3551,86
2583,23.5518,15.8422,86
2584,22.8572,16.2033,86
2585,23.1953,15.7824,86
2586,22.9492,14.7543,86
2587,23.1378,15.9181,86
2588,23.1447,14.9705,86
2589,24.0555,16.5621,86
2590,22.7951,15.5386,86
2592,23.4253,17.1509,86
2593,22.6249,15.419,86
2594,23.1355,15.9756,86
2595,22.825,16.4954,86
2596,24.2257,16.0354,86
2597,23.3149,17.0014,86
2598,23.3931,15.9549,86
999,23.1976,9.5678,87
1001,23.9842,8.6984,87
1002,23.354,7.7577,87
1003,24.0279,9.853,87
1005,24.4626,9.0089,87
1006,23.7933,8.2821,87
1007,23.0343,8.6892,87
1008,23.2758,8.703,87
1010,23.2045,7.9647,87
1011,23.6898,7.2655,87
1013,24.1268,7.8175,87
1014,23.8209,8.1464,87
1015,22.6893,9.2136,87
1016,23.5702,8.0889,87
1019,23.9244,9.163,87
1023,23.1953,8.6018,87
1024,23.9129,8.5489,87
1025,23.0297,8.5075,87
1026,23.5127,8.1073,87
1027,23.7496,8.8893,87
1028,23.0182,8.7858,87
1029,23.3908,9.2251,87
1035,24.2119,8.6156,87
1036,24.1498,8.7904,87
1037,23.7818,8.5259,87
1038,24.8122,9.2941,87
1040,24.435,8.5811,87
1041,24.8076,8.2223,87
1043,23.745,9.0848,87
1044,23.2091,8.8939,87
1045,24.2234,7.5461,87
1049,23.8439,7.8911,87
1050,23.4529,9.1998,87
1051,23.5656,8.7375,87
1054,23.9037,7.9808,87
1055,23.5426,8.8778,87
1056,24.3798,8.1648,87
1057,24.6696,8.2039,87
1058,23.3057,8.0613,87
1059,24.389,8.8042,87
1060,23.3218,8.9468,87
1062,24.1935,8.6018,87
1063,23.5472,8.9767,87
1066,22.8572,9.1607,87
1069,23.2114,7.967,87
1070,23.2482,9.738,87
1071,23.722,7.9049,87
1074,23.1332,8.1395,87
1075,24.0831,8.4914,87
1076,23.2114,8.4109,87
1081,24.8421,9.3861,87
1082,24.1406,8.5305,87
1087,24.1866,9.1814,87
1088,23.7772,9.6345,87
1092,23.5725,9.2803,87
1095,23.2781,9.0227,87
1096,24.0509,9.324,87
1097,23.2597,8.3741,87
1098,23.4851,8.3074,87
2477,23.6668,7.5024,87
299,24.0394,24.6765,88
302,23.837,24.8536,88
306,23.7197,23.4483,88
307,23.3218,22.9584,88
312,23.8692,23.8531,88
320,24.0555,24.3729,88
321,23.4437,24.0555,88
329,23.9842,23.3839,88
332,23.8393,24.3154,88
336,24.2441,23.6231,88
338,23.3218,24.8766,88
343,23.9359,23.8347,88
348,23.2873,23.1148,88
349,24.0049,23.9129,88
356,24.3407,23.5886,88
357,24.3154,24.2188,88
373,24.0946,24.4672,88
374,23.4299,25.0652,88
379,24.2855,24.2694,88
388,24.297,23.975,88
389,23.262,24.7524,88
394,24.4925,23.7795,88
2804,16.8105,21.8291,89
2806,16.5644,21.0103,89
2810,17.2015,20.7826,89
2814,15.8353,21.6865,89
2822,15.9871,21.9648,89
2825,17.3924,20.8516,89
2826,16.1297,22.1419,89
2833,15.7594,21.7693,89
2834,15.5547,21.9096,89
2846,15.4903,21.3415,89
2852,15.7502,21.8912,89
2855,16.1918,21.468,89
2856,15.4489,20.9597,89
2859,16.2401,21.6934,89
2860,17.0106,21.8383,89
2862,15.6467,21.1575,89
2863,15.5018,20.7596,89
2864,15.6421,21.5025,89
2865,15.6352,21.3944,89
2866,15.8008,21.5738,89
2871,15.6858,21.1207,89
2872,15.8905,21.1069,89
2873,16.1343,21.1414,89
2876,15.8974,21.4841,89
2882,16.6104,20.9459,89
2886,15.8169,21.7762,89
2890,15.879,20.4192,89
2894,15.5731,21.2449,89
2895,15.81,21.2794,89
2602,22.0867,12.5348,90
2606,22.0499,11.9115,90
2614,22.7652,12.7142,90
2615,20.3709,10.9524,90
2617,22.4455,11.9138,90
2619,21.3783,11.8586,90
2623,22.5674,13.0707,90
2626,22.0062,11.5826,90
2627,21.3415,13.1121,90
2628,22.0315,11.5297,90
2630,22.1718,12.0035,90
2634,21.6221,12.1691,90
2636,22.2155,12.1599,90
2637,22.273,11.9322,90
2639,22.365,11.8701,90
2640,22.4915,11.7137,90
2645,22.4064,12.5371,90
2646,22.4984,11.9575,90
2649,22.2891,11.9874,90
2652,21.6336,12.2312,90
2654,22.3719,11.7413,90
2657,21.7187,12.2818,90
2661,21.905,12.4359,90
2665,21.6865,12.2335,90
2666,22.3673,13.2616,90
2668,21.6865,12.0403,90
2670,21.9579,11.3549,90
2674,22.7146,12.0081,90
2675,22.0315,12.2726,90
2678,21.7808,12.1047,90
2681,22.1557,11.4308,90
2682,22.6686,11.7321,90
2683,22.7123,12.0771,90
2686,22.3581,11.6424,90
2687,22.0683,12.2864,90
2689,22.5099,12.1093,90
2691,22.6157,11.8517,90
2693,22.1994,11.6861,90
2696,22.411,12.2703,90
441,6.2673,18.7494,91
3013,5.9775,17.8248,91
3017,6.7181,17.5971,91
3026,6.0741,17.696,91
3032,6.1086,17.3855,91
3033,5.7935,17.8478,91
3036,6.7388,17.2337,91
3037,6.1891,18.1169,91
3044,6.0465,17.5051,91
3059,5.9936,17.7029,91
3063,6.3409,17.7857,91
3070,7.4311,18.3331,91
3073,6.2121,17.9582,91
3083,6.4237,17.4706,91
3089,6.0419,17.3625,91
3098,7.162,18.1836,91
800,17.9191,25.4401,92
804,17.9076,24.964,92
806,17.7305,25.3803,92
807,18.7793,25.0997,92
814,18.1169,24.5063,92
816,17.6868,25.5206,92
818,18.0709,24.9502,92
822,18.8759,25.3987,92
823,18.5654,25.6862,92
825,18.0387,25.5459,92
828,18.0732,25.447,92
832,18.5194,24.7731,92
836,18.0042,25.8012,92
837,18.3952,24.6719,92
838,18.0364,25.7552,92
840,18.225,24.5891,92
844,18.5378,25.5252,92
846,17.6201,24.5845,92
847,18.0502,25.0261,92
848,17.8179,25.4447,92
850,18.8184,25.0537,92
853,18.3791,25.447,92
856,19.6924,24.5293,92
859,18.0433,25.8334,92
860,18.0847,25.8288,92
862,18.2411,25.0583,92
865,18.6275,25.3826,92
866,18.3837,24.6167,92
868,18.0318,25.1572,92
869,18.1675,25.7506,92
871,17.6822,24.6949,92
875,18.6091,25.4884,92
876,18.041,25.7575,92
877,17.8708,25.2676,92
879,18.8621,25.2055,92
882,19.0139,25.4539,92
886,18.3055,25.0169,92
889,18.6896,25.5206,92
891,18.2963,25.3826,92
894,17.8294,25.746,92
895,17.4752,24.6972,92
898,18.1491,25.7253,92
200,7.1413,10.3981,93
201,7.691,11.969,93
203,7.8704,10.957,93
204,7.2103,11.1249,93
208,8.1372,10.3015,93
209,7.8106,11.3227,93
213,7.6611,10.7592,93
214,8.1648,10.3061,93
217,8.1441,10.8443,93
223,8.1625,10.474,93
228,7.8934,11.3756,93
229,7.898,10.2049,93
233,7.806,11.4975,93
234,7.9233,10.4004,93
245,7.5277,10.6994,93
246,7.3575,10.3268,93
250,7.6979,10.1405,93
253,8.0636,11.1088,93
254,6.8768,10.4303,93
255,7.737,10.3613,93
256,7.0953,11.1433,93
259,7.0815,10.4993,93
260,8.2729,11.1157,93
261,7.5461,10.7178,93
263,8.1694,10.7868,93
268,7.9969,10.7063,93
280,7.2816,10.2831,93
288,8.0774,10.6695,93
289,7.3138,11.6608,93
294,7.4564,11.325,93
297,7.7508,10.9478,93
298,7.7945,10.8995,93
369,25.1135,22.2385,94
390,25.6862,23.1999,94
2299,26.6821,22.9722,94
2300,26.0749,22.4961,94
2310,26.3394,23.2551,94
2311,25.3734,21.7762,94
2316,26.2612,22.4294,94
2319,26.7488,22.7054,94
2320,26.5165,22.5467,94
2327,25.5252,21.5439,94
2333,26.1876,22.9998,94
2336,25.7713,23.0297,94
2338,26.2566,21.8889,94
2341,26.229,22.0982,94
2343,26.459,22.4087,94
2349,26.5119,22.5099,94
2354,25.9139,23.2183,94
2359,26.0542,23.1378,94
2361,26.6545,22.6042,94
2366,26.321,22.0292,94
2367,25.4033,22.7284,94
2373,25.8679,22.0039,94
2375,26.7051,23.3057,94
2383,25.4723,22.5513,94
2393,26.3693,22.6318,94
2394,26.5372,23.3103,94
2396,26.2612,22.6134,94
2397,25.2883,22.1902,94
2398,25.7184,22.4915,94
1799,11.7735,8.1878,95
1800,12.0909,7.6795,95
1806,13.0017,6.6192,95
1808,11.7022,8.289,95
1809,12.0794,8.5328,95
1810,11.8379,8.1648,95
1813,12.6751,7.4955,95
1814,11.9966,7.7669,95
1815,12.1576,8.8249,95
1816,12.0357,7.5116,95
1819,11.4009,8.4086,95
1820,12.3002,8.6248,95
1823,12.3025,7.9969,95
1825,12.5118,8.933,95
1830,11.3825,8.4086,95
1831,12.337,8.2614,95
1834,12.061,8.3465,95
1837,12.958,7.4817,95
1844,11.9345,8.4362,95
1845,12.8131,8.0498,95
1846,12.4382,8.5857,95
1854,11.9943,8.7858,95
1855,13.0109,7.9072,95
1863,11.3733,8.2315,95
1867,11.9713,8.1694,95
1869,12.2312,8.1809,95
1871,12.1461,7.7554,95
1876,11.9161,8.2246,95
1878,11.8103,8.2269,95
1880,11.7321,7.7577,95
1884,11.7919,8.0613,95
1888,12.0403,7.8911,95
1890,11.67,8.5765,95
1893,11.3802,8.4086,95
1895,11.6631,8.2039,95
1897,12.0587,7.7347,95
488,6.9987,21.7693,96
2002,8.6225,22.2132,96
2013,8.6294,23.0297,96
2016,7.5116,22.5421,96
2021,8.151,21.7072,96
2029,7.806,22.0729,96
2031,7.6726,22.1212,96
2038,7.8152,21.4979,96
2039,8.6409,22.4202,96
2046,8.1119,21.7785,96
2057,8.5834,21.8636,96
2062,8.1073,22.1235,96
2067,7.6427,22.1948,96
2077,8.5098,22.0315,96
2086,7.8014,22.0361,96
2088,7.8359,22.7031,96
2094,8.5351,22.0315,96
2756,8.519,22.8986,96
799,18.2158,26.4751,97
801,19.0139,26.4222,97
802,17.627,26.6982,97
803,18.3354,26.1554,97
805,17.4798,26.3969,97
808,18.0479,26.1669,97
810,18.0939,26.0542,97
811,19.0277,25.9691,97
819,18.5332,27.0064,97
820,18.1123,26.5257,97
821,18.2273,26.4452,97
824,17.5948,27.4825,97
827,18.1054,25.9783,97
829,17.9697,26.8017,97
833,17.8018,26.7097,97
835,17.8685,26.7718,97
842,18.0801,26.0887,97
843,18.0824,27.6665,97
845,18.3607,26.3762,97
851,18.2894,26.7166,97
854,17.7512,26.7902,97
863,18.6574,26.4521,97
864,18.4366,26.9558,97
867,17.7742,26.4429,97
870,18.2365,26.413,97
878,18.3515,26.6476,97
881,18.8184,26.8086,97
883,17.8432,25.9622,97
884,18.4067,26.4038,97
892,18.0134,26.6706,97
893,17.7558,26.0266,97
896,18.1445,26.0887,97
897,19.1335,26.298,97
1901,5.5566,27.0041,98
1910,5.6762,27.3238,98
1912,5.4048,27.8114,98
1925,5.6693,27.0225,98
1927,5.2576,27.5492,98
1929,5.3013,27.6251,98
1931,5.5267,27.0777,98
1932,5.4324,27.5009,98
1933,5.3519,27.8413,98
1936,5.3565,27.1145,98
1938,5.5152,27.747,98
1944,5.8418,27.4595,98
1946,5.644,28.0621,98
1949,5.8993,27.2824,98
1952,5.6808,27.9379,98
1959,5.5612,27.6665,98
1987,5.6486,27.2042,98
1988,5.5083,27.6642,98
1990,5.5382,27.3008,98
1994,5.4232,27.2709,98
1995,5.7383,27.8551,98
1996,5.9016,27.8045,98
1900,4.3284,26.9972,99
1903,4.4457,27.3008,99
1904,4.5998,26.3762,99
1906,4.8344,27.0524,99
1909,4.7447,26.8132,99
1913,4.9034,26.8017,99
1930,4.149,27.2985,99
1937,3.9328,26.7189,99
1939,3.7488,26.0611,99
1958,4.3376,27.3077,99
1962,4.4135,27.2778,99
1963,4.0271,27.2755,99
1964,4.7263,26.3716,99
1965,4.7309,26.7304,99
1977,4.7447,27.1214,99
1983,3.5556,26.9305,99
1998,4.3652,25.9622,99
1153,24.2947,13.4318,100
1155,24.8214,13.2777,100
2612,23.5541,13.1167,100
2618,23.2436,13.487,100
2622,23.7956,12.9327,100
2631,24.0233,13.2179,100
2638,23.9175,12.9258,100
2641,23.8278,12.7579,100
2651,22.8641,13.142,100
2677,22.9308,13.2455,100
2697,23.3218,12.659,100
