Execution Time: 10397 milliseconds,,,
199,8.4155,9.7633,1
200,7.1413,10.3981,1
201,7.691,11.969,1
203,7.8704,10.957,1
204,7.2103,11.1249,1
205,7.6289,9.899,1
206,7.5645,8.8824,1
207,7.5967,9.5241,1
208,8.1372,10.3015,1
209,7.8106,11.3227,1
212,8.6869,11.0007,1
213,7.6611,10.7592,1
214,8.1648,10.3061,1
217,8.1441,10.8443,1
219,7.8428,9.9703,1
221,8.1993,9.7863,1
223,8.1625,10.474,1
224,8.2085,9.9634,1
225,8.8456,11.5619,1
227,8.588,11.0329,1
228,7.8934,11.3756,1
229,7.898,10.2049,1
232,8.6271,11.8379,1
233,7.806,11.4975,1
234,7.9233,10.4004,1
236,8.8272,11.0283,1
240,7.4081,9.8001,1
242,7.9118,9.0848,1
243,8.1717,9.0687,1
245,7.5277,10.6994,1
246,7.3575,10.3268,1
250,7.6979,10.1405,1
252,7.3253,9.6644,1
253,8.0636,11.1088,1
254,6.8768,10.4303,1
255,7.737,10.3613,1
256,7.0953,11.1433,1
258,6.0695,9.669,1
259,7.0815,10.4993,1
260,8.2729,11.1157,1
261,7.5461,10.7178,1
263,8.1694,10.7868,1
265,7.7324,9.5954,1
266,7.8359,9.4965,1
267,7.9095,9.0066,1
268,7.9969,10.7063,1
272,8.4914,10.2233,1
276,7.7577,9.9749,1
280,7.2816,10.2831,1
283,8.0314,9.5678,1
285,8.3557,10.152,1
286,7.8175,8.6938,1
288,8.0774,10.6695,1
289,7.3138,11.6608,1
291,8.4592,10.3337,1
294,7.4564,11.325,1
295,8.8019,11.3342,1
296,8.2913,9.4229,1
297,7.7508,10.9478,1
298,7.7945,10.8995,1
2899,6.2144,11.6723,1
2900,5.8073,11.3227,1
2901,5.5474,10.2233,1
2902,3.9811,10.7615,1
2903,5.4117,11.0053,1
2904,4.2272,10.2279,1
2905,6.2282,10.1543,1
2906,4.5929,8.9054,1
2907,5.4991,9.5954,1
2908,4.0708,10.5844,1
2909,3.9788,10.2233,1
2910,4.1237,10.2187,1
2911,4.0616,9.9979,1
2912,4.563,10.7086,1
2913,4.3353,10.1658,1
2914,4.8735,9.8599,1
2915,4.3583,9.3102,1
2916,5.2829,10.1911,1
2917,4.6527,9.4068,1
2918,5.4255,11.8103,1
2919,4.7194,9.5149,1
2920,4.9126,10.589,1
2921,3.8776,10.9777,1
2922,4.6159,10.1152,1
2923,5.2714,9.2826,1
2924,5.2875,10.1497,1
2925,4.954,8.9307,1
2926,4.0662,9.8415,1
2927,4.8758,10.9915,1
2928,6.1316,9.3102,1
2929,4.6596,10.2854,1
2930,5.5773,9.5034,1
2931,5.5474,10.2647,1
2932,4.5653,10.566,1
2933,6.1201,9.4137,1
2934,4.8482,9.3102,1
2935,4.6596,11.0214,1
2936,5.5819,9.9933,1
2937,5.1058,11.5274,1
2938,4.8068,8.1395,1
2939,5.897,10.2325,1
2940,5.4899,10.957,1
2941,4.8781,9.5425,1
2942,4.5354,9.4436,1
2943,4.8827,10.2486,1
2944,6.2673,10.819,1
2945,4.8091,9.6529,1
2946,5.8924,10.6465,1
2947,5.2737,10.98,1
2948,5.2369,9.0848,1
2949,5.9798,9.3447,1
2950,4.7378,10.6833,1
2951,5.644,10.6327,1
2952,4.54,9.278,1
2953,5.2576,10.957,1
2954,4.701,9.1423,1
2955,6.1247,10.6741,1
2956,5.9821,9.4137,1
2957,3.8017,10.704,1
2958,4.1605,10.0416,1
2959,5.4876,10.7247,1
2960,4.2916,9.1492,1
2961,6.081,10.1612,1
2962,5.069,10.8397,1
2963,6.8055,9.4459,1
2964,3.9742,10.1819,1
2965,4.8781,10.2095,1
2966,4.3974,8.7605,1
2967,6.3662,9.4045,1
2968,4.6619,10.4648,1
2969,5.552,9.715,1
2970,4.3974,10.3866,1
2971,5.1196,10.2118,1
2972,5.7222,10.5177,1
2973,4.7033,9.3608,1
2974,4.8965,9.1515,1
2975,5.4692,10.0094,1
2976,6.1109,10.6695,1
2977,4.3422,11.5504,1
2978,5.2484,9.4206,1
2979,4.8574,9.7219,1
2980,5.5566,11.1801,1
2981,5.6578,9.3424,1
2982,4.701,9.8783,1
2983,4.632,11.6723,1
2984,5.0115,10.3981,1
2985,5.6555,10.2969,1
2986,4.9885,10.6557,1
2987,5.7636,10.5085,1
2988,5.483,11.1111,1
2989,5.7935,10.6005,1
2990,5.0092,11.5159,1
2991,4.7976,9.6897,1
2992,5.7222,9.7472,1
2993,6.2144,9.8277,1
2994,5.4899,10.7086,1
2995,5.2323,10.198,1
2996,4.1076,10.7132,1
2997,4.6872,11.7666,1
2998,5.5198,10.1681,1
499,28.0805,10.5315,2
500,27.3445,11.2123,2
501,26.8661,10.6672,2
502,26.6476,9.2412,2
503,25.7115,10.0508,2
504,26.367,10.3268,2
505,28.2346,10.4165,2
506,26.6361,9.784,2
507,27.3077,9.2964,2
508,26.7143,9.4712,2
510,27.3445,9.3769,2
511,26.8615,10.3245,2
512,27.7148,11.1755,2
513,26.4291,10.3912,2
514,25.7598,9.3907,2
515,27.2479,10.1842,2
516,26.9857,10.5453,2
517,26.6338,10.1612,2
518,26.8753,11.2882,2
519,26.6223,10.2762,2
520,26.482,9.6644,2
521,29.5939,9.738,2
522,26.2543,10.3314,2
523,25.2377,9.7081,2
524,26.0312,10.06,2
525,27.9471,11.1686,2
526,26.6154,11.6355,2
527,26.6936,8.9675,2
528,25.8081,9.4574,2
529,27.3169,9.117,2
530,25.5321,10.566,2
531,27.2916,11.9713,2
532,26.7051,11.9782,2
533,26.7626,9.6253,2
534,27.9264,10.7109,2
535,27.0386,10.037,2
536,27.4986,10.4234,2
537,26.1577,9.5632,2
538,26.9213,11.9966,2
539,27.2433,9.1561,2
540,26.6959,10.2394,2
541,27.0708,10.8144,2
542,26.0197,10.9317,2
543,27.2663,11.4952,2
544,27.6136,9.7426,2
545,27.0478,10.2854,2
546,26.873,10.3613,2
547,26.9282,11.3917,2
548,27.6297,10.0209,2
549,27.0869,9.3033,2
550,25.746,11.4331,2
551,25.7598,10.5614,2
552,27.7447,10.9708,2
553,26.988,9.991,2
554,26.7189,10.2624,2
555,26.7718,10.267,2
556,27.402,10.9087,2
557,26.1485,10.6166,2
558,26.9811,10.2969,2
559,26.5694,9.2274,2
560,27.6757,9.5816,2
561,28.1817,10.8673,2
562,26.0726,10.911,2
563,26.5855,10.1451,2
564,27.1375,10.9432,2
565,27.31,9.3401,2
566,27.3123,10.2532,2
567,26.9098,8.2798,2
568,27.0179,9.6023,2
569,28.1518,10.5453,2
570,27.0179,10.6166,2
571,27.8942,10.4786,2
572,27.563,10.2739,2
573,27.0432,9.6,2
574,26.9443,10.865,2
575,26.321,10.5407,2
576,26.4084,12.6866,2
577,27.9287,10.9938,2
578,25.6701,10.9225,2
579,26.7051,10.3406,2
580,27.4296,9.7426,2
581,28,10.8903,2
582,27.3698,10.2279,2
583,26.9052,9.0319,2
584,27.2433,12.5624,2
585,26.1577,10.5292,2
586,27.0823,10.0876,2
587,26.8707,10.3475,2
588,26.3877,9.6989,2
589,26.3831,10.3038,2
590,27.0478,10.4809,2
591,26.7741,8.8272,2
592,26.6131,11.5734,2
593,26.7557,8.8387,2
594,25.7368,9.7403,2
595,26.0956,10.3751,2
596,25.8058,10.635,2
597,26.4245,10.2923,2
598,25.8357,10.451,2
999,23.1976,9.5678,2
1001,23.9842,8.6984,2
1003,24.0279,9.853,2
1005,24.4626,9.0089,2
1012,22.9722,10.1681,2
1015,22.6893,9.2136,2
1019,23.9244,9.163,2
1027,23.7496,8.8893,2
1029,23.3908,9.2251,2
1036,24.1498,8.7904,2
1038,24.8122,9.2941,2
1043,23.745,9.0848,2
1044,23.2091,8.8939,2
1050,23.4529,9.1998,2
1055,23.5426,8.8778,2
1059,24.389,8.8042,2
1060,23.3218,8.9468,2
1061,23.3632,10.0255,2
1063,23.5472,8.9767,2
1066,22.8572,9.1607,2
1070,23.2482,9.738,2
1072,21.997,10.0048,2
1073,21.9188,9.7058,2
1079,22.5421,9.6506,2
1081,24.8421,9.3861,2
1087,24.1866,9.1814,2
1088,23.7772,9.6345,2
1089,23.3586,9.9243,2
1092,23.5725,9.2803,2
1095,23.2781,9.0227,2
1096,24.0509,9.324,2
1150,25.2998,13.5905,2
1151,26.0473,13.2018,2
1153,24.2947,13.4318,2
1155,24.8214,13.2777,2
1193,24.9249,13.7607,2
2599,22.7215,11.1134,2
2600,24.2441,11.5734,2
2601,23.0159,10.9478,2
2602,22.0867,12.5348,2
2603,23.9543,11.5849,2
2604,21.8222,10.9639,2
2605,24.0417,11.7804,2
2606,22.0499,11.9115,2
2607,22.5191,11.2744,2
2608,22.3903,11.2629,2
2609,22.7606,11.4193,2
2610,22.4938,11.4699,2
2611,22.4432,11.1341,2
2612,23.5541,13.1167,2
2613,22.9791,11.5803,2
2614,22.7652,12.7142,2
2616,23.4253,10.8558,2
2617,22.4455,11.9138,2
2618,23.2436,13.487,2
2619,21.3783,11.8586,2
2620,22.7974,10.7477,2
2621,23.2137,12.5578,2
2622,23.7956,12.9327,2
2623,22.5674,13.0707,2
2624,23.0228,11.9667,2
2625,21.7394,10.7822,2
2626,22.0062,11.5826,2
2627,21.3415,13.1121,2
2628,22.0315,11.5297,2
2629,22.687,10.8949,2
2630,22.1718,12.0035,2
2631,24.0233,13.2179,2
2632,23.5518,12.2174,2
2633,22.9032,11.5274,2
2634,21.6221,12.1691,2
2635,22.6318,10.7615,2
2636,22.2155,12.1599,2
2637,22.273,11.9322,2
2638,23.9175,12.9258,2
2639,22.365,11.8701,2
2640,22.4915,11.7137,2
2641,23.8278,12.7579,2
2642,23.607,12.1553,2
2643,23.308,11.0191,2
2644,23.9451,10.2923,2
2645,22.4064,12.5371,2
2646,22.4984,11.9575,2
2647,21.997,10.8144,2
2648,23.2459,11.8011,2
2649,22.2891,11.9874,2
2650,23.1539,11.417,2
2651,22.8641,13.142,2
2652,21.6336,12.2312,2
2653,23.2252,11.9989,2
2654,22.3719,11.7413,2
2655,23.8577,11.8126,2
2656,23.1792,11.1111,2
2657,21.7187,12.2818,2
2658,23.4483,12.1691,2
2659,23.0826,12.4566,2
2660,23.0044,11.4331,2
2661,21.905,12.4359,2
2662,22.7514,11.2008,2
2663,24.1981,10.8604,2
2664,23.1677,12.3209,2
2665,21.6865,12.2335,2
2666,22.3673,13.2616,2
2667,22.9216,11.6309,2
2668,21.6865,12.0403,2
2669,22.1672,10.8006,2
2670,21.9579,11.3549,2
2671,22.8963,11.7505,2
2672,22.917,11.1272,2
2673,23.2712,12.3209,2
2674,22.7146,12.0081,2
2675,22.0315,12.2726,2
2676,22.2868,10.52,2
2677,22.9308,13.2455,2
2678,21.7808,12.1047,2
2679,23.8094,12.4106,2
2680,22.4639,11.3641,2
2681,22.1557,11.4308,2
2682,22.6686,11.7321,2
2683,22.7123,12.0771,2
2684,23.722,11.7367,2
2685,22.7399,11.5044,2
2686,22.3581,11.6424,2
2687,22.0683,12.2864,2
2688,22.457,11.3158,2
2689,22.5099,12.1093,2
2690,21.8544,11.164,2
2691,22.6157,11.8517,2
2692,24.0946,11.9874,2
2693,22.1994,11.6861,2
2694,23.1723,11.2399,2
2695,22.963,11.9,2
2696,22.411,12.2703,2
2697,23.3218,12.659,2
2698,23.2321,12.0426,2
1899,4.3629,28.2208,3
1900,4.3284,26.9972,3
1901,5.5566,27.0041,3
1902,6.3202,27.3445,3
1903,4.4457,27.3008,3
1904,4.5998,26.3762,3
1905,5.2737,27.8206,3
1906,4.8344,27.0524,3
1907,4.908,29.2995,3
1908,7.2264,28.4278,3
1909,4.7447,26.8132,3
1910,5.6762,27.3238,3
1911,5.8924,28.2116,3
1912,5.4048,27.8114,3
1913,4.9034,26.8017,3
1914,4.7677,28.5727,3
1915,6.2673,26.8638,3
1916,6.3616,27.5584,3
1917,6.8492,28.3956,3
1918,6.1983,27.103,3
1919,7.1482,27.9724,3
1920,4.9402,27.2088,3
1921,5.2254,28.5014,3
1922,5.2116,27.6941,3
1923,6.6813,27.5607,3
1924,5.7659,28.1978,3
1925,5.6693,27.0225,3
1926,6.3869,27.2364,3
1927,5.2576,27.5492,3
1928,5.092,27.5538,3
1929,5.3013,27.6251,3
1930,4.149,27.2985,3
1931,5.5267,27.0777,3
1932,5.4324,27.5009,3
1933,5.3519,27.8413,3
1934,5.897,28.5336,3
1935,4.9379,27.7424,3
1936,5.3565,27.1145,3
1937,3.9328,26.7189,3
1938,5.5152,27.747,3
1939,3.7488,26.0611,3
1940,5.989,26.2382,3
1941,6.1845,27.9356,3
1942,4.1329,28.3266,3
1943,5.138,27.678,3
1944,5.8418,27.4595,3
1945,4.6274,28.9177,3
1946,5.644,28.0621,3
1947,4.6251,27.8045,3
1948,5.0345,27.6366,3
1949,5.8993,27.2824,3
1950,6.0626,27.0731,3
1951,4.8321,28.1035,3
1952,5.6808,27.9379,3
1953,5.0966,27.3445,3
1954,6.5939,28.1771,3
1955,4.6458,27.6711,3
1956,4.7999,28.368,3
1957,5.4462,29.2742,3
1958,4.3376,27.3077,3
1959,5.5612,27.6665,3
1960,6.6008,27.8275,3
1961,5.0644,27.5676,3
1962,4.4135,27.2778,3
1963,4.0271,27.2755,3
1964,4.7263,26.3716,3
1965,4.7309,26.7304,3
1966,5.897,29.2558,3
1967,5.0092,27.1651,3
1968,6.2696,27.3215,3
1969,6.4398,27.1329,3
1970,6.1086,27.885,3
1971,5.9269,27.8781,3
1972,6.2719,27.4687,3
1973,5.9729,27.9908,3
1974,5.2599,27.9471,3
1975,4.5676,27.9172,3
1976,6.3156,26.7856,3
1977,4.7447,27.1214,3
1978,4.5561,28.4784,3
1979,5.2001,28.046,3
1980,6.3317,27.4365,3
1981,5.9269,26.9374,3
1982,6.3179,27.7286,3
1983,3.5556,26.9305,3
1984,6.2604,26.6361,3
1985,5.0506,27.5699,3
1986,6.9688,27.563,3
1987,5.6486,27.2042,3
1988,5.5083,27.6642,3
1989,5.5911,28.6877,3
1990,5.5382,27.3008,3
1991,5.1081,27.5147,3
1992,4.3905,27.8252,3
1993,4.8505,27.9793,3
1994,5.4232,27.2709,3
1995,5.7383,27.8551,3
1996,5.9016,27.8045,3
1997,6.5525,26.9374,3
1998,4.3652,25.9622,3
299,24.0394,24.6765,4
300,24.6972,24.4442,4
301,23.8945,24.9916,4
302,23.837,24.8536,4
303,26.4199,24.7225,4
304,26.1853,23.7795,4
305,24.9111,24.8168,4
306,23.7197,23.4483,4
307,23.3218,22.9584,4
308,26.4015,24.6006,4
309,25.4332,25.4953,4
311,24.0486,25.4286,4
312,23.8692,23.8531,4
313,24.3499,25.1388,4
314,24.1498,24.6788,4
315,24.596,24.458,4
316,24.6075,24.6029,4
317,24.9134,24.6052,4
318,24.8513,24.4856,4
319,24.6535,23.0642,4
320,24.0555,24.3729,4
321,23.4437,24.0555,4
322,25.102,25.3205,4
323,24.8536,24.9525,4
324,23.7266,26.1094,4
325,24.8513,23.4322,4
326,25.2009,24.711,4
327,24.1222,24.6926,4
328,24.6903,24.0325,4
329,23.9842,23.3839,4
330,25.5827,23.7864,4
331,24.6397,24.251,4
332,23.8393,24.3154,4
333,25.6678,23.6599,4
334,24.9433,24.0003,4
335,24.7064,24.3476,4
336,24.2441,23.6231,4
337,24.6282,23.423,4
338,23.3218,24.8766,4
339,24.6972,24.5523,4
340,26.0036,25.7782,4
341,26.0404,23.8761,4
342,25.9415,23.883,4
343,23.9359,23.8347,4
344,25.8058,24.6328,4
345,24.9318,23.8623,4
346,25.3021,24.5201,4
347,24.5891,24.297,4
348,23.2873,23.1148,4
349,24.0049,23.9129,4
350,24.9088,24.9295,4
352,26.4843,23.7105,4
353,25.4447,24.0049,4
354,24.8007,24.5017,4
355,25.9668,25.079,4
356,24.3407,23.5886,4
357,24.3154,24.2188,4
358,25.9944,23.9796,4
359,24.435,24.297,4
360,24.6512,24.9433,4
361,24.4856,23.6553,4
362,25.2308,25.3205,4
363,25.7184,23.9359,4
364,24.5316,23.8071,4
365,24.8996,24.5868,4
366,25.4792,24.1912,4
367,24.665,23.239,4
368,26.1508,24.5753,4
370,24.6098,24.7087,4
371,24.3752,24.4787,4
372,26.0772,24.9088,4
373,24.0946,24.4672,4
374,23.4299,25.0652,4
375,24.6581,25.861,4
376,26.712,24.5224,4
377,25.6517,23.9451,4
378,24.8191,24.9778,4
379,24.2855,24.2694,4
380,25.5045,24.5247,4
381,24.8605,23.4437,4
382,25.4401,24.4189,4
383,25.2722,24.7708,4
384,24.7248,24.1107,4
385,24.5914,25.5781,4
386,25.1434,23.7036,4
387,25.0675,24.4925,4
388,24.297,23.975,4
389,23.262,24.7524,4
390,25.6862,23.1999,4
391,25.4953,24.9893,4
392,24.7593,24.366,4
393,24.9709,23.9796,4
394,24.4925,23.7795,4
395,24.3545,24.4028,4
396,24.665,23.6208,4
397,24.7984,24.4787,4
398,25.6632,23.9773,4
2279,25.4976,25.1802,4
2288,24.8191,25.0031,4
2346,25.0422,23.0872,4
2354,25.9139,23.2183,4
399,4.057,21.4519,5
400,5.7912,19.7499,5
401,3.9719,19.8787,5
402,5.3174,18.8092,5
403,5.7406,22.066,5
404,4.9172,20.7688,5
405,4.3951,20.1363,5
406,6.1868,19.2324,5
407,4.8045,21.1989,5
408,6.173,19.3359,5
409,6.7848,21.0448,5
410,4.9218,20.019,5
411,6.0672,19.8695,5
412,6.3248,19.9684,5
413,4.7424,20.41,5
414,4.6665,20.4514,5
415,4.3491,20.2697,5
416,5.0897,19.8902,5
417,5.7498,20.6883,5
418,6.0304,20.1501,5
419,4.2962,20.9275,5
420,4.1973,20.4997,5
421,4.3192,20.1708,5
422,6.1661,21.6704,5
423,5.115,19.7499,5
424,5.0069,20.8263,5
425,5.0621,20.1478,5
426,4.7286,19.2761,5
427,5.3013,19.4233,5
428,5.5704,19.4716,5
429,5.7337,20.502,5
430,7.1321,19.7384,5
431,5.5244,20.4353,5
432,5.3473,20.3893,5
433,5.3588,19.7062,5
434,5.7061,19.214,5
435,6.1638,19.766,5
436,4.931,20.0305,5
437,5.184,20.5963,5
438,5.6256,21.2702,5
439,5.9775,21.4726,5
440,5.4393,19.6602,5
441,6.2673,18.7494,5
442,4.9839,19.5705,5
443,4.7723,19.8373,5
444,5.1334,20.7734,5
445,4.2594,21.0816,5
446,6.012,19.7706,5
447,4.5676,19.9776,5
448,4.2042,20.9942,5
449,5.9016,20.1225,5
450,6.1592,21.0908,5
451,5.4117,19.3405,5
452,4.9724,20.0167,5
453,4.5906,19.3014,5
454,5.4531,20.7067,5
455,7.0355,19.6073,5
456,6.5134,21.4151,5
457,5.3864,20.8355,5
458,4.4756,20.2766,5
459,4.9632,20.1248,5
460,5.2898,19.7545,5
461,3.9604,21.5669,5
462,3.9627,20.8884,5
463,6.1523,18.9058,5
464,5.3105,18.5033,5
465,3.8293,20.8424,5
466,7.2701,20.0558,5
467,3.896,20.065,5
468,4.3376,19.7821,5
469,5.69,18.3952,5
470,5.4623,19.306,5
471,7.231,19.8856,5
472,4.6987,19.5751,5
473,6.6974,20.0121,5
474,6.1247,20.088,5
475,6.4214,20.571,5
476,5.322,19.5705,5
477,4.8758,20.4468,5
478,5.8694,20.3709,5
479,5.7406,21.3898,5
480,6.1753,20.4284,5
481,3.6499,20.364,5
482,5.6233,19.8304,5
483,5.3013,20.2444,5
484,6.2006,20.1892,5
485,5.6463,18.9334,5
486,5.5359,20.801,5
487,5.4209,21.2518,5
489,6.3455,20.0834,5
490,4.1904,21.2265,5
491,5.5681,21.0333,5
492,4.793,20.364,5
493,5.5566,20.3778,5
494,5.0552,18.2365,5
495,4.7677,20.5503,5
496,5.7613,19.5889,5
497,2.907,20.5641,5
498,6.5709,20.4031,5
1537,7.3966,16.1987,5
2006,8.6754,19.7982,5
2007,7.1666,20.1018,5
2012,7.4035,20.1777,5
2019,8.9859,19.1082,5
2042,7.5668,20.5986,5
2054,7.5576,20.1616,5
2055,7.6611,20.5043,5
2060,7.9923,19.4601,5
2063,7.668,20.3916,5
2069,6.5617,21.4841,5
2073,7.8681,19.4348,5
2074,8.0475,20.0328,5
2091,8.4201,19.6993,5
2098,8.0268,20.3249,5
2999,5.8441,17.3993,5
3000,4.6182,17.7535,5
3001,5.368,17.5005,5
3002,6.0672,15.9986,5
3003,5.8533,16.4103,5
3004,5.4899,17.2774,5
3005,5.6279,16.5667,5
3006,5.0253,18.156,5
3007,6.6882,16.2424,5
3008,5.897,17.3625,5
3009,5.1173,16.7461,5
3010,5.6118,17.3809,5
3011,6.0511,16.1021,5
3012,4.3192,16.661,5
3013,5.9775,17.8248,5
3014,5.9223,16.9899,5
3015,5.7889,16.8933,5
3016,5.5267,16.0883,5
3017,6.7181,17.5971,5
3018,5.4508,15.3776,5
3019,5.7498,17.0014,5
3020,5.7406,15.9641,5
3021,7.0309,16.73,5
3022,5.4117,17.0819,5
3023,4.3307,17.2567,5
3024,5.8993,16.5437,5
3025,6.2075,15.6697,5
3026,6.0741,17.696,5
3027,5.253,16.8128,5
3028,4.5354,15.8491,5
3029,6.1132,16.0446,5
3030,5.2484,17.6615,5
3031,6.6767,15.7387,5
3032,6.1086,17.3855,5
3033,5.7935,17.8478,5
3034,6.1132,16.1872,5
3035,5.8004,15.4972,5
3036,6.7388,17.2337,5
3037,6.1891,18.1169,5
3038,5.0644,17.5649,5
3039,4.8758,16.5598,5
3040,5.0828,17.7834,5
3041,5.7935,17.4499,5
3042,6.7802,16.983,5
3043,4.862,17.1118,5
3044,6.0465,17.5051,5
3045,5.5888,16.3114,5
3046,6.3455,16.8772,5
3047,5.7084,15.7893,5
3048,6.2535,16.4954,5
3049,6.6537,17.0198,5
3050,6.2052,15.6674,5
3051,6.3018,15.7893,5
3052,5.9453,16.7967,5
3053,5.6394,17.9766,5
3054,5.4761,16.9186,5
3055,7.0608,16.086,5
3056,4.7562,17.8777,5
3057,5.4531,17.4154,5
3058,6.1155,16.8772,5
3059,5.9936,17.7029,5
3060,4.8643,16.0814,5
3061,5.4968,16.1826,5
3062,6.0442,17.0934,5
3063,6.3409,17.7857,5
3064,4.7217,16.0055,5
3065,7.0493,16.224,5
3066,5.0552,18.5217,5
3067,5.4416,18.4987,5
3068,6.9872,17.2383,5
3069,5.1311,16.6817,5
3070,7.4311,18.3331,5
3071,6.0879,16.1205,5
3072,5.8878,16.3781,5
3073,6.2121,17.9582,5
3074,6.9849,17.1785,5
3075,5.3542,17.2015,5
3076,7.2149,16.7944,5
3077,6.8906,16.0952,5
3078,5.552,15.557,5
3079,6.0488,16.2102,5
3080,5.7498,16.5069,5
3081,6.3064,16.8243,5
3082,5.3266,16.6725,5
3083,6.4237,17.4706,5
3084,5.1909,16.1458,5
3085,5.8947,16.2677,5
3086,5.4669,17.7489,5
3087,4.816,17.0037,5
3088,5.8901,16.9393,5
3089,6.0419,17.3625,5
3090,6.5456,16.6978,5
3091,6.0626,17.0865,5
3092,5.1219,18.4274,5
3093,7.3414,16.8197,5
3094,5.138,16.615,5
3095,5.736,16.9991,5
3096,5.276,17.2475,5
3097,6.4444,16.2033,5
3098,7.162,18.1836,5
599,19.9339,27.9149,6
600,21.1115,27.2065,6
601,21.3047,25.7023,6
602,20.4514,27.2134,6
603,21.6175,27.3767,6
605,21.0655,27.7194,6
606,21.4841,28.1242,6
607,21.5117,27.9517,6
608,23.0182,27.5423,6
609,21.5922,26.873,6
610,22.802,27.3836,6
611,20.847,28.2852,6
612,20.2053,27.6596,6
613,19.6993,27.8827,6
614,22.1603,28.483,6
615,21.7325,27.8804,6
616,22.6525,28.1564,6
617,21.0908,26.436,6
618,20.2076,28.023,6
619,20.686,27.7884,6
620,21.7808,27.8735,6
621,21.6037,28.2461,6
622,21.5485,26.9213,6
623,21.7831,26.7511,6
624,21.7003,27.2571,6
625,22.273,27.7723,6
626,22.5835,26.4222,6
627,21.7785,26.712,6
628,20.0788,26.6177,6
629,22.4202,29.104,6
630,20.5687,27.4618,6
631,20.5273,28.253,6
632,20.8838,27.448,6
633,20.9275,26.0404,6
634,20.7849,26.459,6
635,19.9017,26.2589,6
636,21.7325,26.5901,6
637,20.8999,27.8873,6
638,21.0195,26.505,6
639,21.5485,27.747,6
640,22.1672,26.9926,6
641,21.8268,26.7649,6
643,20.6607,26.7902,6
644,21.2794,27.6389,6
645,21.1805,26.8638,6
646,20.7987,27.1421,6
647,21.7624,26.5832,6
648,20.962,27.2042,6
649,21.2909,27.8873,6
650,21.7302,26.0588,6
651,21.6175,27.5538,6
652,20.3617,27.8666,6
653,21.9717,27.4342,6
654,20.7734,29.3754,6
655,20.6791,26.9512,6
656,21.6405,28.5359,6
657,20.732,26.7557,6
658,22.6019,29.4513,6
659,22.3075,26.2497,6
660,20.6354,29.7871,6
661,20.502,27.0478,6
662,20.4077,27.678,6
663,21.2081,27.0915,6
664,21.8636,27.7746,6
665,21.1368,28.2576,6
666,21.8774,27.241,6
667,21.5301,27.517,6
668,19.5222,27.5147,6
669,20.6814,26.8477,6
670,20.3364,27.0018,6
671,20.824,27.954,6
672,20.8723,28.3082,6
673,21.1506,28.1633,6
674,21.468,27.3652,6
675,21.2311,27.0984,6
676,20.9988,27.1329,6
677,22.3029,27.54,6
679,21.054,28.5819,6
680,21.0241,27.0294,6
681,21.974,27.2042,6
682,21.215,27.241,6
683,22.1189,27.4618,6
684,21.4588,27.4227,6
685,22.0637,27.8965,6
686,21.8222,27.1835,6
687,21.215,27.4181,6
688,21.1667,26.5165,6
689,21.1575,26.7005,6
690,21.4772,27.4848,6
691,21.8107,27.333,6
692,20.7044,27.4411,6
693,21.1506,27.5722,6
694,20.2007,27.0363,6
695,22.8066,27.8321,6
696,20.7849,27.5446,6
697,21.4519,26.85,6
698,20.5296,27.6228,6
801,19.0139,26.4222,6
807,18.7793,25.0997,6
811,19.0277,25.9691,6
815,20.2007,25.7138,6
819,18.5332,27.0064,6
822,18.8759,25.3987,6
850,18.8184,25.0537,6
856,19.6924,24.5293,6
863,18.6574,26.4521,6
864,18.4366,26.9558,6
879,18.8621,25.2055,6
881,18.8184,26.8086,6
882,19.0139,25.4539,6
889,18.6896,25.5206,6
897,19.1335,26.298,6
0,26.6614,7.3414,7
1,25.2653,6.2466,7
2,25.2285,4.7447,7
3,25.7529,5.1564,7
4,24.0785,5.6693,7
5,25.2722,6.8676,7
6,24.6535,6.2443,7
7,26.9834,6.633,7
8,25.7437,6.3179,7
9,26.4774,7.7416,7
10,26.7373,4.4756,7
11,27.1812,6.2972,7
12,25.4999,5.6739,7
13,25.3021,6.1431,7
14,23.3609,5.6601,7
15,25.5482,5.7107,7
16,26.2198,5.7337,7
17,25.884,6.3294,7
18,24.4649,5.7521,7
19,24.7708,6.7572,7
20,25.3274,5.6463,7
21,25.999,4.8551,7
22,25.0238,6.2742,7
23,25.8242,6.7848,7
24,25.4286,6.2834,7
25,27.3445,6.4697,7
26,24.6236,6.1178,7
27,27.126,6.1109,7
28,25.677,5.9085,7
29,25.539,6.3777,7
30,25.0491,6.0603,7
31,26.5924,6.0925,7
32,25.217,7.7531,7
33,25.2492,5.6486,7
34,24.941,5.0184,7
35,25.2814,7.5461,7
36,24.8191,6.1316,7
37,26.0105,6.8377,7
38,25.0215,6.564,7
39,25.1618,6.3064,7
40,25.8955,5.4393,7
41,24.8375,5.4416,7
42,25.4562,6.702,7
43,25.7161,5.5152,7
44,26.7212,4.7424,7
45,24.4649,7.2471,7
46,24.6328,5.3473,7
47,25.7253,6.7296,7
48,27.1168,5.6946,7
49,26.4958,5.9039,7
50,25.1158,6.1914,7
51,25.6103,7.6197,7
52,26.3026,6.7802,7
53,24.7915,6.2627,7
54,25.0997,5.8004,7
55,25.4838,7.0148,7
56,25.4217,7.3138,7
57,27.1306,6.9573,7
58,24.3338,5.1679,7
59,24.6236,5.6877,7
60,25.5183,4.8229,7
61,26.39,7.0401,7
62,24.3039,4.8827,7
63,25.5275,4.9333,7
64,24.8973,7.1919,7
65,24.7731,6.0925,7
66,26.5855,6.8423,7
67,25.6356,5.6371,7
68,26.7718,5.5336,7
69,24.8536,5.5152,7
70,25.8587,5.2208,7
71,25.2538,5.5727,7
72,25.4838,4.9333,7
73,25.5436,5.9844,7
74,23.1838,5.7314,7
75,27.7102,6.2535,7
76,25.1204,4.6504,7
77,25.2538,5.5681,7
78,25.5137,6.357,7
79,27.2249,5.5727,7
80,24.6581,5.9936,7
81,25.1894,5.4991,7
82,25.2446,5.9591,7
83,24.8007,4.4158,7
84,26.275,5.5888,7
85,25.8748,6.5456,7
86,24.6328,6.7503,7
87,24.8766,4.4664,7
88,26.4498,6.6997,7
89,25.148,5.9292,7
90,24.5914,5.8004,7
91,25.6954,5.9867,7
92,26.344,5.9522,7
93,26.8224,5.667,7
94,26.1347,5.0161,7
95,25.263,5.3082,7
96,24.6305,6.8354,7
97,25.8035,6.1937,7
98,26.0243,7.5576,7
509,25.953,8.2131,7
1000,22.2224,8.2131,7
1002,23.354,7.7577,7
1004,22.9768,8.2591,7
1006,23.7933,8.2821,7
1007,23.0343,8.6892,7
1008,23.2758,8.703,7
1009,22.641,8.4362,7
1010,23.2045,7.9647,7
1011,23.6898,7.2655,7
1013,24.1268,7.8175,7
1014,23.8209,8.1464,7
1016,23.5702,8.0889,7
1017,22.4248,7.6542,7
1018,22.7721,8.151,7
1020,22.5743,8.5374,7
1021,22.3259,7.8635,7
1022,22.4639,6.6353,7
1023,23.1953,8.6018,7
1024,23.9129,8.5489,7
1025,23.0297,8.5075,7
1026,23.5127,8.1073,7
1028,23.0182,8.7858,7
1030,22.5007,8.2476,7
1031,22.6203,8.9169,7
1032,21.8958,8.9905,7
1033,22.4133,8.4132,7
1034,22.1465,8.4339,7
1035,24.2119,8.6156,7
1037,23.7818,8.5259,7
1039,22.9147,7.8152,7
1040,24.435,8.5811,7
1041,24.8076,8.2223,7
1042,21.9602,8.3764,7
1045,24.2234,7.5461,7
1046,21.8866,8.9652,7
1047,22.5835,8.5029,7
1048,21.7785,7.1482,7
1049,23.8439,7.8911,7
1051,23.5656,8.7375,7
1052,22.0131,8.3603,7
1053,22.3213,9.0112,7
1054,23.9037,7.9808,7
1056,24.3798,8.1648,7
1057,24.6696,8.2039,7
1058,23.3057,8.0613,7
1062,24.1935,8.6018,7
1064,21.5761,7.8773,7
1065,23.0389,7.1942,7
1067,22.5398,8.1211,7
1068,22.2523,7.599,7
1069,23.2114,7.967,7
1071,23.722,7.9049,7
1074,23.1332,8.1395,7
1075,24.0831,8.4914,7
1076,23.2114,8.4109,7
1077,22.8572,7.9302,7
1078,22.6042,8.8387,7
1080,21.3829,8.8571,7
1082,24.1406,8.5305,7
1083,22.5904,8.4201,7
1084,24.7478,7.783,7
1085,22.3282,7.99,7
1086,24.8375,6.7871,7
1090,22.3236,8.1556,7
1091,23.2206,6.8515,7
1093,22.8089,7.9923,7
1094,21.6083,7.2655,7
1097,23.2597,8.3741,7
1098,23.4851,8.3074,7
2399,22.6801,4.5492,7
2400,22.2454,5.8211,7
2401,22.0936,6.1063,7
2402,22.9837,6.2075,7
2403,21.2196,5.7636,7
2404,20.3709,6.0534,7
2405,23.1792,5.0713,7
2406,21.813,7.0953,7
2407,21.5025,5.4853,7
2408,22.9193,4.3583,7
2409,21.3392,5.7406,7
2410,22.3282,5.3519,7
2411,21.8153,5.2323,7
2412,22.2132,4.6412,7
2413,21.4519,4.701,7
2414,22.5651,6.0718,7
2415,21.8659,6.0028,7
2416,22.6755,4.6021,7
2417,20.0857,6.1937,7
2418,20.9988,5.2645,7
2419,22.1925,6.4467,7
2420,22.0982,6.0925,7
2421,22.135,5.9821,7
2422,22.9492,4.6412,7
2423,22.963,4.5193,7
2424,22.1879,5.8441,7
2425,20.8401,5.6946,7
2426,21.6589,6.6928,7
2427,22.1695,5.3703,7
2428,22.158,6.104,7
2429,21.2081,4.8758,7
2430,21.5347,5.2714,7
2431,21.2725,4.5607,7
2432,22.6617,6.4421,7
2433,22.5007,5.3381,7
2434,21.5071,5.0897,7
2435,22.3466,6.1316,7
2436,21.4519,3.8776,7
2437,23.5403,6.1569,7
2438,22.2224,4.6734,7
2439,21.3185,5.9177,7
2440,21.1575,4.8804,7
2441,22.2431,5.3795,7
2442,23.5955,5.3795,7
2443,22.4547,6.2811,7
2444,22.5674,4.7677,7
2445,21.7739,4.0938,7
2446,21.8199,5.8234,7
2447,21.6589,5.4646,7
2448,21.3576,6.4306,7
2449,23.2689,6.0051,7
2450,22.7537,5.5934,7
2451,22.1695,5.7728,7
2452,22.5812,5.0437,7
2453,22.9814,6.8515,7
2454,22.6364,6.8653,7
2455,22.7606,5.9407,7
2456,21.8705,4.1858,7
2457,23.1194,5.621,7
2458,23.0527,5.1702,7
2459,23.0159,5.9131,7
2460,22.0568,5.782,7
2461,21.9027,4.701,7
2462,21.6589,5.8602,7
2463,21.8475,6.7549,7
2464,20.341,5.5658,7
2465,21.8774,5.2231,7
2466,21.8682,4.8482,7
2467,22.0729,5.2691,7
2468,21.9257,5.4048,7
2469,21.5692,4.5561,7
2470,22.2086,5.5221,7
2471,22.5421,5.874,7
2472,20.1501,7.231,7
2473,23.0205,5.2093,7
2474,21.8406,7.001,7
2475,22.5352,5.8878,7
2476,23.2505,5.1886,7
2477,23.6668,7.5024,7
2478,20.7504,5.2898,7
2479,22.4432,4.0892,7
2480,22.2569,5.9798,7
2481,22.2707,5.5773,7
2482,21.859,4.8827,7
2483,22.6456,6.702,7
2484,23.2919,5.1196,7
2485,23.8761,6.3754,7
2486,22.296,6.0051,7
2487,21.8153,6.0718,7
2488,21.7371,5.3979,7
2489,22.6571,5.2806,7
2490,22.3903,6.3869,7
2491,22.2247,5.6302,7
2492,22.2201,5.4071,7
2493,21.2311,5.9867,7
2494,21.767,6.2696,7
2495,21.7233,6.5387,7
2496,22.2569,5.8441,7
2497,21.583,3.7925,7
2498,21.2541,5.5934,7
488,6.9987,21.7693,8
907,10.7753,21.7808,8
909,11.2169,22.2454,8
910,11.0628,21.422,8
912,11.1134,21.4335,8
913,11.3066,20.847,8
917,11.1134,22.0821,8
918,11.831,21.7072,8
920,11.5481,21.9809,8
921,10.681,22.3397,8
925,11.6309,22.4708,8
926,11.2537,20.6446,8
928,11.1341,21.0655,8
929,11.1088,21.5784,8
935,11.5021,21.606,8
937,11.164,21.974,8
938,12.0081,21.7302,8
941,11.1594,21.445,8
942,11.6631,22.4685,8
943,11.0214,21.6589,8
946,11.0927,21.9234,8
947,10.8213,20.6561,8
952,11.1111,20.8286,8
954,12.1806,22.2063,8
955,11.5343,21.4036,8
957,11.6539,22.1971,8
966,11.3664,20.9275,8
967,11.7666,21.4519,8
972,11.2031,20.6722,8
975,10.0784,21.9855,8
976,11.3572,23.5587,8
977,11.3066,21.399,8
987,10.6971,21.5508,8
988,11.6769,21.4151,8
989,11.4653,20.9689,8
992,11.4906,21.7026,8
993,11.1939,21.2656,8
994,11.7413,22.1488,8
998,11.9943,21.9625,8
1999,8.772,20.778,8
2000,9.6943,23.1999,8
2001,9.6713,20.6906,8
2002,8.6225,22.2132,8
2003,8.8134,21.1,8
2004,8.3005,21.2426,8
2005,8.8617,21.4059,8
2008,9.3838,21.2357,8
2009,9.0641,21.8015,8
2010,8.5489,21.6405,8
2011,8.8663,20.6929,8
2013,8.6294,23.0297,8
2014,9.2113,21.9556,8
2015,9.2573,22.0246,8
2016,7.5116,22.5421,8
2017,8.9307,22.3121,8
2018,8.9215,21.2863,8
2020,9.3815,21.6796,8
2021,8.151,21.7072,8
2022,8.6317,21.1184,8
2023,8.8318,20.3847,8
2024,8.2315,20.6768,8
2025,7.9509,20.6975,8
2026,8.312,21.3484,8
2027,8.4569,21.3185,8
2028,9.1147,21.5784,8
2029,7.806,22.0729,8
2030,9.6368,21.6888,8
2031,7.6726,22.1212,8
2032,8.9238,20.2444,8
2033,8.7559,21.7716,8
2034,8.9583,20.3226,8
2035,7.829,21.0218,8
2036,9.4459,21.9257,8
2037,9.0733,21.3852,8
2038,7.8152,21.4979,8
2039,8.6409,22.4202,8
2040,8.8364,20.7849,8
2041,7.8474,21.1046,8
2043,9.5563,21.7555,8
2044,9.0526,22.1511,8
2045,9.3125,20.8309,8
2046,8.1119,21.7785,8
2047,9.9197,20.4928,8
2048,9.4597,21.0471,8
2049,9.4781,20.6239,8
2050,10.0048,21.4542,8
2051,8.9169,19.8419,8
2052,8.8042,22.2707,8
2053,9.9749,20.5388,8
2056,9.0825,22.5605,8
2057,8.5834,21.8636,8
2058,9.4505,22.1787,8
2059,8.2315,20.9505,8
2061,8.3925,21.2242,8
2062,8.1073,22.1235,8
2064,9.669,20.2674,8
2065,8.6041,21.3622,8
2066,8.611,21.5255,8
2067,7.6427,22.1948,8
2068,8.6938,21.0011,8
2070,9.5333,21.3852,8
2071,8.864,21.5117,8
2072,8.4132,21.1115,8
2075,9.6828,21.5922,8
2076,8.6915,20.3778,8
2077,8.5098,22.0315,8
2078,9.0802,21.5347,8
2079,9.1584,20.9436,8
2080,9.8783,19.5567,8
2081,9.4413,23.055,8
2082,9.3608,20.9551,8
2083,8.4086,20.6354,8
2084,8.8318,21.6129,8
2085,9.1538,21.7509,8
2086,7.8014,22.0361,8
2087,8.45,20.9804,8
2088,7.8359,22.7031,8
2089,7.6726,21.2334,8
2090,8.1602,20.7389,8
2092,9.9197,21.2012,8
2093,10.2716,20.3709,8
2094,8.5351,22.0315,8
2095,9.4965,21.7003,8
2096,9.2343,21.4611,8
2097,8.6593,21.0011,8
2699,10.4027,23.6553,8
2700,10.0117,24.0394,8
2701,10.5499,23.9474,8
2702,10.7523,25.4355,8
2703,8.7766,25.2837,8
2704,9.4689,23.4667,8
2705,10.7822,23.3402,8
2706,10.9662,23.8646,8
2707,10.0669,26.0749,8
2708,9.6069,25.0698,8
2709,9.5149,25.0882,8
2710,11.1755,25.9967,8
2711,11.0122,25.3412,8
2712,10.0255,23.9773,8
2713,9.6184,25.3987,8
2714,10.4326,24.5178,8
2715,9.0825,22.135,8
2716,8.6547,24.757,8
2717,10.7776,24.4902,8
2718,9.4114,24.4695,8
2719,10.1796,24.6857,8
2720,10.6787,23.9934,8
2721,11.4814,24.4327,8
2722,9.3999,23.6622,8
2723,10.2762,24.6512,8
2724,10.9202,24.7708,8
2725,9.2458,24.849,8
2726,10.4142,24.5201,8
2727,9.9289,24.7915,8
2728,10.0439,24.3936,8
2729,10.5476,23.6208,8
2730,10.4119,25.9737,8
2731,11.0766,23.8715,8
2732,9.7886,24.5592,8
2733,9.9611,24.4396,8
2734,10.2762,24.4235,8
2735,10.9639,24.964,8
2736,10.5982,24.7616,8
2737,10.1405,23.2942,8
2738,11.3664,23.8531,8
2739,10.3452,24.2947,8
2740,10.3567,24.3867,8
2741,9.9082,24.849,8
2742,9.393,23.239,8
2743,11.7551,23.9796,8
2744,10.1313,25.0284,8
2745,9.8162,23.8945,8
2746,9.4712,24.7915,8
2747,10.175,25.1779,8
2748,10.3452,24.6535,8
2749,9.5839,25.4516,8
2750,9.5103,25.9369,8
2751,10.7155,23.0527,8
2752,9.7679,25.0077,8
2753,11.0099,24.4534,8
2754,10.8903,24.734,8
2755,9.2596,24.2211,8
2756,8.519,22.8986,8
2757,10.612,25.2032,8
2758,10.5522,22.9055,8
2759,11.4009,23.9819,8
2760,10.0002,24.0486,8
2761,11.555,25.0399,8
2762,10.819,24.8168,8
2763,9.6276,24.3108,8
2764,11.0674,24.2165,8
2765,10.9041,24.0095,8
2766,9.1814,25.3895,8
2767,9.8599,24.1199,8
2768,9.922,23.7059,8
2769,10.1244,25.0031,8
2770,9.7472,24.2947,8
2771,11.003,24.2372,8
2772,10.2026,24.1153,8
2773,11.3526,23.5058,8
2774,10.681,23.3356,8
2775,10.5315,24.9571,8
2776,11.0122,25.0905,8
2777,10.3958,23.4368,8
2778,9.8024,23.9704,8
2779,9.8484,23.8393,8
2780,10.5706,23.8761,8
2781,10.1773,24.7271,8
2782,10.819,23.8324,8
2783,11.8563,25.9346,8
2784,10.083,24.1015,8
2785,9.508,23.8439,8
2786,9.5333,24.8697,8
2787,10.4303,23.4759,8
2788,9.1814,24.9732,8
2789,10.5844,23.7749,8
2790,9.485,22.9354,8
2791,10.1796,22.3167,8
2792,10.589,23.8531,8
2793,8.8203,25.0905,8
2794,10.6258,24.2096,8
2795,10.4395,24.0164,8
2796,10.4441,24.0785,8
2797,9.4528,24.5615,8
2798,10.3567,24.3154,8
99,18.4941,12.5877,9
100,18.1606,12.5486,9
114,18.0272,12.6176,9
115,17.1026,13.1719,9
125,16.638,12.9649,9
129,17.6132,13.4686,9
152,16.845,12.9235,9
184,19.3934,12.5601,9
185,17.9651,12.5256,9
189,17.1992,12.5969,9
193,17.098,13.5744,9
198,18.2457,13.0201,9
734,15.603,16.9301,9
790,14.5105,16.8519,9
798,14.2897,16.8427,9
1299,16.6863,13.8642,9
1300,17.8731,15.143,9
1301,15.7617,14.3472,9
1302,16.6334,13.4295,9
1303,16.27,14.8532,9
1304,16.9692,14.7612,9
1305,15.9503,13.7331,9
1306,16.9048,13.8964,9
1307,16.4793,14.9981,9
1308,17.6224,12.9212,9
1309,16.2516,13.2731,9
1310,16.7277,13.8688,9
1311,17.213,14.0137,9
1312,15.4466,14.9981,9
1313,16.0745,14.0022,9
1314,15.7571,15.258,9
1315,15.8629,14.7635,9
1316,16.7944,14.453,9
1317,16.5943,15.511,9
1318,17.1969,14.9521,9
1319,17.3349,15.1798,9
1320,15.5156,14.8808,9
1321,16.3114,14.9521,9
1322,15.9641,15.0694,9
1323,15.8008,14.2437,9
1324,16.6196,13.7768,9
1325,16.431,15.5317,9
1326,16.2171,14.9958,9
1327,15.4397,14.7842,9
1328,16.0768,17.0313,9
1329,16.6679,14.5841,9
1330,17.3924,14.6232,9
1331,15.7985,13.7998,9
1332,16.1734,15.2212,9
1333,15.9733,15.7617,9
1334,16.4149,14.8532,9
1335,16.4103,14.3909,9
1336,16.983,15.7272,9
1337,16.4425,12.935,9
1338,15.603,16.1619,9
1339,15.7732,15.3293,9
1340,15.4765,14.0505,9
1341,16.6196,15.0165,9
1342,15.3086,14.89,9
1343,16.0952,14.3633,9
1344,16.4885,14.683,9
1345,16.1527,14.1218,9
1346,16.2171,15.0303,9
1347,16.4701,14.0137,9
1348,17.7995,14.1218,9
1349,15.6421,14.1678,9
1350,17.2176,14.821,9
1351,16.224,14.5174,9
1352,16.5276,15.1844,9
1353,16.086,14.8785,9
1354,17.466,15.1936,9
1355,14.9406,14.5013,9
1356,15.8721,12.8867,9
1357,16.799,15.6168,9
1358,16.1067,14.4208,9
1359,16.2953,15.2189,9
1360,15.2971,14.6715,9
1361,17.0727,14.3242,9
1362,15.2948,14.7658,9
1363,16.6058,14.9912,9
1364,14.5588,14.4001,9
1365,16.2378,13.8435,9
1366,16.6886,14.7198,9
1367,16.1182,15.2534,9
1368,15.5823,13.8297,9
1369,15.2051,14.039,9
1370,16.0515,14.3081,9
1371,16.6265,15.0855,9
1372,16.2309,14.7497,9
1373,16.1711,14.4208,9
1374,17.3441,15.2258,9
1375,15.5938,15.0487,9
1376,17.9007,14.3127,9
1377,15.4949,15.3385,9
1378,16.3206,16.1596,9
1379,17.2797,14.9268,9
1380,16.4931,14.2437,9
1381,16.661,16.3896,9
1382,16.0101,14.7612,9
1383,16.2746,16.1412,9
1384,17.3027,13.6388,9
1385,16.7875,15.4029,9
1386,15.3431,15.4167,9
1387,16.3597,17.1233,9
1388,16.224,15.4374,9
1389,16.5713,15.2764,9
1390,15.0924,15.9894,9
1391,16.7806,14.6163,9
1392,15.2925,16.4195,9
1393,16.7875,16.0653,9
1394,17.4568,14.2759,9
1395,15.6536,13.4456,9
1396,17.0083,14.1011,9
1397,16.3804,15.0372,9
1398,15.9388,15.1913,9
1691,13.4203,13.5146,9
799,18.2158,26.4751,10
800,17.9191,25.4401,10
802,17.627,26.6982,10
803,18.3354,26.1554,10
804,17.9076,24.964,10
805,17.4798,26.3969,10
806,17.7305,25.3803,10
808,18.0479,26.1669,10
809,17.6546,25.6287,10
810,18.0939,26.0542,10
812,16.0193,25.7368,10
813,16.6817,26.1117,10
814,18.1169,24.5063,10
816,17.6868,25.5206,10
817,16.2171,25.4562,10
818,18.0709,24.9502,10
820,18.1123,26.5257,10
821,18.2273,26.4452,10
823,18.5654,25.6862,10
824,17.5948,27.4825,10
825,18.0387,25.5459,10
826,17.3694,25.1043,10
827,18.1054,25.9783,10
828,18.0732,25.447,10
829,17.9697,26.8017,10
830,17.0773,26.3302,10
831,16.4287,25.2883,10
832,18.5194,24.7731,10
833,17.8018,26.7097,10
834,17.3303,26.1738,10
835,17.8685,26.7718,10
836,18.0042,25.8012,10
837,18.3952,24.6719,10
838,18.0364,25.7552,10
839,16.7116,26.2106,10
840,18.225,24.5891,10
841,17.4844,25.5735,10
842,18.0801,26.0887,10
843,18.0824,27.6665,10
844,18.5378,25.5252,10
845,18.3607,26.3762,10
846,17.6201,24.5845,10
847,18.0502,25.0261,10
848,17.8179,25.4447,10
849,17.5235,25.5919,10
851,18.2894,26.7166,10
852,17.3464,25.2607,10
853,18.3791,25.447,10
854,17.7512,26.7902,10
855,16.5023,25.2423,10
857,16.9853,25.3918,10
858,17.2567,25.24,10
859,18.0433,25.8334,10
860,18.0847,25.8288,10
861,17.3441,25.9898,10
862,18.2411,25.0583,10
865,18.6275,25.3826,10
866,18.3837,24.6167,10
867,17.7742,26.4429,10
868,18.0318,25.1572,10
869,18.1675,25.7506,10
870,18.2365,26.413,10
871,17.6822,24.6949,10
872,16.5897,26.1462,10
873,17.0336,25.3665,10
874,17.2061,24.5753,10
875,18.6091,25.4884,10
876,18.041,25.7575,10
877,17.8708,25.2676,10
878,18.3515,26.6476,10
880,16.661,25.447,10
883,17.8432,25.9622,10
884,18.4067,26.4038,10
885,17.0842,25.424,10
886,18.3055,25.0169,10
887,17.4062,25.9024,10
888,17.144,26.1393,10
890,17.512,26.0036,10
891,18.2963,25.3826,10
892,18.0134,26.6706,10
893,17.7558,26.0266,10
894,17.8294,25.746,10
895,17.4752,24.6972,10
896,18.1445,26.0887,10
898,18.1491,25.7253,10
2099,14.2138,27.5331,10
2100,14.3173,27.5768,10
2101,15.2074,28.1196,10
2102,14.4737,25.5712,10
2103,14.2276,27.4802,10
2104,13.1742,27.0156,10
2105,14.3679,25.861,10
2106,14.3587,26.7994,10
2107,14.2092,26.1485,10
2108,14.1655,27.2617,10
2109,13.4134,26.7672,10
2110,14.3242,26.6568,10
2111,13.3881,26.0013,10
2112,13.2363,26.1554,10
2113,14.4737,26.965,10
2114,15.4719,26.8868,10
2115,13.7101,26.5119,10
2116,13.7423,25.1411,10
2117,13.901,25.7368,10
2118,14.7819,26.643,10
2119,13.924,25.2906,10
2120,14.8233,26.2842,10
2121,14.0068,28.3795,10
2122,13.464,27.5055,10
2123,15.4466,26.4107,10
2124,14.7359,27.4825,10
2125,14.1885,27.6826,10
2126,14.4691,25.2446,10
2127,15.6881,26.9742,10
2128,13.0753,28.7199,10
2129,13.0477,26.8408,10
2130,14.7451,24.9019,10
2131,14.2598,26.0105,10
2132,14.4254,27.8022,10
2133,12.9051,25.7805,10
2134,14.9406,27.6757,10
2135,13.0615,26.965,10
2136,14.0459,26.3463,10
2137,13.3881,26.1278,10
2138,14.3127,25.9645,10
2139,14.7359,27.5722,10
2140,14.1839,26.3417,10
2141,13.3536,26.3026,10
2142,13.4962,26.5947,10
2143,13.9907,25.6471,10
2144,13.2409,26.8707,10
2145,14.0666,26.9903,10
2146,13.4801,27.5791,10
2147,16.914,26.6821,10
2148,14.5611,26.9167,10
2149,14.4737,26.8224,10
2150,13.8021,26.9673,10
2151,13.1466,26.896,10
2152,13.1627,26.8454,10
2153,15.5961,25.0813,10
2154,14.729,27.4756,10
2155,15.1177,27.7953,10
2156,14.568,25.7483,10
2157,12.6613,26.5349,10
2158,13.9953,26.8615,10
2159,13.6825,26.7695,10
2160,13.2593,27.5952,10
2161,14.2368,26.9742,10
2162,14.1678,26.0542,10
2163,14.6738,27.7746,10
2164,14.2115,25.9898,10
2165,14.1586,25.5413,10
2166,14.3587,26.0542,10
2167,13.4985,27.1513,10
2168,14.0919,26.0703,10
2169,14.6232,26.2865,10
2170,13.9631,27.5032,10
2171,13.855,26.6223,10
2172,13.8412,26.2428,10
2173,14.5059,27.3077,10
2174,14.0873,28.6118,10
2175,13.1742,26.9213,10
2176,13.4686,26.9489,10
2177,14.0804,27.5331,10
2178,14.8854,26.9443,10
2179,13.8136,25.9277,10
2180,14.0919,26.5947,10
2181,14.5289,26.5602,10
2182,14.6807,25.7828,10
2183,15.1476,26.3417,10
2184,15.3868,26.2612,10
2185,13.4548,26.758,10
2186,13.0592,28.0368,10
2187,13.4088,27.1513,10
2188,13.2317,27.8551,10
2189,14.5542,26.1278,10
2190,13.0983,25.2354,10
2191,14.1195,25.7161,10
2192,12.8085,26.574,10
2193,13.2501,26.5096,10
2194,14.7727,26.4866,10
2195,13.4709,27.3031,10
2196,13.7538,27.9471,10
2197,13.7906,26.2635,10
2198,14.4806,27.5561,10
2815,16.5874,23.3931,10
2861,14.9291,23.4138,10
2878,16.4356,23.4874,10
2879,16.0354,23.2482,10
2880,15.8629,23.6714,10
202,8.6363,9.8139,11
210,8.9514,11.0628,11
211,8.8456,10.3866,11
215,9.1515,10.796,11
216,8.5029,9.1791,11
218,9.0756,9.3723,11
220,8.8295,10.4648,11
222,9.2021,11.0076,11
226,9.209,11.0467,11
230,9.1584,10.8535,11
231,8.9813,9.7127,11
235,8.8042,10.3015,11
237,9.715,9.9151,11
238,8.3189,9.0365,11
239,9.5954,9.1469,11
241,9.0733,8.9307,11
244,9.393,9.4735,11
247,10.1635,9.1239,11
249,8.8249,9.9335,11
251,9.002,11.1433,11
257,9.6023,9.0526,11
262,9.1837,9.8484,11
264,8.9951,9.5678,11
269,8.9905,10.8006,11
270,10.4004,9.9749,11
271,8.9215,10.0577,11
273,9.5678,10.5683,11
274,8.9491,9.7863,11
275,9.2527,10.8558,11
277,9.3102,11.6539,11
278,8.9836,9.7104,11
279,8.6892,9.7219,11
281,9.2435,10.6212,11
282,10.1681,9.0802,11
284,9.071,10.2187,11
287,9.0089,10.3958,11
290,8.7927,10.0876,11
292,8.6823,9.0986,11
293,9.1722,10.5729,11
1799,11.7735,8.1878,11
1800,12.0909,7.6795,11
1801,11.509,8.7743,11
1802,11.1985,8.3442,11
1803,11.0536,8.289,11
1804,11.3319,8.0452,11
1805,10.6051,6.9044,11
1806,13.0017,6.6192,11
1807,11.5665,8.9905,11
1808,11.7022,8.289,11
1809,12.0794,8.5328,11
1810,11.8379,8.1648,11
1811,10.8443,7.7301,11
1812,11.5849,9.7656,11
1813,12.6751,7.4955,11
1814,11.9966,7.7669,11
1815,12.1576,8.8249,11
1816,12.0357,7.5116,11
1817,10.474,7.9302,11
1818,11.4745,7.415,11
1819,11.4009,8.4086,11
1820,12.3002,8.6248,11
1821,10.4579,9.0204,11
1822,10.9018,9.2573,11
1823,12.3025,7.9969,11
1824,11.2859,8.082,11
1825,12.5118,8.933,11
1826,11.946,6.8607,11
1827,10.4993,8.9307,11
1828,10.8949,9.9036,11
1829,11.1502,8.1924,11
1830,11.3825,8.4086,11
1831,12.337,8.2614,11
1832,10.5384,8.1648,11
1833,11.4699,6.8929,11
1834,12.061,8.3465,11
1835,11.4078,9.1285,11
1836,10.5752,8.5903,11
1837,12.958,7.4817,11
1838,10.8075,7.3046,11
1839,9.9634,7.8497,11
1840,10.9892,9.5747,11
1841,10.98,8.9146,11
1842,10.6741,8.4684,11
1843,11.4952,7.8451,11
1844,11.9345,8.4362,11
1845,12.8131,8.0498,11
1846,12.4382,8.5857,11
1847,12.4152,9.8875,11
1848,10.2693,8.289,11
1849,11.0812,8.4523,11
1850,10.2233,7.576,11
1851,11.3135,9.2159,11
1852,11.7275,7.484,11
1853,11.1571,9.8783,11
1854,11.9943,8.7858,11
1855,13.0109,7.9072,11
1856,10.1796,8.45,11
1857,11.8402,9.0135,11
1858,11.601,8.9813,11
1859,11.6378,8.9629,11
1860,10.7546,8.1694,11
1861,10.2141,7.4058,11
1862,9.6368,8.1947,11
1863,11.3733,8.2315,11
1864,9.7909,9.1561,11
1865,11.647,9.163,11
1866,11.1134,7.2264,11
1867,11.9713,8.1694,11
1868,9.8829,8.772,11
1869,12.2312,8.1809,11
1870,11.8333,7.1689,11
1871,12.1461,7.7554,11
1872,11.5458,7.3667,11
1873,9.0411,8.5466,11
1874,11.0329,7.3391,11
1875,11.5481,8.8617,11
1876,11.9161,8.2246,11
1877,10.1796,7.9578,11
1878,11.8103,8.2269,11
1879,10.9938,8.7145,11
1880,11.7321,7.7577,11
1881,11.0766,9.025,11
1882,11.8816,9.2872,11
1883,10.4924,8.8686,11
1884,11.7919,8.0613,11
1885,12.1967,9.3677,11
1886,10.474,8.588,11
1887,11.3963,7.5185,11
1888,12.0403,7.8911,11
1889,11.3457,8.8111,11
1890,11.67,8.5765,11
1891,11.3641,7.0999,11
1892,10.9064,7.2655,11
1893,11.3802,8.4086,11
1894,10.9501,8.6156,11
1895,11.6631,8.2039,11
1896,11.9851,9.6345,11
1897,12.0587,7.7347,11
1898,10.451,6.84,11
1099,27.6389,14.4967,12
1100,25.9116,14.1609,12
1101,26.5073,14.9268,12
1102,24.826,15.2971,12
1103,25.562,15.1476,12
1104,26.4084,14.6163,12
1105,24.6052,14.9958,12
1106,25.2906,14.9567,12
1107,26.7074,13.8573,12
1108,25.6931,15.4443,12
1109,24.8329,16.0377,12
1110,25.7943,13.947,12
1111,25.1871,14.5128,12
1112,26.2014,13.4732,12
1113,24.4649,14.5496,12
1114,26.4061,14.5312,12
1115,26.6292,16.3804,12
1116,25.4194,14.4622,12
1117,25.4746,13.809,12
1118,26.965,15.0717,12
1119,25.8886,15.2695,12
1120,25.7322,15.6881,12
1121,26.0887,15.8997,12
1122,24.8697,14.6393,12
1123,26.8638,13.9171,12
1124,24.9824,14.9774,12
1125,24.8858,14.3196,12
1126,25.7092,15.0119,12
1127,26.3693,14.5795,12
1128,26.5533,15.0418,12
1129,26.0381,14.3242,12
1130,27.7194,13.7998,12
1131,26.1807,14.8026,12
1132,26.9029,14.6439,12
1133,26.3946,16.7967,12
1134,26.5648,15.603,12
1135,26.1853,16.1872,12
1136,26.4245,14.9176,12
1137,27.3376,14.6301,12
1138,26.1255,13.8918,12
1139,26.0749,14.5151,12
1140,27.6228,15.2741,12
1141,27.0018,14.8417,12
1142,26.1807,15.2396,12
1143,25.6103,13.9378,12
1144,26.7074,15.1568,12
1145,27.0317,14.4323,12
1146,25.8886,14.1954,12
1147,27.5561,13.2133,12
1148,27.1007,14.5243,12
1149,26.9259,15.5639,12
1152,25.9323,14.8486,12
1154,25.7989,14.6715,12
1156,26.39,13.8021,12
1157,26.1462,15.0786,12
1158,27.149,14.3058,12
1159,26.9213,14.5473,12
1160,25.1204,14.2299,12
1161,26.3095,14.5404,12
1162,26.068,14.4392,12
1163,25.3918,13.9976,12
1164,26.5441,14.4852,12
1165,25.8311,15.5202,12
1166,26.9604,14.8486,12
1167,25.3872,15.6628,12
1168,26.3095,15.8422,12
1169,27.1812,16.3298,12
1170,25.2814,14.2299,12
1171,25.4102,14.637,12
1172,26.0634,14.7336,12
1173,25.1089,16.9025,12
1174,26.6614,15.7088,12
1175,26.6384,13.4042,12
1176,26.4383,15.0418,12
1177,26.7534,14.9383,12
1178,25.7805,15.212,12
1179,26.1853,14.4668,12
1180,26.3118,14.5427,12
1181,26.1071,13.4548,12
1182,24.9571,15.0303,12
1183,25.5597,13.9125,12
1184,26.7925,14.2345,12
1185,26.6453,15.3546,12
1186,24.5362,16.9117,12
1187,26.6522,14.2115,12
1188,25.8794,15.0211,12
1189,25.7897,15.1453,12
1190,26.7534,15.6398,12
1191,26.2957,15.5087,12
1192,26.9535,15.5133,12
1194,25.8242,14.6485,12
1195,26.4084,15.2212,12
1196,25.608,15.7548,12
1197,25.3596,14.2069,12
1198,25.3412,13.9631,12
1699,26.9995,17.3234,12
1700,27.1398,16.4471,12
1701,27.8781,16.7806,12
1702,28.3933,16.822,12
1703,28.621,16.4632,12
1704,28.1495,18.156,12
1705,26.8132,17.7052,12
1706,26.6246,18.0847,12
1707,27.7976,18.2917,12
1708,26.7005,16.9232,12
1709,26.8891,17.0428,12
1710,28.2415,18.3032,12
1711,25.9944,16.6863,12
1712,27.9862,17.3602,12
1713,28.1449,16.5598,12
1714,26.5441,17.3441,12
1715,28.2622,18.8943,12
1716,27.3146,18.0824,12
1717,27.7378,16.9278,12
1718,27.0662,16.6311,12
1719,26.8776,18.6896,12
1720,27.9632,16.0469,12
1721,27.0961,17.3671,12
1722,27.6504,17.1762,12
1723,26.8201,18.823,12
1724,27.1214,18.2595,12
1725,25.8518,18.6183,12
1726,27.7332,16.9968,12
1727,27.0846,17.075,12
1728,27.7884,18.3492,12
1729,28.2898,17.9536,12
1730,27.0478,17.8271,12
1731,28.2139,18.133,12
1732,27.5032,18.3975,12
1733,26.252,18.4389,12
1734,27.1352,18.3906,12
1735,26.9972,17.1831,12
1736,26.9926,17.1923,12
1737,28.3542,16.6564,12
1738,27.6688,16.0009,12
1739,27.885,16.4747,12
1740,27.7056,18.7379,12
1741,25.9139,17.949,12
1742,26.6062,18.2963,12
1743,28.0069,17.9053,12
1744,27.8942,16.9209,12
1745,26.7488,16.0814,12
1746,26.3118,16.2907,12
1747,27.1628,16.73,12
1748,28.4117,18.1192,12
1749,27.0064,18.179,12
1750,26.551,17.6247,12
1752,26.7166,17.5143,12
1753,27.0386,15.8077,12
1754,28.6693,17.4775,12
1755,28.6003,17.8593,12
1756,26.6154,17.7834,12
1757,27.379,17.9076,12
1758,27.4549,17.4959,12
1759,28.1196,18.2365,12
1760,28.1173,17.7259,12
1761,29.2926,17.4614,12
1762,28.6486,16.5667,12
1763,27.2824,17.1394,12
1764,27.5124,17.0313,12
1765,27.1513,17.236,12
1766,26.919,16.27,12
1767,27.7447,16.8749,12
1768,26.6729,17.3441,12
1769,25.8058,17.2751,12
1770,26.1646,15.9687,12
1771,27.4687,15.6329,12
1772,26.9282,18.1146,12
1773,26.1554,17.5764,12
1774,27.0524,17.6385,12
1775,26.6085,18.4205,12
1776,27.6021,18.9288,12
1777,25.677,17.9214,12
1778,26.0565,17.1831,12
1779,27.2111,18.6896,12
1780,27.2686,17.834,12
1781,27.5423,16.4609,12
1782,27.4043,17.0865,12
1783,28.046,18.0456,12
1784,27.6596,16.8726,12
1785,27.5216,16.5345,12
1786,27.2571,16.9623,12
1787,27.0248,17.4913,12
1788,27.4963,17.4062,12
1789,27.563,16.9324,12
1790,28.0161,16.8726,12
1792,26.3371,18.1192,12
1793,25.9208,17.8547,12
1794,27.1352,18.9265,12
1795,25.8311,18.0295,12
1796,27.1881,17.6339,12
1797,27.6435,17.9789,12
1798,25.7897,17.7328,12
2502,25.5804,15.4167,12
2531,24.2096,16.1205,12
2549,24.3039,15.4903,12
2552,24.0785,15.2833,12
2556,23.5242,15.2971,12
2561,24.1475,16.7208,12
2579,24.067,16.6058,12
2589,24.0555,16.5621,12
2591,24.4787,17.9421,12
2596,24.2257,16.0354,12
699,13.5238,18.1077,13
700,13.7262,18.3699,13
701,13.9792,18.8575,13
702,13.5468,18.8805,13
703,14.016,18.8667,13
704,14.1379,18.9909,13
705,13.8596,18.0525,13
706,12.6291,20.134,13
707,13.8596,18.2733,13
708,14.2391,19.5521,13
709,15.6007,18.9518,13
710,14.0482,17.926,13
711,13.05,18.2342,13
713,13.717,18.7103,13
714,14.7221,19.1864,13
715,14.9153,18.1008,13
716,12.9948,20.7136,13
717,13.027,18.3561,13
718,13.9447,17.88,13
719,13.3628,19.2853,13
720,14.4622,19.5912,13
721,15.051,19.007,13
722,14.9521,20.41,13
723,13.3375,19.4164,13
724,13.8849,18.8621,13
725,13.9562,19.5935,13
726,12.9925,20.2927,13
727,15.1637,19.3704,13
728,14.7842,18.2319,13
729,14.3587,18.225,13
730,14.3426,19.7062,13
731,13.349,18.2342,13
732,14.0781,17.9214,13
733,14.1632,18.7816,13
735,14.3081,17.9881,13
736,13.1052,19.4624,13
737,15.0648,18.6689,13
738,12.8499,19.0645,13
739,14.0344,19.0507,13
740,16.0745,18.1054,13
741,13.7262,19.8465,13
742,12.6498,18.5792,13
743,13.4686,18.892,13
744,14.4484,17.7811,13
745,12.4152,19.2209,13
746,14.2713,18.0893,13
747,13.786,18.5217,13
748,12.6268,19.7108,13
749,14.062,18.7701,13
750,13.2386,19.5958,13
751,13.464,19.3543,13
752,14.1425,19.4003,13
753,14.0689,19.4233,13
754,12.3209,18.0111,13
755,12.8338,18.2204,13
756,14.8716,17.9076,13
757,14.1448,17.9214,13
758,15.5179,18.5286,13
759,15.8629,18.0272,13
760,13.0454,19.0346,13
761,14.5887,17.9467,13
762,14.223,18.0019,13
763,15.3546,19.1772,13
764,14.6002,18.57,13
765,14.637,19.6464,13
766,12.8384,18.984,13
767,13.901,18.1997,13
768,15.2212,19.0461,13
769,13.9792,17.4729,13
770,15.3408,19.3888,13
771,13.3513,18.5585,13
772,12.9097,19.2071,13
773,13.1972,19.4509,13
774,13.3927,17.2521,13
775,12.6245,19.3405,13
776,13.8297,18.9058,13
777,13.4272,17.9743,13
778,13.7515,19.0875,13
779,13.9378,18.6275,13
780,12.5164,17.8248,13
781,12.8545,19.1473,13
782,13.924,19.3888,13
783,14.6485,18.7724,13
784,13.464,18.4964,13
785,13.5192,17.5327,13
786,13.1466,19.1312,13
787,13.3398,19.4417,13
788,13.6963,18.7977,13
789,15.373,19.4371,13
791,13.8895,20.4261,13
792,15.2695,18.8069,13
793,13.6273,18.4987,13
794,13.8458,19.3543,13
795,13.188,18.6183,13
796,13.4939,18.3193,13
797,12.8729,18.7103,13
899,11.9759,20.5894,13
900,12.061,21.4979,13
901,12.7027,19.559,13
902,12.6613,21.0356,13
903,11.5343,19.5636,13
904,12.2059,21.5899,13
905,12.4152,21.9395,13
906,13.188,22.3167,13
908,11.9805,21.1069,13
911,12.5187,21.1506,13
914,12.4267,21.1414,13
915,12.4382,22.0959,13
916,13.7975,21.3392,13
919,12.7326,22.1971,13
922,13.3099,21.0333,13
923,12.6475,21.6497,13
924,12.2404,21.2472,13
927,12.4428,21.8636,13
930,13.4801,21.077,13
931,13.073,21.5301,13
932,11.5987,20.8263,13
933,12.0679,20.8286,13
934,13.2639,21.6405,13
936,12.6935,20.732,13
939,11.9759,20.8769,13
940,13.5422,20.5457,13
944,12.1323,20.9252,13
945,12.291,21.1368,13
948,12.774,21.7049,13
949,12.1714,20.7826,13
950,13.0983,20.8539,13
951,12.8223,21.0218,13
953,12.4221,20.8056,13
956,12.222,21.5393,13
958,12.36,20.5779,13
959,13.3375,21.8245,13
960,12.3071,20.9252,13
961,13.487,22.089,13
962,11.9966,21.4105,13
963,11.6999,21.0356,13
964,12.8844,22.0706,13
965,12.6866,22.0131,13
968,12.9925,21.3714,13
969,12.8177,22.1994,13
970,12.6337,21.8176,13
971,11.6838,20.9045,13
973,12.8315,22.0223,13
974,12.0426,21.215,13
978,12.9235,21.675,13
979,12.6222,21.6175,13
980,13.4571,21.1851,13
981,13.2685,22.1925,13
982,12.7717,21.0057,13
983,13.4111,21.8889,13
984,13.2087,22.2408,13
985,12.7142,21.1782,13
986,11.6033,19.4785,13
990,12.8292,22.986,13
991,12.452,20.4767,13
995,12.0472,20.6377,13
996,11.8862,20.8746,13
997,12.6291,22.0752,13
2799,14.4783,21.7647,13
2800,15.0487,22.5398,13
2801,14.5358,22.388,13
2802,14.7934,23.147,13
2803,15.3822,21.7624,13
2804,16.8105,21.8291,13
2805,16.2838,22.4271,13
2806,16.5644,21.0103,13
2807,16.0653,22.5444,13
2808,16.5874,22.4708,13
2809,15.7042,22.1419,13
2810,17.2015,20.7826,13
2811,15.7318,22.4915,13
2812,15.1269,20.4468,13
2813,15.8468,22.8572,13
2814,15.8353,21.6865,13
2816,14.7865,22.2086,13
2817,14.6968,21.8751,13
2818,15.7042,22.8664,13
2819,14.5174,22.7054,13
2820,15.2672,21.422,13
2821,15.2534,20.9712,13
2822,15.9871,21.9648,13
2823,15.1292,23.0343,13
2824,15.5662,22.6916,13
2825,17.3924,20.8516,13
2826,16.1297,22.1419,13
2827,15.2465,22.1695,13
2828,14.6692,20.8608,13
2829,14.5818,23.2758,13
2830,15.3132,21.5485,13
2831,15.1729,22.8503,13
2832,15.2557,21.2265,13
2833,15.7594,21.7693,13
2834,15.5547,21.9096,13
2835,14.3173,23.2896,13
2836,14.8601,22.2891,13
2837,14.5657,23.1976,13
2838,14.8003,22.2086,13
2839,14.9958,21.8866,13
2840,14.6485,21.1368,13
2841,14.6002,21.8406,13
2842,14.982,21.0034,13
2843,15.1269,21.6566,13
2844,15.3132,22.3558,13
2845,14.9429,21.4496,13
2846,15.4903,21.3415,13
2847,14.6623,21.3277,13
2848,15.0809,22.6709,13
2849,15.0901,21.3346,13
2850,15.7479,22.6985,13
2851,15.9986,22.802,13
2852,15.7502,21.8912,13
2853,15.8882,22.595,13
2854,14.66,22.2569,13
2855,16.1918,21.468,13
2856,15.4489,20.9597,13
2857,14.5519,21.9878,13
2858,15.3799,21.3116,13
2859,16.2401,21.6934,13
2860,17.0106,21.8383,13
2862,15.6467,21.1575,13
2863,15.5018,20.7596,13
2864,15.6421,21.5025,13
2865,15.6352,21.3944,13
2866,15.8008,21.5738,13
2867,14.9314,22.181,13
2868,14.177,21.3622,13
2869,14.3909,22.1925,13
2870,14.9613,21.2081,13
2871,15.6858,21.1207,13
2872,15.8905,21.1069,13
2873,16.1343,21.1414,13
2874,15.8215,22.1373,13
2875,14.4921,21.5531,13
2876,15.8974,21.4841,13
2877,14.2529,21.6911,13
2881,14.3909,21.7141,13
2882,16.6104,20.9459,13
2883,15.6766,22.3811,13
2884,14.8877,21.9073,13
2885,15.4742,21.9694,13
2886,15.8169,21.7762,13
2887,15.5846,22.5053,13
2888,15.1706,21.7762,13
2889,15.3247,22.3926,13
2890,15.879,20.4192,13
2891,14.844,22.0729,13
2892,15.2695,21.4933,13
2893,14.5887,23.3172,13
2894,15.5731,21.2449,13
2895,15.81,21.2794,13
2896,15.6766,22.2086,13
2897,14.9406,22.526,13
2898,13.9999,21.6474,13
310,25.953,26.1692,14
351,24.1475,26.689,14
604,23.2206,26.8247,14
642,23.0573,28.5336,14
678,23.1056,27.724,14
2199,24.435,27.8137,14
2200,25.3136,28.0115,14
2201,26.0795,28.0667,14
2202,23.8025,26.9719,14
2203,25.4148,27.2663,14
2204,24.9663,29.15,14
2205,25.2216,27.1743,14
2206,24.4166,28.5175,14
2207,25.4194,26.6568,14
2208,24.5891,27.4296,14
2209,25.5597,26.9328,14
2210,24.7616,26.4866,14
2211,25.7759,28.6923,14
2212,26.6936,28.1863,14
2213,24.3637,26.8707,14
2214,25.1963,27.2479,14
2215,28.7268,26.7212,14
2216,25.7506,27.0731,14
2217,26.1048,26.1876,14
2218,24.0325,26.4337,14
2219,25.4378,27.5952,14
2220,25.7138,28.7935,14
2221,26.1416,28.5451,14
2222,25.1825,26.3578,14
2223,24.8375,27.8896,14
2224,25.2952,27.057,14
2225,24.5776,27.8206,14
2226,25.1917,27.563,14
2227,24.9341,28.2507,14
2228,23.3747,28.3703,14
2229,25.9599,28.5796,14
2230,24.0601,27.1904,14
2231,25.4815,29.3616,14
2232,24.5385,29.7963,14
2233,26.1899,28.0414,14
2234,24.1291,27.4181,14
2235,24.849,27.5837,14
2236,25.7736,27.4549,14
2237,24.7984,27.4687,14
2238,25.7943,28.4807,14
2239,24.9962,27.8045,14
2240,24.5431,28.6923,14
2241,24.2993,28.5497,14
2242,26.0772,28.7268,14
2243,25.6862,27.7378,14
2244,25.9944,27.0202,14
2245,23.2252,29.2466,14
2246,25.6195,29.8538,14
2247,24.136,28.4922,14
2248,24.9548,28.7107,14
2249,25.2032,28.3381,14
2250,24.2487,27.5078,14
2251,26.4567,29.012,14
2252,25.3389,27.8574,14
2253,26.2635,28.6946,14
2254,25.2883,28.0391,14
2255,26.5119,27.8436,14
2256,25.2262,27.5193,14
2257,25.4171,27.1099,14
2258,25.5712,27.3077,14
2259,26.0634,27.0685,14
2260,24.9571,28.4646,14
2261,25.0997,29.0787,14
2262,25.1687,29.1247,14
2263,24.4005,27.6872,14
2264,26.3831,29.2351,14
2265,25.5114,28.9407,14
2266,24.8559,27.1191,14
2267,24.32,28.0989,14
2268,23.745,27.4066,14
2269,25.5367,27.8045,14
2270,25.4286,28.0506,14
2271,24.9065,26.6867,14
2272,25.5413,28.3427,14
2273,25.884,27.9586,14
2274,27.8666,29.2903,14
2275,26.3302,28.2829,14
2276,25.9622,27.0064,14
2277,25.7414,28.1334,14
2278,23.8485,28.0069,14
2280,24.8996,27.3928,14
2281,25.6701,27.126,14
2282,25.9852,28.5313,14
2283,25.4309,27.8873,14
2284,27.1099,27.0593,14
2285,25.4815,27.2479,14
2286,24.0946,27.0938,14
2287,24.6052,27.655,14
2289,25.2607,27.3514,14
2290,25.3849,29.4375,14
2291,24.2441,27.6481,14
2292,24.6696,26.8523,14
2293,24.228,27.1076,14
2294,25.3711,28.2898,14
2295,24.412,27.4043,14
2296,24.7938,28.7429,14
2297,25.1411,27.0064,14
2298,24.2717,27.6274,14
101,17.9628,10.4625,15
102,17.7558,12.1231,15
103,17.4867,10.6626,15
104,16.7139,11.5849,15
105,17.259,11.7482,15
106,17.4959,11.5596,15
107,18.7908,10.497,15
108,18.3607,11.8287,15
109,17.2038,11.7689,15
110,16.96,10.6373,15
111,17.2866,12.2933,15
112,17.3694,11.5596,15
113,17.9858,11.5067,15
116,17.5212,11.8747,15
117,17.512,10.9915,15
118,16.7898,12.2128,15
119,17.1233,11.6102,15
120,18.6137,11.3802,15
121,16.7714,11.3871,15
122,16.0676,10.8121,15
123,17.8041,11.7022,15
124,17.8984,9.945,15
126,16.4632,10.658,15
127,18.5125,11.8425,15
128,17.9306,12.1898,15
130,16.7392,11.0306,15
131,18.4642,11.7137,15
132,17.3625,12.0035,15
133,17.5557,11.2123,15
134,17.6868,11.4354,15
135,18.5171,9.876,15
136,16.1251,10.6649,15
137,17.5419,11.8885,15
138,17.8961,11.8057,15
139,18.2365,11.7666,15
140,18.1008,11.3641,15
141,18.3653,12.0633,15
142,19.3635,11.6286,15
143,17.9237,11.5573,15
144,16.9853,12.3186,15
145,16.8749,11.5182,15
146,18.0272,11.9621,15
147,17.6293,11.3503,15
148,16.5575,11.3388,15
149,18.2388,11.4676,15
150,17.811,11.4768,15
151,16.1895,9.968,15
153,17.4637,10.8213,15
154,17.6339,10.8144,15
155,17.4384,12.2128,15
156,17.9421,11.8057,15
157,16.615,12.0702,15
158,15.6398,11.2284,15
159,16.7415,11.8793,15
160,16.8197,12.1162,15
161,15.9181,11.4124,15
162,17.8363,11.8563,15
163,17.696,11.9414,15
164,16.845,10.6672,15
165,18.5378,11.6516,15
166,17.1877,11.9828,15
167,18.4527,11.2468,15
168,16.8956,11.1065,15
169,18.1422,11.9966,15
170,16.8059,11.1318,15
171,17.4913,10.428,15
172,16.3045,10.8765,15
173,17.4453,9.8668,15
174,17.5396,11.4791,15
175,17.7328,11.21,15
176,17.466,10.4234,15
177,18.4803,12.0955,15
178,17.2889,11.7873,15
179,18.3883,10.0025,15
180,17.6523,11.509,15
181,17.4982,11.9552,15
182,17.5948,11.3848,15
183,17.7328,11.6562,15
186,17.0428,11.3595,15
187,17.6086,11.7206,15
188,18.9817,11.6999,15
190,16.9163,11.4929,15
191,17.3096,11.1893,15
192,18.9403,11.6999,15
194,16.3206,12.0679,15
195,18.4343,12.4474,15
196,18.3124,11.6631,15
197,16.7277,11.6654,15
1199,16.2631,10.0255,15
1200,15.7525,9.738,15
1201,16.4425,10.9915,15
1202,16.1205,8.9905,15
1203,16.3252,8.5903,15
1204,16.2079,9.3884,15
1205,14.4116,9.485,15
1206,16.2838,8.841,15
1207,16.9738,9.439,15
1208,16.6932,10.5361,15
1209,14.6439,11.1433,15
1210,17.1141,9.7311,15
1211,15.4558,8.45,15
1212,14.2368,8.9537,15
1213,15.2649,8.2131,15
1214,16.6564,9.9243,15
1215,16.4287,8.9169,15
1216,16.0607,9.1584,15
1217,14.5634,7.2057,15
1218,14.016,10.1267,15
1219,16.2723,9.1032,15
1220,15.442,8.0222,15
1221,16.6794,8.2844,15
1222,15.0372,9.554,15
1223,15.7594,8.4017,15
1224,15.6122,11.8816,15
1225,15.0556,9.4896,15
1226,15.5892,10.2141,15
1227,15.9595,9.3562,15
1228,15.7594,9.6828,15
1229,13.8918,9.2987,15
1230,16.9669,8.519,15
1231,14.5289,8.7306,15
1232,14.6761,7.898,15
1233,15.5409,9.347,15
1234,14.6945,8.6938,15
1235,16.3528,9.8783,15
1236,16.0032,8.6087,15
1237,13.9079,9.0181,15
1238,13.9125,10.6741,15
1239,16.8496,9.5954,15
1240,14.8532,8.9238,15
1241,16.3551,9.9703,15
1242,15.5938,8.5144,15
1243,16.4172,9.14,15
1244,16.3896,8.588,15
1245,14.9268,10.3843,15
1246,17.1348,10.2601,15
1247,16.8312,8.5719,15
1248,15.1729,9.4965,15
1249,15.6421,8.8663,15
1250,15.6099,8.8709,15
1251,14.66,9.6989,15
1252,16.4954,9.3907,15
1253,15.7824,8.5811,15
1254,13.8136,9.5655,15
1255,15.3638,8.9238,15
1256,15.9664,9.991,15
1257,15.3293,8.6685,15
1258,14.9314,7.9095,15
1259,14.384,9.9542,15
1260,14.5887,10.2279,15
1261,15.5984,9.8553,15
1262,16.1297,8.9146,15
1263,15.6881,7.9187,15
1264,15.9595,10.0186,15
1265,15.971,9.623,15
1266,15.4811,9.5816,15
1267,15.6789,8.818,15
1268,15.764,8.9169,15
1269,15.189,9.1975,15
1270,15.0004,9.1791,15
1271,16.4126,9.7656,15
1272,15.7479,9.3424,15
1273,15.1844,9.7311,15
1274,15.2143,10.0071,15
1275,16.2148,8.3258,15
1276,15.6306,9.2182,15
1277,16.5621,9.5034,15
1278,14.9314,9.9887,15
1279,16.0952,9.6184,15
1280,16.0722,9.0227,15
1281,15.9871,9.8139,15
1282,16.1826,8.8962,15
1283,14.4208,9.462,15
1284,15.9756,10.1865,15
1285,15.1246,9.7978,15
1286,16.4931,9.3056,15
1287,17.1187,10.4602,15
1288,15.4696,8.841,15
1289,15.5915,9.3033,15
1290,16.224,8.9514,15
1291,16.0216,9.6667,15
1292,15.5041,10.1865,15
1293,14.9452,8.7697,15
1294,14.4185,9.3102,15
1295,14.7658,8.7237,15
1296,16.3459,8.5696,15
1297,14.6324,8.5857,15
1298,15.5386,9.8139,15
2615,20.3709,10.9524,15
369,25.1135,22.2385,16
1751,27.2732,19.5176,16
1791,26.8201,19.0576,16
2299,26.6821,22.9722,16
2300,26.0749,22.4961,16
2301,26.6775,21.4588,16
2302,26.7143,21.8613,16
2303,27.2157,23.9359,16
2304,27.126,21.974,16
2305,27.3537,21.5945,16
2306,27.2824,21.4749,16
2307,26.9581,22.4662,16
2308,27.0432,21.9487,16
2309,26.942,22.342,16
2310,26.3394,23.2551,16
2311,25.3734,21.7762,16
2312,26.2865,21.5646,16
2313,26.8891,21.9648,16
2314,27.103,21.3277,16
2315,27.6159,22.319,16
2316,26.2612,22.4294,16
2317,27.126,20.7527,16
2318,26.5671,21.33,16
2319,26.7488,22.7054,16
2320,26.5165,22.5467,16
2321,26.6292,22.1626,16
2322,27.6941,23.5265,16
2323,26.6108,22.1097,16
2324,27.1421,21.7877,16
2325,26.7051,20.7803,16
2326,27.5883,22.0154,16
2327,25.5252,21.5439,16
2328,26.0588,21.1207,16
2329,26.6752,22.0959,16
2330,26.8339,21.2219,16
2331,27.0202,20.6561,16
2332,26.9351,21.9096,16
2333,26.1876,22.9998,16
2334,27.3238,20.5319,16
2335,26.1002,19.7499,16
2336,25.7713,23.0297,16
2337,26.3578,21.6359,16
2338,26.2566,21.8889,16
2339,27.8689,21.7693,16
2340,27.7263,22.5467,16
2341,26.229,22.0982,16
2342,26.5349,21.9763,16
2343,26.459,22.4087,16
2344,26.4084,21.5577,16
2345,27.1375,22.4524,16
2347,27.3514,20.5894,16
2348,27.793,22.5352,16
2349,26.5119,22.5099,16
2350,27.2387,22.3006,16
2351,25.8196,21.0839,16
2352,26.7212,21.008,16
2353,26.6959,21.6589,16
2355,27.1697,22.112,16
2356,27.2525,21.8613,16
2357,26.2221,21.675,16
2358,26.7925,21.3829,16
2359,26.0542,23.1378,16
2360,27.2548,20.8562,16
2361,26.6545,22.6042,16
2362,26.8224,22.4156,16
2363,27.1076,22.365,16
2364,27.1881,21.6888,16
2365,27.5768,21.5899,16
2366,26.321,22.0292,16
2367,25.4033,22.7284,16
2368,27.0593,21.629,16
2369,27.4135,22.3443,16
2370,26.2175,21.5738,16
2371,27.0225,22.4984,16
2372,27.2571,22.6479,16
2373,25.8679,22.0039,16
2374,27.8367,22.6226,16
2375,26.7051,23.3057,16
2376,28.092,22.8411,16
2377,26.9305,22.4064,16
2378,26.5648,21.1506,16
2379,28.1426,21.4956,16
2380,27.3192,22.4041,16
2381,26.6246,21.2403,16
2382,26.114,21.3047,16
2383,25.4723,22.5513,16
2384,27.4181,21.5715,16
2385,27.2617,20.0374,16
2386,26.6614,21.4542,16
2387,28.5014,21.9326,16
2388,27.0455,22.5789,16
2389,28.1035,21.3898,16
2390,27.103,21.8475,16
2391,26.5487,21.4795,16
2392,26.9006,21.261,16
2393,26.3693,22.6318,16
2394,26.5372,23.3103,16
2395,27.3606,24.0371,16
2396,26.2612,22.6134,16
2397,25.2883,22.1902,16
2398,25.7184,22.4915,16
248,9.4344,12.3485,17
712,13.1995,16.9186,17
1499,8.4086,15.7893,17
1500,9.5218,14.8164,17
1501,8.8341,15.0855,17
1502,9.5586,16.7967,17
1503,8.0567,14.7428,17
1504,9.3378,15.5018,17
1505,7.7416,15.3707,17
1506,8.7375,15.1407,17
1507,7.8704,16.086,17
1508,7.5139,13.8044,17
1509,9.5471,15.0165,17
1510,8.1671,15.3362,17
1511,7.4679,15.0625,17
1512,7.3966,15.8928,17
1513,8.8134,14.2644,17
1514,8.7766,14.7336,17
1515,8.6639,15.8514,17
1516,7.5116,15.1522,17
1517,9.4781,14.5979,17
1518,8.5236,14.3472,17
1519,8.795,15.1867,17
1520,7.6956,16.2148,17
1521,7.8888,15.1039,17
1522,7.8267,15.81,17
1523,9.1515,15.5616,17
1524,9.3884,15.2672,17
1525,8.8686,14.982,17
1526,9.2274,14.8233,17
1527,9.3125,15.3592,17
1528,9.4045,16.2194,17
1529,7.944,13.0891,17
1530,8.9261,14.6508,17
1531,8.5949,15.2028,17
1532,7.8267,15.35,17
1533,7.7094,14.637,17
1534,8.7674,15.2534,17
1535,9.1745,14.7888,17
1536,9.209,14.8049,17
1538,9.6506,15.5685,17
1539,8.3787,14.6278,17
1540,9.8829,14.5289,17
1541,8.3672,14.8762,17
1542,7.9624,16.04,17
1543,9.1584,15.3247,17
1544,7.9302,14.6876,17
1545,8.5535,16.5575,17
1546,8.6639,15.1913,17
1547,9.6874,15.4236,17
1548,8.6133,14.0459,17
1549,7.8428,14.4507,17
1550,8.1809,15.7571,17
1551,8.7904,14.4208,17
1552,9.2757,14.9061,17
1553,8.7237,15.189,17
1554,9.6115,15.6651,17
1555,8.8916,14.6968,17
1556,8.4983,16.224,17
1557,9.2136,13.7607,17
1558,8.7168,14.2437,17
1559,8.9008,16.017,17
1560,7.2448,15.0096,17
1561,8.9514,14.6347,17
1562,8.2614,15.2465,17
1563,8.7191,15.7939,17
1564,9.5333,15.4627,17
1565,9.5563,15.6927,17
1566,8.8157,16.1021,17
1567,8.5627,15.3339,17
1568,8.2959,15.6973,17
1569,8.818,15.4029,17
1570,10.5108,14.9912,17
1571,8.519,14.9751,17
1572,8.933,13.9286,17
1573,8.9445,14.683,17
1574,9.301,16.2976,17
1575,9.5724,15.8836,17
1576,7.5645,15.9089,17
1577,9.7564,14.9153,17
1578,8.1257,15.3546,17
1579,8.6455,16.5483,17
1580,8.8732,15.2258,17
1581,7.783,14.775,17
1582,8.6409,15.9135,17
1583,10.1221,15.1177,17
1584,7.2126,15.488,17
1585,7.8152,15.649,17
1586,9.8185,14.6715,17
1587,9.0388,15.6697,17
1588,9.3125,15.1016,17
1589,7.7462,15.2833,17
1590,7.3713,15.4029,17
1591,9.5563,14.9061,17
1592,8.4316,15.2994,17
1593,8.3603,16.7024,17
1594,8.8088,16.1159,17
1595,9.2941,15.143,17
1596,7.645,14.9452,17
1597,8.059,14.476,17
1598,8.7766,15.3868,17
1599,10.9892,13.0615,17
1600,12.0771,13.7607,17
1601,12.1921,14.6209,17
1602,12.0081,16.1136,17
1603,11.21,14.2874,17
1604,13.1903,13.4502,17
1605,10.4579,13.5376,17
1606,11.4055,15.5892,17
1607,12.3117,13.7078,17
1608,12.2542,15.0901,17
1609,11.785,14.7888,17
1610,11.3181,14.6347,17
1611,12.5486,13.9585,17
1612,11.3043,14.4553,17
1613,11.6562,14.9843,17
1614,11.3664,13.7814,17
1615,11.6447,15.5271,17
1616,10.9478,15.9388,17
1617,12.9649,15.1913,17
1618,11.0904,14.6163,17
1619,11.762,13.4732,17
1620,11.9575,14.5289,17
1621,10.9225,15.0993,17
1622,12.8177,14.7014,17
1623,11.2284,14.6531,17
1624,10.589,14.1379,17
1625,10.842,14.0896,17
1626,11.7459,15.166,17
1627,11.4446,13.0132,17
1628,10.4924,14.5266,17
1629,11.7459,14.154,17
1630,11.1778,14.3702,17
1631,12.3807,13.5951,17
1632,13.0132,14.1954,17
1633,10.8374,14.2989,17
1634,12.4175,13.3053,17
1635,13.1765,14.6922,17
1636,10.9455,14.8854,17
1637,11.9989,13.6756,17
1638,12.1553,14.4047,17
1639,13.1397,14.5427,17
1640,11.3641,15.1913,17
1641,11.5182,15.2626,17
1642,11.5274,15.1131,17
1643,11.6884,15.0119,17
1644,12.6107,14.959,17
1645,11.1686,15.5133,17
1646,12.774,14.4231,17
1647,11.6056,14.66,17
1648,11.8287,15.5363,17
1649,11.5688,15.649,17
1650,12.0909,15.1476,17
1651,10.6741,14.2184,17
1652,11.9966,13.7446,17
1653,11.3526,14.6301,17
1654,11.1111,14.1724,17
1655,12.912,13.878,17
1656,10.4395,14.5565,17
1657,12.5693,14.338,17
1658,11.2767,13.2064,17
1659,12.9074,15.7755,17
1660,10.7776,13.8711,17
1661,11.1778,14.1839,17
1662,11.8264,14.3656,17
1663,12.498,14.5036,17
1664,11.4009,13.6963,17
1665,11.4515,14.3495,17
1666,11.1157,13.2869,17
1667,10.6695,14.2506,17
1668,11.5527,13.8734,17
1669,12.4819,13.6871,17
1670,11.6171,15.718,17
1671,11.7436,13.8964,17
1672,11.4745,13.1673,17
1673,11.5297,14.0528,17
1674,12.0725,13.3904,17
1675,10.7086,15.4696,17
1676,11.6907,14.4438,17
1677,12.9718,15.3362,17
1678,12.0955,12.8568,17
1679,10.129,14.4852,17
1680,10.7408,14.5588,17
1681,12.1714,15.4052,17
1682,11.762,13.9447,17
1683,11.0973,13.1328,17
1684,12.222,14.6623,17
1685,11.7344,14.1402,17
1686,12.4037,14.4093,17
1687,12.1415,15.4742,17
1688,11.3595,14.3817,17
1689,12.6751,14.798,17
1690,11.9644,14.2322,17
1692,11.9414,14.6255,17
1693,11.4055,14.6439,17
1694,10.2233,13.4893,17
1695,11.8356,15.4719,17
1696,11.2836,13.8159,17
1697,10.5476,14.0666,17
1698,11.946,15.0188,17
1399,20.5227,19.4578,18
1400,19.7683,19.9868,18
1401,21.4864,19.7039,18
1402,19.6832,18.3515,18
1403,21.6014,20.4905,18
1404,20.203,19.9592,18
1405,20.6975,19.8258,18
1406,19.6763,19.8626,18
1407,21.1506,20.1294,18
1408,19.6694,19.9776,18
1409,21.3921,19.0691,18
1410,19.7821,20.2237,18
1411,20.4813,19.0162,18
1412,20.1202,19.0737,18
1413,20.7849,20.4767,18
1414,21.3369,19.7177,18
1415,19.3313,19.6372,18
1416,19.7476,19.1013,18
1417,20.9597,18.4619,18
1418,20.6377,19.3934,18
1419,20.8608,18.4711,18
1420,20.3456,19.0553,18
1421,18.6298,19.8051,18
1422,20.5572,19.3589,18
1423,20.8654,20.4491,18
1424,20.2536,19.1036,18
1425,21.2541,22.0591,18
1426,20.9758,19.0944,18
1427,20.9919,20.5618,18
1428,20.7251,19.5429,18
1429,19.3727,19.5659,18
1430,19.7775,18.8828,18
1431,19.6211,19.1266,18
1432,19.536,20.0581,18
1433,20.5089,19.2945,18
1434,21.3346,20.3134,18
1435,19.2715,18.4504,18
1436,19.8971,19.3244,18
1437,21.1161,19.5544,18
1438,20.2789,18.6068,18
1439,20.2973,19.053,18
1440,20.7343,19.95,18
1441,21.2449,20.0374,18
1442,21.5646,20.4031,18
1443,20.3502,19.6694,18
1444,20.3847,19.1197,18
1445,18.9288,19.2853,18
1446,20.7021,19.7545,18
1447,20.4836,19.3175,18
1448,19.4256,19.306,18
1449,19.8258,20.0972,18
1450,19.5682,19.881,18
1451,19.7798,20.1915,18
1452,20.1777,19.1933,18
1453,20.2628,19.6855,18
1454,18.8276,19.4279,18
1455,21.1805,19.2531,18
1456,19.6832,19.0139,18
1457,20.1777,20.0213,18
1458,21.1322,20.8033,18
1459,20.042,20.1915,18
1460,19.7867,20.5963,18
1461,20.9873,19.5958,18
1462,19.9523,18.8046,18
1463,18.9219,18.2756,18
1464,19.7936,19.3244,18
1465,20.8608,19.1979,18
1466,20.2375,20.0328,18
1467,20.6423,20.226,18
1468,20.7826,20.4997,18
1469,20.2375,19.3405,18
1470,20.364,18.2457,18
1471,19.3865,20.4192,18
1472,21.123,19.1059,18
1473,19.3957,21.2173,18
1474,20.1478,18.3768,18
1475,21.2679,19.1979,18
1476,19.7016,17.9766,18
1477,20.6262,18.9932,18
1478,20.6837,20.3916,18
1479,21.1322,19.8557,18
1480,19.9178,19.4279,18
1481,20.3502,20.0949,18
1482,19.2899,20.0949,18
1483,19.7246,19.8971,18
1484,20.5135,19.3405,18
1485,20.939,20.3341,18
1486,19.7798,20.3134,18
1487,19.5567,19.0599,18
1488,20.6998,20.7688,18
1489,21.3852,19.5659,18
1490,21.0402,19.1887,18
1491,21.2633,19.6096,18
1492,20.0811,19.2301,18
1493,20.18,21.3277,18
1494,20.3525,21.1966,18
1495,20.6837,19.8695,18
1496,20.939,20.893,18
1497,19.9385,18.1284,18
1498,19.8833,18.8529,18
2499,22.8871,16.8542,18
2500,23.3931,16.4655,18
2501,22.894,15.2833,18
2503,22.5214,15.9871,18
2504,21.7693,16.2194,18
2505,22.4432,14.5703,18
2506,21.9556,16.0653,18
2507,23.8324,17.3993,18
2508,22.3397,16.0078,18
2509,23.6116,16.8404,18
2510,22.8963,16.2585,18
2511,21.8843,16.0285,18
2512,23.0366,15.4144,18
2513,22.8043,15.4052,18
2514,21.7555,15.4144,18
2515,22.6985,16.7001,18
2516,21.7072,15.5754,18
2517,22.4754,15.3063,18
2518,22.9377,16.6817,18
2519,23.3655,15.718,18
2520,23.4782,15.7686,18
2521,23.0274,15.833,18
2522,21.9648,15.6605,18
2523,23.0619,16.1826,18
2524,22.5375,15.9664,18
2525,21.9142,15.9963,18
2526,23.2022,16.4287,18
2527,21.6635,17.351,18
2528,22.8687,15.1568,18
2529,22.963,15.9802,18
2530,23.0596,16.2585,18
2532,23.1654,15.2948,18
2533,21.7072,15.4374,18
2534,23.2712,16.3643,18
2535,22.9193,16.4195,18
2536,21.7509,15.3776,18
2537,22.9354,15.3661,18
2538,20.64,17.1739,18
2539,23.2321,17.7926,18
2540,23.4,18.3929,18
2541,23.0895,16.3666,18
2542,23.5794,16.8703,18
2543,23.2988,16.385,18
2544,23.4759,16.8151,18
2545,22.6594,16.1504,18
2546,23.2321,15.0257,18
2547,22.0706,16.063,18
2548,22.0683,17.2797,18
2550,22.7077,15.3845,18
2551,22.1189,15.8284,18
2553,23.3448,16.4908,18
2554,23.4713,17.6132,18
2555,22.5559,16.73,18
2557,23.1332,16.3298,18
2558,22.1603,16.9531,18
2559,22.963,14.8923,18
2560,23.952,17.282,18
2562,23.0366,15.6743,18
2563,22.3811,15.9434,18
2564,22.227,15.028,18
2565,22.9423,17.213,18
2566,22.3558,16.224,18
2567,22.9584,15.0786,18
2568,23.009,16.7116,18
2569,22.9837,15.8974,18
2570,23.078,16.0699,18
2571,21.3024,17.2314,18
2572,23.0481,16.5184,18
2573,23.0918,15.3592,18
2574,22.7675,17.949,18
2575,22.9308,16.0814,18
2576,22.9906,18.3239,18
2577,22.7491,16.6909,18
2578,21.8383,16.1688,18
2580,23.0343,16.7691,18
2581,21.5416,16.1021,18
2582,21.5853,16.3551,18
2583,23.5518,15.8422,18
2584,22.8572,16.2033,18
2585,23.1953,15.7824,18
2586,22.9492,14.7543,18
2587,23.1378,15.9181,18
2588,23.1447,14.9705,18
2590,22.7951,15.5386,18
2592,23.4253,17.1509,18
2593,22.6249,15.419,18
2594,23.1355,15.9756,18
2595,22.825,16.4954,18
2597,23.3149,17.0014,18
2598,23.3931,15.9549,18
