Execution Time: 5391 ms,,,
199,8.4155,9.7633,1
200,7.1413,10.3981,1
201,7.691,11.969,1
202,8.6363,9.8139,1
203,7.8704,10.957,1
204,7.2103,11.1249,1
205,7.6289,9.899,1
206,7.5645,8.8824,1
207,7.5967,9.5241,1
208,8.1372,10.3015,1
209,7.8106,11.3227,1
210,8.9514,11.0628,1
211,8.8456,10.3866,1
212,8.6869,11.0007,1
213,7.6611,10.7592,1
214,8.1648,10.3061,1
215,9.1515,10.796,1
216,8.5029,9.1791,1
217,8.1441,10.8443,1
219,7.8428,9.9703,1
220,8.8295,10.4648,1
221,8.1993,9.7863,1
222,9.2021,11.0076,1
223,8.1625,10.474,1
224,8.2085,9.9634,1
225,8.8456,11.5619,1
226,9.209,11.0467,1
227,8.588,11.0329,1
228,7.8934,11.3756,1
229,7.898,10.2049,1
230,9.1584,10.8535,1
231,8.9813,9.7127,1
232,8.6271,11.8379,1
233,7.806,11.4975,1
234,7.9233,10.4004,1
235,8.8042,10.3015,1
236,8.8272,11.0283,1
238,8.3189,9.0365,1
240,7.4081,9.8001,1
242,7.9118,9.0848,1
243,8.1717,9.0687,1
245,7.5277,10.6994,1
246,7.3575,10.3268,1
249,8.8249,9.9335,1
250,7.6979,10.1405,1
251,9.002,11.1433,1
252,7.3253,9.6644,1
253,8.0636,11.1088,1
254,6.8768,10.4303,1
255,7.737,10.3613,1
256,7.0953,11.1433,1
258,6.0695,9.669,1
259,7.0815,10.4993,1
260,8.2729,11.1157,1
261,7.5461,10.7178,1
263,8.1694,10.7868,1
265,7.7324,9.5954,1
266,7.8359,9.4965,1
267,7.9095,9.0066,1
268,7.9969,10.7063,1
269,8.9905,10.8006,1
271,8.9215,10.0577,1
272,8.4914,10.2233,1
274,8.9491,9.7863,1
275,9.2527,10.8558,1
276,7.7577,9.9749,1
277,9.3102,11.6539,1
278,8.9836,9.7104,1
279,8.6892,9.7219,1
280,7.2816,10.2831,1
281,9.2435,10.6212,1
283,8.0314,9.5678,1
284,9.071,10.2187,1
285,8.3557,10.152,1
286,7.8175,8.6938,1
287,9.0089,10.3958,1
288,8.0774,10.6695,1
289,7.3138,11.6608,1
290,8.7927,10.0876,1
291,8.4592,10.3337,1
292,8.6823,9.0986,1
293,9.1722,10.5729,1
294,7.4564,11.325,1
295,8.8019,11.3342,1
296,8.2913,9.4229,1
297,7.7508,10.9478,1
298,7.7945,10.8995,1
2899,6.2144,11.6723,1
2900,5.8073,11.3227,1
2901,5.5474,10.2233,1
2902,3.9811,10.7615,1
2903,5.4117,11.0053,1
2904,4.2272,10.2279,1
2905,6.2282,10.1543,1
2906,4.5929,8.9054,1
2907,5.4991,9.5954,1
2908,4.0708,10.5844,1
2909,3.9788,10.2233,1
2910,4.1237,10.2187,1
2911,4.0616,9.9979,1
2912,4.563,10.7086,1
2913,4.3353,10.1658,1
2914,4.8735,9.8599,1
2915,4.3583,9.3102,1
2916,5.2829,10.1911,1
2917,4.6527,9.4068,1
2918,5.4255,11.8103,1
2919,4.7194,9.5149,1
2920,4.9126,10.589,1
2921,3.8776,10.9777,1
2922,4.6159,10.1152,1
2923,5.2714,9.2826,1
2924,5.2875,10.1497,1
2925,4.954,8.9307,1
2926,4.0662,9.8415,1
2927,4.8758,10.9915,1
2928,6.1316,9.3102,1
2929,4.6596,10.2854,1
2930,5.5773,9.5034,1
2931,5.5474,10.2647,1
2932,4.5653,10.566,1
2933,6.1201,9.4137,1
2934,4.8482,9.3102,1
2935,4.6596,11.0214,1
2936,5.5819,9.9933,1
2937,5.1058,11.5274,1
2938,4.8068,8.1395,1
2939,5.897,10.2325,1
2940,5.4899,10.957,1
2941,4.8781,9.5425,1
2942,4.5354,9.4436,1
2943,4.8827,10.2486,1
2944,6.2673,10.819,1
2945,4.8091,9.6529,1
2946,5.8924,10.6465,1
2947,5.2737,10.98,1
2948,5.2369,9.0848,1
2949,5.9798,9.3447,1
2950,4.7378,10.6833,1
2951,5.644,10.6327,1
2952,4.54,9.278,1
2953,5.2576,10.957,1
2954,4.701,9.1423,1
2955,6.1247,10.6741,1
2956,5.9821,9.4137,1
2957,3.8017,10.704,1
2958,4.1605,10.0416,1
2959,5.4876,10.7247,1
2960,4.2916,9.1492,1
2961,6.081,10.1612,1
2962,5.069,10.8397,1
2963,6.8055,9.4459,1
2964,3.9742,10.1819,1
2965,4.8781,10.2095,1
2966,4.3974,8.7605,1
2967,6.3662,9.4045,1
2968,4.6619,10.4648,1
2969,5.552,9.715,1
2970,4.3974,10.3866,1
2971,5.1196,10.2118,1
2972,5.7222,10.5177,1
2973,4.7033,9.3608,1
2974,4.8965,9.1515,1
2975,5.4692,10.0094,1
2976,6.1109,10.6695,1
2977,4.3422,11.5504,1
2978,5.2484,9.4206,1
2979,4.8574,9.7219,1
2980,5.5566,11.1801,1
2981,5.6578,9.3424,1
2982,4.701,9.8783,1
2983,4.632,11.6723,1
2984,5.0115,10.3981,1
2985,5.6555,10.2969,1
2986,4.9885,10.6557,1
2987,5.7636,10.5085,1
2988,5.483,11.1111,1
2989,5.7935,10.6005,1
2990,5.0092,11.5159,1
2991,4.7976,9.6897,1
2992,5.7222,9.7472,1
2993,6.2144,9.8277,1
2994,5.4899,10.7086,1
2995,5.2323,10.198,1
2996,4.1076,10.7132,1
2997,4.6872,11.7666,1
2998,5.5198,10.1681,1
303,26.4199,24.7225,2
304,26.1853,23.7795,2
308,26.4015,24.6006,2
330,25.5827,23.7864,2
333,25.6678,23.6599,2
340,26.0036,25.7782,2
341,26.0404,23.8761,2
342,25.9415,23.883,2
344,25.8058,24.6328,2
352,26.4843,23.7105,2
353,25.4447,24.0049,2
355,25.9668,25.079,2
358,25.9944,23.9796,2
363,25.7184,23.9359,2
366,25.4792,24.1912,2
368,26.1508,24.5753,2
372,26.0772,24.9088,2
376,26.712,24.5224,2
377,25.6517,23.9451,2
380,25.5045,24.5247,2
382,25.4401,24.4189,2
386,25.1434,23.7036,2
390,25.6862,23.1999,2
398,25.6632,23.9773,2
2299,26.6821,22.9722,2
2303,27.2157,23.9359,2
2310,26.3394,23.2551,2
2322,27.6941,23.5265,2
2333,26.1876,22.9998,2
2336,25.7713,23.0297,2
2346,25.0422,23.0872,2
2354,25.9139,23.2183,2
2359,26.0542,23.1378,2
2367,25.4033,22.7284,2
2375,26.7051,23.3057,2
2383,25.4723,22.5513,2
2394,26.5372,23.3103,2
2395,27.3606,24.0371,2
722,14.9521,20.41,3
2799,14.4783,21.7647,3
2800,15.0487,22.5398,3
2801,14.5358,22.388,3
2802,14.7934,23.147,3
2803,15.3822,21.7624,3
2804,16.8105,21.8291,3
2805,16.2838,22.4271,3
2806,16.5644,21.0103,3
2807,16.0653,22.5444,3
2808,16.5874,22.4708,3
2809,15.7042,22.1419,3
2810,17.2015,20.7826,3
2811,15.7318,22.4915,3
2812,15.1269,20.4468,3
2813,15.8468,22.8572,3
2814,15.8353,21.6865,3
2815,16.5874,23.3931,3
2816,14.7865,22.2086,3
2817,14.6968,21.8751,3
2818,15.7042,22.8664,3
2819,14.5174,22.7054,3
2820,15.2672,21.422,3
2821,15.2534,20.9712,3
2822,15.9871,21.9648,3
2823,15.1292,23.0343,3
2824,15.5662,22.6916,3
2825,17.3924,20.8516,3
2826,16.1297,22.1419,3
2827,15.2465,22.1695,3
2828,14.6692,20.8608,3
2829,14.5818,23.2758,3
2830,15.3132,21.5485,3
2831,15.1729,22.8503,3
2832,15.2557,21.2265,3
2833,15.7594,21.7693,3
2834,15.5547,21.9096,3
2835,14.3173,23.2896,3
2836,14.8601,22.2891,3
2837,14.5657,23.1976,3
2838,14.8003,22.2086,3
2839,14.9958,21.8866,3
2840,14.6485,21.1368,3
2841,14.6002,21.8406,3
2842,14.982,21.0034,3
2843,15.1269,21.6566,3
2844,15.3132,22.3558,3
2845,14.9429,21.4496,3
2846,15.4903,21.3415,3
2847,14.6623,21.3277,3
2848,15.0809,22.6709,3
2849,15.0901,21.3346,3
2850,15.7479,22.6985,3
2851,15.9986,22.802,3
2852,15.7502,21.8912,3
2853,15.8882,22.595,3
2854,14.66,22.2569,3
2855,16.1918,21.468,3
2856,15.4489,20.9597,3
2857,14.5519,21.9878,3
2858,15.3799,21.3116,3
2859,16.2401,21.6934,3
2860,17.0106,21.8383,3
2861,14.9291,23.4138,3
2862,15.6467,21.1575,3
2863,15.5018,20.7596,3
2864,15.6421,21.5025,3
2865,15.6352,21.3944,3
2866,15.8008,21.5738,3
2867,14.9314,22.181,3
2868,14.177,21.3622,3
2869,14.3909,22.1925,3
2870,14.9613,21.2081,3
2871,15.6858,21.1207,3
2872,15.8905,21.1069,3
2873,16.1343,21.1414,3
2874,15.8215,22.1373,3
2875,14.4921,21.5531,3
2876,15.8974,21.4841,3
2877,14.2529,21.6911,3
2878,16.4356,23.4874,3
2879,16.0354,23.2482,3
2880,15.8629,23.6714,3
2881,14.3909,21.7141,3
2882,16.6104,20.9459,3
2883,15.6766,22.3811,3
2884,14.8877,21.9073,3
2885,15.4742,21.9694,3
2886,15.8169,21.7762,3
2887,15.5846,22.5053,3
2888,15.1706,21.7762,3
2889,15.3247,22.3926,3
2890,15.879,20.4192,3
2891,14.844,22.0729,3
2892,15.2695,21.4933,3
2893,14.5887,23.3172,3
2894,15.5731,21.2449,3
2895,15.81,21.2794,3
2896,15.6766,22.2086,3
2897,14.9406,22.526,3
2898,13.9999,21.6474,3
0,26.6614,7.3414,4
1,25.2653,6.2466,4
2,25.2285,4.7447,4
3,25.7529,5.1564,4
4,24.0785,5.6693,4
5,25.2722,6.8676,4
6,24.6535,6.2443,4
7,26.9834,6.633,4
8,25.7437,6.3179,4
9,26.4774,7.7416,4
10,26.7373,4.4756,4
11,27.1812,6.2972,4
12,25.4999,5.6739,4
13,25.3021,6.1431,4
15,25.5482,5.7107,4
16,26.2198,5.7337,4
17,25.884,6.3294,4
18,24.4649,5.7521,4
19,24.7708,6.7572,4
20,25.3274,5.6463,4
21,25.999,4.8551,4
22,25.0238,6.2742,4
23,25.8242,6.7848,4
24,25.4286,6.2834,4
25,27.3445,6.4697,4
26,24.6236,6.1178,4
27,27.126,6.1109,4
28,25.677,5.9085,4
29,25.539,6.3777,4
30,25.0491,6.0603,4
31,26.5924,6.0925,4
32,25.217,7.7531,4
33,25.2492,5.6486,4
34,24.941,5.0184,4
35,25.2814,7.5461,4
36,24.8191,6.1316,4
37,26.0105,6.8377,4
38,25.0215,6.564,4
39,25.1618,6.3064,4
40,25.8955,5.4393,4
41,24.8375,5.4416,4
42,25.4562,6.702,4
43,25.7161,5.5152,4
44,26.7212,4.7424,4
45,24.4649,7.2471,4
46,24.6328,5.3473,4
47,25.7253,6.7296,4
48,27.1168,5.6946,4
49,26.4958,5.9039,4
50,25.1158,6.1914,4
51,25.6103,7.6197,4
52,26.3026,6.7802,4
53,24.7915,6.2627,4
54,25.0997,5.8004,4
55,25.4838,7.0148,4
56,25.4217,7.3138,4
57,27.1306,6.9573,4
58,24.3338,5.1679,4
59,24.6236,5.6877,4
60,25.5183,4.8229,4
61,26.39,7.0401,4
62,24.3039,4.8827,4
63,25.5275,4.9333,4
64,24.8973,7.1919,4
65,24.7731,6.0925,4
66,26.5855,6.8423,4
67,25.6356,5.6371,4
68,26.7718,5.5336,4
69,24.8536,5.5152,4
70,25.8587,5.2208,4
71,25.2538,5.5727,4
72,25.4838,4.9333,4
73,25.5436,5.9844,4
75,27.7102,6.2535,4
76,25.1204,4.6504,4
77,25.2538,5.5681,4
78,25.5137,6.357,4
79,27.2249,5.5727,4
80,24.6581,5.9936,4
81,25.1894,5.4991,4
82,25.2446,5.9591,4
83,24.8007,4.4158,4
84,26.275,5.5888,4
85,25.8748,6.5456,4
86,24.6328,6.7503,4
87,24.8766,4.4664,4
88,26.4498,6.6997,4
89,25.148,5.9292,4
90,24.5914,5.8004,4
91,25.6954,5.9867,4
92,26.344,5.9522,4
93,26.8224,5.667,4
94,26.1347,5.0161,4
95,25.263,5.3082,4
96,24.6305,6.8354,4
97,25.8035,6.1937,4
98,26.0243,7.5576,4
509,25.953,8.2131,4
1040,24.435,8.5811,4
1041,24.8076,8.2223,4
1045,24.2234,7.5461,4
1056,24.3798,8.1648,4
1057,24.6696,8.2039,4
1084,24.7478,7.783,4
1086,24.8375,6.7871,4
1099,27.6389,14.4967,5
1100,25.9116,14.1609,5
1101,26.5073,14.9268,5
1103,25.562,15.1476,5
1104,26.4084,14.6163,5
1106,25.2906,14.9567,5
1107,26.7074,13.8573,5
1108,25.6931,15.4443,5
1110,25.7943,13.947,5
1111,25.1871,14.5128,5
1112,26.2014,13.4732,5
1114,26.4061,14.5312,5
1115,26.6292,16.3804,5
1116,25.4194,14.4622,5
1117,25.4746,13.809,5
1118,26.965,15.0717,5
1119,25.8886,15.2695,5
1120,25.7322,15.6881,5
1121,26.0887,15.8997,5
1123,26.8638,13.9171,5
1124,24.9824,14.9774,5
1126,25.7092,15.0119,5
1127,26.3693,14.5795,5
1128,26.5533,15.0418,5
1129,26.0381,14.3242,5
1130,27.7194,13.7998,5
1131,26.1807,14.8026,5
1132,26.9029,14.6439,5
1133,26.3946,16.7967,5
1134,26.5648,15.603,5
1135,26.1853,16.1872,5
1136,26.4245,14.9176,5
1137,27.3376,14.6301,5
1138,26.1255,13.8918,5
1139,26.0749,14.5151,5
1140,27.6228,15.2741,5
1141,27.0018,14.8417,5
1142,26.1807,15.2396,5
1143,25.6103,13.9378,5
1144,26.7074,15.1568,5
1145,27.0317,14.4323,5
1146,25.8886,14.1954,5
1148,27.1007,14.5243,5
1149,26.9259,15.5639,5
1150,25.2998,13.5905,5
1152,25.9323,14.8486,5
1154,25.7989,14.6715,5
1156,26.39,13.8021,5
1157,26.1462,15.0786,5
1158,27.149,14.3058,5
1159,26.9213,14.5473,5
1160,25.1204,14.2299,5
1161,26.3095,14.5404,5
1162,26.068,14.4392,5
1163,25.3918,13.9976,5
1164,26.5441,14.4852,5
1165,25.8311,15.5202,5
1166,26.9604,14.8486,5
1167,25.3872,15.6628,5
1168,26.3095,15.8422,5
1169,27.1812,16.3298,5
1170,25.2814,14.2299,5
1171,25.4102,14.637,5
1172,26.0634,14.7336,5
1173,25.1089,16.9025,5
1174,26.6614,15.7088,5
1175,26.6384,13.4042,5
1176,26.4383,15.0418,5
1177,26.7534,14.9383,5
1178,25.7805,15.212,5
1179,26.1853,14.4668,5
1180,26.3118,14.5427,5
1181,26.1071,13.4548,5
1182,24.9571,15.0303,5
1183,25.5597,13.9125,5
1184,26.7925,14.2345,5
1185,26.6453,15.3546,5
1187,26.6522,14.2115,5
1188,25.8794,15.0211,5
1189,25.7897,15.1453,5
1190,26.7534,15.6398,5
1191,26.2957,15.5087,5
1192,26.9535,15.5133,5
1194,25.8242,14.6485,5
1195,26.4084,15.2212,5
1196,25.608,15.7548,5
1197,25.3596,14.2069,5
1198,25.3412,13.9631,5
1699,26.9995,17.3234,5
1700,27.1398,16.4471,5
1701,27.8781,16.7806,5
1702,28.3933,16.822,5
1703,28.621,16.4632,5
1704,28.1495,18.156,5
1705,26.8132,17.7052,5
1706,26.6246,18.0847,5
1707,27.7976,18.2917,5
1708,26.7005,16.9232,5
1709,26.8891,17.0428,5
1710,28.2415,18.3032,5
1711,25.9944,16.6863,5
1712,27.9862,17.3602,5
1713,28.1449,16.5598,5
1714,26.5441,17.3441,5
1715,28.2622,18.8943,5
1716,27.3146,18.0824,5
1717,27.7378,16.9278,5
1718,27.0662,16.6311,5
1719,26.8776,18.6896,5
1720,27.9632,16.0469,5
1721,27.0961,17.3671,5
1722,27.6504,17.1762,5
1723,26.8201,18.823,5
1724,27.1214,18.2595,5
1725,25.8518,18.6183,5
1726,27.7332,16.9968,5
1727,27.0846,17.075,5
1728,27.7884,18.3492,5
1729,28.2898,17.9536,5
1730,27.0478,17.8271,5
1731,28.2139,18.133,5
1732,27.5032,18.3975,5
1733,26.252,18.4389,5
1734,27.1352,18.3906,5
1735,26.9972,17.1831,5
1736,26.9926,17.1923,5
1737,28.3542,16.6564,5
1738,27.6688,16.0009,5
1739,27.885,16.4747,5
1740,27.7056,18.7379,5
1741,25.9139,17.949,5
1742,26.6062,18.2963,5
1743,28.0069,17.9053,5
1744,27.8942,16.9209,5
1745,26.7488,16.0814,5
1746,26.3118,16.2907,5
1747,27.1628,16.73,5
1748,28.4117,18.1192,5
1749,27.0064,18.179,5
1750,26.551,17.6247,5
1752,26.7166,17.5143,5
1753,27.0386,15.8077,5
1754,28.6693,17.4775,5
1755,28.6003,17.8593,5
1756,26.6154,17.7834,5
1757,27.379,17.9076,5
1758,27.4549,17.4959,5
1759,28.1196,18.2365,5
1760,28.1173,17.7259,5
1761,29.2926,17.4614,5
1762,28.6486,16.5667,5
1763,27.2824,17.1394,5
1764,27.5124,17.0313,5
1765,27.1513,17.236,5
1766,26.919,16.27,5
1767,27.7447,16.8749,5
1768,26.6729,17.3441,5
1769,25.8058,17.2751,5
1770,26.1646,15.9687,5
1771,27.4687,15.6329,5
1772,26.9282,18.1146,5
1773,26.1554,17.5764,5
1774,27.0524,17.6385,5
1775,26.6085,18.4205,5
1776,27.6021,18.9288,5
1777,25.677,17.9214,5
1778,26.0565,17.1831,5
1779,27.2111,18.6896,5
1780,27.2686,17.834,5
1781,27.5423,16.4609,5
1782,27.4043,17.0865,5
1783,28.046,18.0456,5
1784,27.6596,16.8726,5
1785,27.5216,16.5345,5
1786,27.2571,16.9623,5
1787,27.0248,17.4913,5
1788,27.4963,17.4062,5
1789,27.563,16.9324,5
1790,28.0161,16.8726,5
1792,26.3371,18.1192,5
1793,25.9208,17.8547,5
1794,27.1352,18.9265,5
1795,25.8311,18.0295,5
1796,27.1881,17.6339,5
1797,27.6435,17.9789,5
1798,25.7897,17.7328,5
2502,25.5804,15.4167,5
976,11.3572,23.5587,6
2000,9.6943,23.1999,6
2081,9.4413,23.055,6
2699,10.4027,23.6553,6
2700,10.0117,24.0394,6
2701,10.5499,23.9474,6
2702,10.7523,25.4355,6
2703,8.7766,25.2837,6
2704,9.4689,23.4667,6
2705,10.7822,23.3402,6
2706,10.9662,23.8646,6
2707,10.0669,26.0749,6
2708,9.6069,25.0698,6
2709,9.5149,25.0882,6
2710,11.1755,25.9967,6
2711,11.0122,25.3412,6
2712,10.0255,23.9773,6
2713,9.6184,25.3987,6
2714,10.4326,24.5178,6
2716,8.6547,24.757,6
2717,10.7776,24.4902,6
2718,9.4114,24.4695,6
2719,10.1796,24.6857,6
2720,10.6787,23.9934,6
2721,11.4814,24.4327,6
2722,9.3999,23.6622,6
2723,10.2762,24.6512,6
2724,10.9202,24.7708,6
2725,9.2458,24.849,6
2726,10.4142,24.5201,6
2727,9.9289,24.7915,6
2728,10.0439,24.3936,6
2729,10.5476,23.6208,6
2730,10.4119,25.9737,6
2731,11.0766,23.8715,6
2732,9.7886,24.5592,6
2733,9.9611,24.4396,6
2734,10.2762,24.4235,6
2735,10.9639,24.964,6
2736,10.5982,24.7616,6
2737,10.1405,23.2942,6
2738,11.3664,23.8531,6
2739,10.3452,24.2947,6
2740,10.3567,24.3867,6
2741,9.9082,24.849,6
2742,9.393,23.239,6
2743,11.7551,23.9796,6
2744,10.1313,25.0284,6
2745,9.8162,23.8945,6
2746,9.4712,24.7915,6
2747,10.175,25.1779,6
2748,10.3452,24.6535,6
2749,9.5839,25.4516,6
2750,9.5103,25.9369,6
2751,10.7155,23.0527,6
2752,9.7679,25.0077,6
2753,11.0099,24.4534,6
2754,10.8903,24.734,6
2755,9.2596,24.2211,6
2757,10.612,25.2032,6
2758,10.5522,22.9055,6
2759,11.4009,23.9819,6
2760,10.0002,24.0486,6
2761,11.555,25.0399,6
2762,10.819,24.8168,6
2763,9.6276,24.3108,6
2764,11.0674,24.2165,6
2765,10.9041,24.0095,6
2766,9.1814,25.3895,6
2767,9.8599,24.1199,6
2768,9.922,23.7059,6
2769,10.1244,25.0031,6
2770,9.7472,24.2947,6
2771,11.003,24.2372,6
2772,10.2026,24.1153,6
2773,11.3526,23.5058,6
2774,10.681,23.3356,6
2775,10.5315,24.9571,6
2776,11.0122,25.0905,6
2777,10.3958,23.4368,6
2778,9.8024,23.9704,6
2779,9.8484,23.8393,6
2780,10.5706,23.8761,6
2781,10.1773,24.7271,6
2782,10.819,23.8324,6
2783,11.8563,25.9346,6
2784,10.083,24.1015,6
2785,9.508,23.8439,6
2786,9.5333,24.8697,6
2787,10.4303,23.4759,6
2788,9.1814,24.9732,6
2789,10.5844,23.7749,6
2790,9.485,22.9354,6
2792,10.589,23.8531,6
2793,8.8203,25.0905,6
2794,10.6258,24.2096,6
2795,10.4395,24.0164,6
2796,10.4441,24.0785,6
2797,9.4528,24.5615,6
2798,10.3567,24.3154,6
402,5.3174,18.8092,7
441,6.2673,18.7494,7
463,6.1523,18.9058,7
464,5.3105,18.5033,7
469,5.69,18.3952,7
485,5.6463,18.9334,7
494,5.0552,18.2365,7
2999,5.8441,17.3993,7
3000,4.6182,17.7535,7
3001,5.368,17.5005,7
3004,5.4899,17.2774,7
3006,5.0253,18.156,7
3008,5.897,17.3625,7
3010,5.6118,17.3809,7
3013,5.9775,17.8248,7
3017,6.7181,17.5971,7
3022,5.4117,17.0819,7
3023,4.3307,17.2567,7
3026,6.0741,17.696,7
3030,5.2484,17.6615,7
3032,6.1086,17.3855,7
3033,5.7935,17.8478,7
3037,6.1891,18.1169,7
3038,5.0644,17.5649,7
3040,5.0828,17.7834,7
3041,5.7935,17.4499,7
3043,4.862,17.1118,7
3044,6.0465,17.5051,7
3053,5.6394,17.9766,7
3056,4.7562,17.8777,7
3057,5.4531,17.4154,7
3059,5.9936,17.7029,7
3063,6.3409,17.7857,7
3066,5.0552,18.5217,7
3067,5.4416,18.4987,7
3070,7.4311,18.3331,7
3073,6.2121,17.9582,7
3075,5.3542,17.2015,7
3083,6.4237,17.4706,7
3086,5.4669,17.7489,7
3087,4.816,17.0037,7
3089,6.0419,17.3625,7
3092,5.1219,18.4274,7
3096,5.276,17.2475,7
3098,7.162,18.1836,7
1102,24.826,15.2971,8
1105,24.6052,14.9958,8
1109,24.8329,16.0377,8
1113,24.4649,14.5496,8
1122,24.8697,14.6393,8
1125,24.8858,14.3196,8
1186,24.5362,16.9117,8
1193,24.9249,13.7607,8
2499,22.8871,16.8542,8
2500,23.3931,16.4655,8
2501,22.894,15.2833,8
2503,22.5214,15.9871,8
2504,21.7693,16.2194,8
2505,22.4432,14.5703,8
2506,21.9556,16.0653,8
2507,23.8324,17.3993,8
2508,22.3397,16.0078,8
2509,23.6116,16.8404,8
2510,22.8963,16.2585,8
2511,21.8843,16.0285,8
2512,23.0366,15.4144,8
2513,22.8043,15.4052,8
2514,21.7555,15.4144,8
2515,22.6985,16.7001,8
2516,21.7072,15.5754,8
2517,22.4754,15.3063,8
2518,22.9377,16.6817,8
2519,23.3655,15.718,8
2520,23.4782,15.7686,8
2521,23.0274,15.833,8
2522,21.9648,15.6605,8
2523,23.0619,16.1826,8
2524,22.5375,15.9664,8
2525,21.9142,15.9963,8
2526,23.2022,16.4287,8
2527,21.6635,17.351,8
2528,22.8687,15.1568,8
2529,22.963,15.9802,8
2530,23.0596,16.2585,8
2531,24.2096,16.1205,8
2532,23.1654,15.2948,8
2533,21.7072,15.4374,8
2534,23.2712,16.3643,8
2535,22.9193,16.4195,8
2536,21.7509,15.3776,8
2537,22.9354,15.3661,8
2539,23.2321,17.7926,8
2540,23.4,18.3929,8
2541,23.0895,16.3666,8
2542,23.5794,16.8703,8
2543,23.2988,16.385,8
2544,23.4759,16.8151,8
2545,22.6594,16.1504,8
2546,23.2321,15.0257,8
2547,22.0706,16.063,8
2548,22.0683,17.2797,8
2549,24.3039,15.4903,8
2550,22.7077,15.3845,8
2551,22.1189,15.8284,8
2552,24.0785,15.2833,8
2553,23.3448,16.4908,8
2554,23.4713,17.6132,8
2555,22.5559,16.73,8
2556,23.5242,15.2971,8
2557,23.1332,16.3298,8
2558,22.1603,16.9531,8
2559,22.963,14.8923,8
2560,23.952,17.282,8
2561,24.1475,16.7208,8
2562,23.0366,15.6743,8
2563,22.3811,15.9434,8
2564,22.227,15.028,8
2565,22.9423,17.213,8
2566,22.3558,16.224,8
2567,22.9584,15.0786,8
2568,23.009,16.7116,8
2569,22.9837,15.8974,8
2570,23.078,16.0699,8
2571,21.3024,17.2314,8
2572,23.0481,16.5184,8
2573,23.0918,15.3592,8
2574,22.7675,17.949,8
2575,22.9308,16.0814,8
2576,22.9906,18.3239,8
2577,22.7491,16.6909,8
2578,21.8383,16.1688,8
2579,24.067,16.6058,8
2580,23.0343,16.7691,8
2581,21.5416,16.1021,8
2582,21.5853,16.3551,8
2583,23.5518,15.8422,8
2584,22.8572,16.2033,8
2585,23.1953,15.7824,8
2586,22.9492,14.7543,8
2587,23.1378,15.9181,8
2588,23.1447,14.9705,8
2589,24.0555,16.5621,8
2590,22.7951,15.5386,8
2591,24.4787,17.9421,8
2592,23.4253,17.1509,8
2593,22.6249,15.419,8
2594,23.1355,15.9756,8
2595,22.825,16.4954,8
2596,24.2257,16.0354,8
2597,23.3149,17.0014,8
2598,23.3931,15.9549,8
99,18.4941,12.5877,9
100,18.1606,12.5486,9
102,17.7558,12.1231,9
104,16.7139,11.5849,9
105,17.259,11.7482,9
106,17.4959,11.5596,9
108,18.3607,11.8287,9
109,17.2038,11.7689,9
111,17.2866,12.2933,9
112,17.3694,11.5596,9
113,17.9858,11.5067,9
114,18.0272,12.6176,9
115,17.1026,13.1719,9
116,17.5212,11.8747,9
118,16.7898,12.2128,9
119,17.1233,11.6102,9
120,18.6137,11.3802,9
123,17.8041,11.7022,9
125,16.638,12.9649,9
127,18.5125,11.8425,9
128,17.9306,12.1898,9
129,17.6132,13.4686,9
131,18.4642,11.7137,9
132,17.3625,12.0035,9
134,17.6868,11.4354,9
137,17.5419,11.8885,9
138,17.8961,11.8057,9
139,18.2365,11.7666,9
140,18.1008,11.3641,9
141,18.3653,12.0633,9
142,19.3635,11.6286,9
143,17.9237,11.5573,9
144,16.9853,12.3186,9
145,16.8749,11.5182,9
146,18.0272,11.9621,9
147,17.6293,11.3503,9
149,18.2388,11.4676,9
150,17.811,11.4768,9
152,16.845,12.9235,9
155,17.4384,12.2128,9
156,17.9421,11.8057,9
157,16.615,12.0702,9
159,16.7415,11.8793,9
160,16.8197,12.1162,9
162,17.8363,11.8563,9
163,17.696,11.9414,9
165,18.5378,11.6516,9
166,17.1877,11.9828,9
167,18.4527,11.2468,9
169,18.1422,11.9966,9
174,17.5396,11.4791,9
177,18.4803,12.0955,9
178,17.2889,11.7873,9
180,17.6523,11.509,9
181,17.4982,11.9552,9
182,17.5948,11.3848,9
183,17.7328,11.6562,9
184,19.3934,12.5601,9
185,17.9651,12.5256,9
187,17.6086,11.7206,9
188,18.9817,11.6999,9
189,17.1992,12.5969,9
190,16.9163,11.4929,9
192,18.9403,11.6999,9
193,17.098,13.5744,9
194,16.3206,12.0679,9
195,18.4343,12.4474,9
196,18.3124,11.6631,9
197,16.7277,11.6654,9
198,18.2457,13.0201,9
1224,15.6122,11.8816,9
1299,16.6863,13.8642,9
1300,17.8731,15.143,9
1301,15.7617,14.3472,9
1302,16.6334,13.4295,9
1303,16.27,14.8532,9
1304,16.9692,14.7612,9
1305,15.9503,13.7331,9
1306,16.9048,13.8964,9
1307,16.4793,14.9981,9
1308,17.6224,12.9212,9
1309,16.2516,13.2731,9
1310,16.7277,13.8688,9
1311,17.213,14.0137,9
1312,15.4466,14.9981,9
1313,16.0745,14.0022,9
1314,15.7571,15.258,9
1315,15.8629,14.7635,9
1316,16.7944,14.453,9
1317,16.5943,15.511,9
1318,17.1969,14.9521,9
1319,17.3349,15.1798,9
1320,15.5156,14.8808,9
1321,16.3114,14.9521,9
1322,15.9641,15.0694,9
1323,15.8008,14.2437,9
1324,16.6196,13.7768,9
1325,16.431,15.5317,9
1326,16.2171,14.9958,9
1327,15.4397,14.7842,9
1329,16.6679,14.5841,9
1330,17.3924,14.6232,9
1331,15.7985,13.7998,9
1332,16.1734,15.2212,9
1333,15.9733,15.7617,9
1334,16.4149,14.8532,9
1335,16.4103,14.3909,9
1336,16.983,15.7272,9
1337,16.4425,12.935,9
1339,15.7732,15.3293,9
1340,15.4765,14.0505,9
1341,16.6196,15.0165,9
1342,15.3086,14.89,9
1343,16.0952,14.3633,9
1344,16.4885,14.683,9
1345,16.1527,14.1218,9
1346,16.2171,15.0303,9
1347,16.4701,14.0137,9
1348,17.7995,14.1218,9
1349,15.6421,14.1678,9
1350,17.2176,14.821,9
1351,16.224,14.5174,9
1352,16.5276,15.1844,9
1353,16.086,14.8785,9
1354,17.466,15.1936,9
1355,14.9406,14.5013,9
1356,15.8721,12.8867,9
1357,16.799,15.6168,9
1358,16.1067,14.4208,9
1359,16.2953,15.2189,9
1360,15.2971,14.6715,9
1361,17.0727,14.3242,9
1362,15.2948,14.7658,9
1363,16.6058,14.9912,9
1364,14.5588,14.4001,9
1365,16.2378,13.8435,9
1366,16.6886,14.7198,9
1367,16.1182,15.2534,9
1368,15.5823,13.8297,9
1369,15.2051,14.039,9
1370,16.0515,14.3081,9
1371,16.6265,15.0855,9
1372,16.2309,14.7497,9
1373,16.1711,14.4208,9
1374,17.3441,15.2258,9
1375,15.5938,15.0487,9
1376,17.9007,14.3127,9
1377,15.4949,15.3385,9
1378,16.3206,16.1596,9
1379,17.2797,14.9268,9
1380,16.4931,14.2437,9
1381,16.661,16.3896,9
1382,16.0101,14.7612,9
1383,16.2746,16.1412,9
1384,17.3027,13.6388,9
1385,16.7875,15.4029,9
1386,15.3431,15.4167,9
1388,16.224,15.4374,9
1389,16.5713,15.2764,9
1391,16.7806,14.6163,9
1393,16.7875,16.0653,9
1394,17.4568,14.2759,9
1395,15.6536,13.4456,9
1396,17.0083,14.1011,9
1397,16.3804,15.0372,9
1398,15.9388,15.1913,9
599,19.9339,27.9149,10
600,21.1115,27.2065,10
601,21.3047,25.7023,10
602,20.4514,27.2134,10
603,21.6175,27.3767,10
605,21.0655,27.7194,10
606,21.4841,28.1242,10
607,21.5117,27.9517,10
609,21.5922,26.873,10
611,20.847,28.2852,10
612,20.2053,27.6596,10
613,19.6993,27.8827,10
614,22.1603,28.483,10
615,21.7325,27.8804,10
617,21.0908,26.436,10
618,20.2076,28.023,10
619,20.686,27.7884,10
620,21.7808,27.8735,10
621,21.6037,28.2461,10
622,21.5485,26.9213,10
623,21.7831,26.7511,10
624,21.7003,27.2571,10
625,22.273,27.7723,10
626,22.5835,26.4222,10
627,21.7785,26.712,10
628,20.0788,26.6177,10
629,22.4202,29.104,10
630,20.5687,27.4618,10
631,20.5273,28.253,10
632,20.8838,27.448,10
633,20.9275,26.0404,10
634,20.7849,26.459,10
635,19.9017,26.2589,10
636,21.7325,26.5901,10
637,20.8999,27.8873,10
638,21.0195,26.505,10
639,21.5485,27.747,10
640,22.1672,26.9926,10
641,21.8268,26.7649,10
643,20.6607,26.7902,10
644,21.2794,27.6389,10
645,21.1805,26.8638,10
646,20.7987,27.1421,10
647,21.7624,26.5832,10
648,20.962,27.2042,10
649,21.2909,27.8873,10
650,21.7302,26.0588,10
651,21.6175,27.5538,10
652,20.3617,27.8666,10
653,21.9717,27.4342,10
654,20.7734,29.3754,10
655,20.6791,26.9512,10
656,21.6405,28.5359,10
657,20.732,26.7557,10
659,22.3075,26.2497,10
660,20.6354,29.7871,10
661,20.502,27.0478,10
662,20.4077,27.678,10
663,21.2081,27.0915,10
664,21.8636,27.7746,10
665,21.1368,28.2576,10
666,21.8774,27.241,10
667,21.5301,27.517,10
668,19.5222,27.5147,10
669,20.6814,26.8477,10
670,20.3364,27.0018,10
671,20.824,27.954,10
672,20.8723,28.3082,10
673,21.1506,28.1633,10
674,21.468,27.3652,10
675,21.2311,27.0984,10
676,20.9988,27.1329,10
677,22.3029,27.54,10
679,21.054,28.5819,10
680,21.0241,27.0294,10
681,21.974,27.2042,10
682,21.215,27.241,10
683,22.1189,27.4618,10
684,21.4588,27.4227,10
685,22.0637,27.8965,10
686,21.8222,27.1835,10
687,21.215,27.4181,10
688,21.1667,26.5165,10
689,21.1575,26.7005,10
690,21.4772,27.4848,10
691,21.8107,27.333,10
692,20.7044,27.4411,10
693,21.1506,27.5722,10
694,20.2007,27.0363,10
696,20.7849,27.5446,10
697,21.4519,26.85,10
698,20.5296,27.6228,10
815,20.2007,25.7138,10
101,17.9628,10.4625,11
103,17.4867,10.6626,11
107,18.7908,10.497,11
110,16.96,10.6373,11
117,17.512,10.9915,11
121,16.7714,11.3871,11
122,16.0676,10.8121,11
124,17.8984,9.945,11
126,16.4632,10.658,11
130,16.7392,11.0306,11
133,17.5557,11.2123,11
135,18.5171,9.876,11
136,16.1251,10.6649,11
148,16.5575,11.3388,11
151,16.1895,9.968,11
153,17.4637,10.8213,11
154,17.6339,10.8144,11
158,15.6398,11.2284,11
161,15.9181,11.4124,11
164,16.845,10.6672,11
168,16.8956,11.1065,11
170,16.8059,11.1318,11
171,17.4913,10.428,11
172,16.3045,10.8765,11
173,17.4453,9.8668,11
175,17.7328,11.21,11
176,17.466,10.4234,11
179,18.3883,10.0025,11
186,17.0428,11.3595,11
191,17.3096,11.1893,11
1199,16.2631,10.0255,11
1200,15.7525,9.738,11
1201,16.4425,10.9915,11
1202,16.1205,8.9905,11
1203,16.3252,8.5903,11
1204,16.2079,9.3884,11
1205,14.4116,9.485,11
1206,16.2838,8.841,11
1207,16.9738,9.439,11
1208,16.6932,10.5361,11
1209,14.6439,11.1433,11
1210,17.1141,9.7311,11
1211,15.4558,8.45,11
1212,14.2368,8.9537,11
1213,15.2649,8.2131,11
1214,16.6564,9.9243,11
1215,16.4287,8.9169,11
1216,16.0607,9.1584,11
1217,14.5634,7.2057,11
1218,14.016,10.1267,11
1219,16.2723,9.1032,11
1220,15.442,8.0222,11
1221,16.6794,8.2844,11
1222,15.0372,9.554,11
1223,15.7594,8.4017,11
1225,15.0556,9.4896,11
1226,15.5892,10.2141,11
1227,15.9595,9.3562,11
1228,15.7594,9.6828,11
1229,13.8918,9.2987,11
1230,16.9669,8.519,11
1231,14.5289,8.7306,11
1232,14.6761,7.898,11
1233,15.5409,9.347,11
1234,14.6945,8.6938,11
1235,16.3528,9.8783,11
1236,16.0032,8.6087,11
1237,13.9079,9.0181,11
1238,13.9125,10.6741,11
1239,16.8496,9.5954,11
1240,14.8532,8.9238,11
1241,16.3551,9.9703,11
1242,15.5938,8.5144,11
1243,16.4172,9.14,11
1244,16.3896,8.588,11
1245,14.9268,10.3843,11
1246,17.1348,10.2601,11
1247,16.8312,8.5719,11
1248,15.1729,9.4965,11
1249,15.6421,8.8663,11
1250,15.6099,8.8709,11
1251,14.66,9.6989,11
1252,16.4954,9.3907,11
1253,15.7824,8.5811,11
1254,13.8136,9.5655,11
1255,15.3638,8.9238,11
1256,15.9664,9.991,11
1257,15.3293,8.6685,11
1258,14.9314,7.9095,11
1259,14.384,9.9542,11
1260,14.5887,10.2279,11
1261,15.5984,9.8553,11
1262,16.1297,8.9146,11
1263,15.6881,7.9187,11
1264,15.9595,10.0186,11
1265,15.971,9.623,11
1266,15.4811,9.5816,11
1267,15.6789,8.818,11
1268,15.764,8.9169,11
1269,15.189,9.1975,11
1270,15.0004,9.1791,11
1271,16.4126,9.7656,11
1272,15.7479,9.3424,11
1273,15.1844,9.7311,11
1274,15.2143,10.0071,11
1275,16.2148,8.3258,11
1276,15.6306,9.2182,11
1277,16.5621,9.5034,11
1278,14.9314,9.9887,11
1279,16.0952,9.6184,11
1280,16.0722,9.0227,11
1281,15.9871,9.8139,11
1282,16.1826,8.8962,11
1283,14.4208,9.462,11
1284,15.9756,10.1865,11
1285,15.1246,9.7978,11
1286,16.4931,9.3056,11
1287,17.1187,10.4602,11
1288,15.4696,8.841,11
1289,15.5915,9.3033,11
1290,16.224,8.9514,11
1291,16.0216,9.6667,11
1292,15.5041,10.1865,11
1293,14.9452,8.7697,11
1294,14.4185,9.3102,11
1295,14.7658,8.7237,11
1296,16.3459,8.5696,11
1297,14.6324,8.5857,11
1298,15.5386,9.8139,11
466,7.2701,20.0558,12
488,6.9987,21.7693,12
975,10.0784,21.9855,12
1999,8.772,20.778,12
2001,9.6713,20.6906,12
2002,8.6225,22.2132,12
2003,8.8134,21.1,12
2004,8.3005,21.2426,12
2005,8.8617,21.4059,12
2006,8.6754,19.7982,12
2008,9.3838,21.2357,12
2009,9.0641,21.8015,12
2010,8.5489,21.6405,12
2011,8.8663,20.6929,12
2012,7.4035,20.1777,12
2013,8.6294,23.0297,12
2014,9.2113,21.9556,12
2015,9.2573,22.0246,12
2016,7.5116,22.5421,12
2017,8.9307,22.3121,12
2018,8.9215,21.2863,12
2019,8.9859,19.1082,12
2020,9.3815,21.6796,12
2021,8.151,21.7072,12
2022,8.6317,21.1184,12
2023,8.8318,20.3847,12
2024,8.2315,20.6768,12
2025,7.9509,20.6975,12
2026,8.312,21.3484,12
2027,8.4569,21.3185,12
2028,9.1147,21.5784,12
2029,7.806,22.0729,12
2030,9.6368,21.6888,12
2031,7.6726,22.1212,12
2032,8.9238,20.2444,12
2033,8.7559,21.7716,12
2034,8.9583,20.3226,12
2035,7.829,21.0218,12
2036,9.4459,21.9257,12
2037,9.0733,21.3852,12
2038,7.8152,21.4979,12
2039,8.6409,22.4202,12
2040,8.8364,20.7849,12
2041,7.8474,21.1046,12
2042,7.5668,20.5986,12
2043,9.5563,21.7555,12
2044,9.0526,22.1511,12
2045,9.3125,20.8309,12
2046,8.1119,21.7785,12
2047,9.9197,20.4928,12
2048,9.4597,21.0471,12
2049,9.4781,20.6239,12
2050,10.0048,21.4542,12
2051,8.9169,19.8419,12
2052,8.8042,22.2707,12
2053,9.9749,20.5388,12
2054,7.5576,20.1616,12
2055,7.6611,20.5043,12
2056,9.0825,22.5605,12
2057,8.5834,21.8636,12
2058,9.4505,22.1787,12
2059,8.2315,20.9505,12
2060,7.9923,19.4601,12
2061,8.3925,21.2242,12
2062,8.1073,22.1235,12
2063,7.668,20.3916,12
2064,9.669,20.2674,12
2065,8.6041,21.3622,12
2066,8.611,21.5255,12
2067,7.6427,22.1948,12
2068,8.6938,21.0011,12
2070,9.5333,21.3852,12
2071,8.864,21.5117,12
2072,8.4132,21.1115,12
2073,7.8681,19.4348,12
2074,8.0475,20.0328,12
2075,9.6828,21.5922,12
2076,8.6915,20.3778,12
2077,8.5098,22.0315,12
2078,9.0802,21.5347,12
2079,9.1584,20.9436,12
2080,9.8783,19.5567,12
2082,9.3608,20.9551,12
2083,8.4086,20.6354,12
2084,8.8318,21.6129,12
2085,9.1538,21.7509,12
2086,7.8014,22.0361,12
2087,8.45,20.9804,12
2088,7.8359,22.7031,12
2089,7.6726,21.2334,12
2090,8.1602,20.7389,12
2091,8.4201,19.6993,12
2092,9.9197,21.2012,12
2093,10.2716,20.3709,12
2094,8.5351,22.0315,12
2095,9.4965,21.7003,12
2096,9.2343,21.4611,12
2097,8.6593,21.0011,12
2098,8.0268,20.3249,12
2715,9.0825,22.135,12
2756,8.519,22.8986,12
2791,10.1796,22.3167,12
14,23.3609,5.6601,13
74,23.1838,5.7314,13
1000,22.2224,8.2131,13
1001,23.9842,8.6984,13
1002,23.354,7.7577,13
1004,22.9768,8.2591,13
1006,23.7933,8.2821,13
1007,23.0343,8.6892,13
1008,23.2758,8.703,13
1009,22.641,8.4362,13
1010,23.2045,7.9647,13
1011,23.6898,7.2655,13
1013,24.1268,7.8175,13
1014,23.8209,8.1464,13
1016,23.5702,8.0889,13
1017,22.4248,7.6542,13
1018,22.7721,8.151,13
1020,22.5743,8.5374,13
1021,22.3259,7.8635,13
1022,22.4639,6.6353,13
1023,23.1953,8.6018,13
1024,23.9129,8.5489,13
1025,23.0297,8.5075,13
1026,23.5127,8.1073,13
1027,23.7496,8.8893,13
1028,23.0182,8.7858,13
1030,22.5007,8.2476,13
1031,22.6203,8.9169,13
1032,21.8958,8.9905,13
1033,22.4133,8.4132,13
1034,22.1465,8.4339,13
1035,24.2119,8.6156,13
1036,24.1498,8.7904,13
1037,23.7818,8.5259,13
1039,22.9147,7.8152,13
1042,21.9602,8.3764,13
1044,23.2091,8.8939,13
1046,21.8866,8.9652,13
1047,22.5835,8.5029,13
1048,21.7785,7.1482,13
1049,23.8439,7.8911,13
1051,23.5656,8.7375,13
1052,22.0131,8.3603,13
1053,22.3213,9.0112,13
1054,23.9037,7.9808,13
1055,23.5426,8.8778,13
1058,23.3057,8.0613,13
1059,24.389,8.8042,13
1060,23.3218,8.9468,13
1062,24.1935,8.6018,13
1063,23.5472,8.9767,13
1064,21.5761,7.8773,13
1065,23.0389,7.1942,13
1067,22.5398,8.1211,13
1068,22.2523,7.599,13
1069,23.2114,7.967,13
1071,23.722,7.9049,13
1074,23.1332,8.1395,13
1075,24.0831,8.4914,13
1076,23.2114,8.4109,13
1077,22.8572,7.9302,13
1078,22.6042,8.8387,13
1080,21.3829,8.8571,13
1082,24.1406,8.5305,13
1083,22.5904,8.4201,13
1085,22.3282,7.99,13
1090,22.3236,8.1556,13
1091,23.2206,6.8515,13
1093,22.8089,7.9923,13
1094,21.6083,7.2655,13
1095,23.2781,9.0227,13
1097,23.2597,8.3741,13
1098,23.4851,8.3074,13
2399,22.6801,4.5492,13
2400,22.2454,5.8211,13
2401,22.0936,6.1063,13
2402,22.9837,6.2075,13
2403,21.2196,5.7636,13
2404,20.3709,6.0534,13
2405,23.1792,5.0713,13
2406,21.813,7.0953,13
2407,21.5025,5.4853,13
2408,22.9193,4.3583,13
2409,21.3392,5.7406,13
2410,22.3282,5.3519,13
2411,21.8153,5.2323,13
2412,22.2132,4.6412,13
2413,21.4519,4.701,13
2414,22.5651,6.0718,13
2415,21.8659,6.0028,13
2416,22.6755,4.6021,13
2417,20.0857,6.1937,13
2418,20.9988,5.2645,13
2419,22.1925,6.4467,13
2420,22.0982,6.0925,13
2421,22.135,5.9821,13
2422,22.9492,4.6412,13
2423,22.963,4.5193,13
2424,22.1879,5.8441,13
2425,20.8401,5.6946,13
2426,21.6589,6.6928,13
2427,22.1695,5.3703,13
2428,22.158,6.104,13
2429,21.2081,4.8758,13
2430,21.5347,5.2714,13
2431,21.2725,4.5607,13
2432,22.6617,6.4421,13
2433,22.5007,5.3381,13
2434,21.5071,5.0897,13
2435,22.3466,6.1316,13
2436,21.4519,3.8776,13
2437,23.5403,6.1569,13
2438,22.2224,4.6734,13
2439,21.3185,5.9177,13
2440,21.1575,4.8804,13
2441,22.2431,5.3795,13
2442,23.5955,5.3795,13
2443,22.4547,6.2811,13
2444,22.5674,4.7677,13
2445,21.7739,4.0938,13
2446,21.8199,5.8234,13
2447,21.6589,5.4646,13
2448,21.3576,6.4306,13
2449,23.2689,6.0051,13
2450,22.7537,5.5934,13
2451,22.1695,5.7728,13
2452,22.5812,5.0437,13
2453,22.9814,6.8515,13
2454,22.6364,6.8653,13
2455,22.7606,5.9407,13
2456,21.8705,4.1858,13
2457,23.1194,5.621,13
2458,23.0527,5.1702,13
2459,23.0159,5.9131,13
2460,22.0568,5.782,13
2461,21.9027,4.701,13
2462,21.6589,5.8602,13
2463,21.8475,6.7549,13
2464,20.341,5.5658,13
2465,21.8774,5.2231,13
2466,21.8682,4.8482,13
2467,22.0729,5.2691,13
2468,21.9257,5.4048,13
2469,21.5692,4.5561,13
2470,22.2086,5.5221,13
2471,22.5421,5.874,13
2472,20.1501,7.231,13
2473,23.0205,5.2093,13
2474,21.8406,7.001,13
2475,22.5352,5.8878,13
2476,23.2505,5.1886,13
2477,23.6668,7.5024,13
2478,20.7504,5.2898,13
2479,22.4432,4.0892,13
2480,22.2569,5.9798,13
2481,22.2707,5.5773,13
2482,21.859,4.8827,13
2483,22.6456,6.702,13
2484,23.2919,5.1196,13
2485,23.8761,6.3754,13
2486,22.296,6.0051,13
2487,21.8153,6.0718,13
2488,21.7371,5.3979,13
2489,22.6571,5.2806,13
2490,22.3903,6.3869,13
2491,22.2247,5.6302,13
2492,22.2201,5.4071,13
2493,21.2311,5.9867,13
2494,21.767,6.2696,13
2495,21.7233,6.5387,13
2496,22.2569,5.8441,13
2497,21.583,3.7925,13
2498,21.2541,5.5934,13
1899,4.3629,28.2208,14
1900,4.3284,26.9972,14
1901,5.5566,27.0041,14
1902,6.3202,27.3445,14
1903,4.4457,27.3008,14
1904,4.5998,26.3762,14
1905,5.2737,27.8206,14
1906,4.8344,27.0524,14
1907,4.908,29.2995,14
1908,7.2264,28.4278,14
1909,4.7447,26.8132,14
1910,5.6762,27.3238,14
1911,5.8924,28.2116,14
1912,5.4048,27.8114,14
1913,4.9034,26.8017,14
1914,4.7677,28.5727,14
1915,6.2673,26.8638,14
1916,6.3616,27.5584,14
1917,6.8492,28.3956,14
1918,6.1983,27.103,14
1919,7.1482,27.9724,14
1920,4.9402,27.2088,14
1921,5.2254,28.5014,14
1922,5.2116,27.6941,14
1923,6.6813,27.5607,14
1924,5.7659,28.1978,14
1925,5.6693,27.0225,14
1926,6.3869,27.2364,14
1927,5.2576,27.5492,14
1928,5.092,27.5538,14
1929,5.3013,27.6251,14
1930,4.149,27.2985,14
1931,5.5267,27.0777,14
1932,5.4324,27.5009,14
1933,5.3519,27.8413,14
1934,5.897,28.5336,14
1935,4.9379,27.7424,14
1936,5.3565,27.1145,14
1937,3.9328,26.7189,14
1938,5.5152,27.747,14
1939,3.7488,26.0611,14
1940,5.989,26.2382,14
1941,6.1845,27.9356,14
1942,4.1329,28.3266,14
1943,5.138,27.678,14
1944,5.8418,27.4595,14
1945,4.6274,28.9177,14
1946,5.644,28.0621,14
1947,4.6251,27.8045,14
1948,5.0345,27.6366,14
1949,5.8993,27.2824,14
1950,6.0626,27.0731,14
1951,4.8321,28.1035,14
1952,5.6808,27.9379,14
1953,5.0966,27.3445,14
1954,6.5939,28.1771,14
1955,4.6458,27.6711,14
1956,4.7999,28.368,14
1957,5.4462,29.2742,14
1958,4.3376,27.3077,14
1959,5.5612,27.6665,14
1960,6.6008,27.8275,14
1961,5.0644,27.5676,14
1962,4.4135,27.2778,14
1963,4.0271,27.2755,14
1964,4.7263,26.3716,14
1965,4.7309,26.7304,14
1966,5.897,29.2558,14
1967,5.0092,27.1651,14
1968,6.2696,27.3215,14
1969,6.4398,27.1329,14
1970,6.1086,27.885,14
1971,5.9269,27.8781,14
1972,6.2719,27.4687,14
1973,5.9729,27.9908,14
1974,5.2599,27.9471,14
1975,4.5676,27.9172,14
1976,6.3156,26.7856,14
1977,4.7447,27.1214,14
1978,4.5561,28.4784,14
1979,5.2001,28.046,14
1980,6.3317,27.4365,14
1981,5.9269,26.9374,14
1982,6.3179,27.7286,14
1983,3.5556,26.9305,14
1984,6.2604,26.6361,14
1985,5.0506,27.5699,14
1986,6.9688,27.563,14
1987,5.6486,27.2042,14
1988,5.5083,27.6642,14
1989,5.5911,28.6877,14
1990,5.5382,27.3008,14
1991,5.1081,27.5147,14
1992,4.3905,27.8252,14
1993,4.8505,27.9793,14
1994,5.4232,27.2709,14
1995,5.7383,27.8551,14
1996,5.9016,27.8045,14
1997,6.5525,26.9374,14
1998,4.3652,25.9622,14
218,9.0756,9.3723,15
237,9.715,9.9151,15
239,9.5954,9.1469,15
241,9.0733,8.9307,15
244,9.393,9.4735,15
247,10.1635,9.1239,15
257,9.6023,9.0526,15
262,9.1837,9.8484,15
264,8.9951,9.5678,15
270,10.4004,9.9749,15
273,9.5678,10.5683,15
282,10.1681,9.0802,15
1799,11.7735,8.1878,15
1800,12.0909,7.6795,15
1801,11.509,8.7743,15
1802,11.1985,8.3442,15
1803,11.0536,8.289,15
1804,11.3319,8.0452,15
1805,10.6051,6.9044,15
1806,13.0017,6.6192,15
1807,11.5665,8.9905,15
1808,11.7022,8.289,15
1809,12.0794,8.5328,15
1810,11.8379,8.1648,15
1811,10.8443,7.7301,15
1812,11.5849,9.7656,15
1813,12.6751,7.4955,15
1814,11.9966,7.7669,15
1815,12.1576,8.8249,15
1816,12.0357,7.5116,15
1817,10.474,7.9302,15
1818,11.4745,7.415,15
1819,11.4009,8.4086,15
1820,12.3002,8.6248,15
1821,10.4579,9.0204,15
1822,10.9018,9.2573,15
1823,12.3025,7.9969,15
1824,11.2859,8.082,15
1825,12.5118,8.933,15
1826,11.946,6.8607,15
1827,10.4993,8.9307,15
1828,10.8949,9.9036,15
1829,11.1502,8.1924,15
1830,11.3825,8.4086,15
1831,12.337,8.2614,15
1832,10.5384,8.1648,15
1833,11.4699,6.8929,15
1834,12.061,8.3465,15
1835,11.4078,9.1285,15
1836,10.5752,8.5903,15
1837,12.958,7.4817,15
1838,10.8075,7.3046,15
1839,9.9634,7.8497,15
1840,10.9892,9.5747,15
1841,10.98,8.9146,15
1842,10.6741,8.4684,15
1843,11.4952,7.8451,15
1844,11.9345,8.4362,15
1845,12.8131,8.0498,15
1846,12.4382,8.5857,15
1847,12.4152,9.8875,15
1848,10.2693,8.289,15
1849,11.0812,8.4523,15
1850,10.2233,7.576,15
1851,11.3135,9.2159,15
1852,11.7275,7.484,15
1853,11.1571,9.8783,15
1854,11.9943,8.7858,15
1855,13.0109,7.9072,15
1856,10.1796,8.45,15
1857,11.8402,9.0135,15
1858,11.601,8.9813,15
1859,11.6378,8.9629,15
1860,10.7546,8.1694,15
1861,10.2141,7.4058,15
1862,9.6368,8.1947,15
1863,11.3733,8.2315,15
1864,9.7909,9.1561,15
1865,11.647,9.163,15
1866,11.1134,7.2264,15
1867,11.9713,8.1694,15
1868,9.8829,8.772,15
1869,12.2312,8.1809,15
1870,11.8333,7.1689,15
1871,12.1461,7.7554,15
1872,11.5458,7.3667,15
1873,9.0411,8.5466,15
1874,11.0329,7.3391,15
1875,11.5481,8.8617,15
1876,11.9161,8.2246,15
1877,10.1796,7.9578,15
1878,11.8103,8.2269,15
1879,10.9938,8.7145,15
1880,11.7321,7.7577,15
1881,11.0766,9.025,15
1882,11.8816,9.2872,15
1883,10.4924,8.8686,15
1884,11.7919,8.0613,15
1885,12.1967,9.3677,15
1886,10.474,8.588,15
1887,11.3963,7.5185,15
1888,12.0403,7.8911,15
1889,11.3457,8.8111,15
1890,11.67,8.5765,15
1891,11.3641,7.0999,15
1892,10.9064,7.2655,15
1893,11.3802,8.4086,15
1894,10.9501,8.6156,15
1895,11.6631,8.2039,15
1896,11.9851,9.6345,15
1897,12.0587,7.7347,15
1898,10.451,6.84,15
1570,10.5108,14.9912,16
1599,10.9892,13.0615,16
1600,12.0771,13.7607,16
1601,12.1921,14.6209,16
1602,12.0081,16.1136,16
1603,11.21,14.2874,16
1604,13.1903,13.4502,16
1605,10.4579,13.5376,16
1606,11.4055,15.5892,16
1607,12.3117,13.7078,16
1608,12.2542,15.0901,16
1609,11.785,14.7888,16
1610,11.3181,14.6347,16
1611,12.5486,13.9585,16
1612,11.3043,14.4553,16
1613,11.6562,14.9843,16
1614,11.3664,13.7814,16
1615,11.6447,15.5271,16
1616,10.9478,15.9388,16
1617,12.9649,15.1913,16
1618,11.0904,14.6163,16
1619,11.762,13.4732,16
1620,11.9575,14.5289,16
1621,10.9225,15.0993,16
1622,12.8177,14.7014,16
1623,11.2284,14.6531,16
1624,10.589,14.1379,16
1625,10.842,14.0896,16
1626,11.7459,15.166,16
1627,11.4446,13.0132,16
1628,10.4924,14.5266,16
1629,11.7459,14.154,16
1630,11.1778,14.3702,16
1631,12.3807,13.5951,16
1632,13.0132,14.1954,16
1633,10.8374,14.2989,16
1634,12.4175,13.3053,16
1635,13.1765,14.6922,16
1636,10.9455,14.8854,16
1637,11.9989,13.6756,16
1638,12.1553,14.4047,16
1639,13.1397,14.5427,16
1640,11.3641,15.1913,16
1641,11.5182,15.2626,16
1642,11.5274,15.1131,16
1643,11.6884,15.0119,16
1644,12.6107,14.959,16
1645,11.1686,15.5133,16
1646,12.774,14.4231,16
1647,11.6056,14.66,16
1648,11.8287,15.5363,16
1649,11.5688,15.649,16
1650,12.0909,15.1476,16
1651,10.6741,14.2184,16
1652,11.9966,13.7446,16
1653,11.3526,14.6301,16
1654,11.1111,14.1724,16
1655,12.912,13.878,16
1656,10.4395,14.5565,16
1657,12.5693,14.338,16
1658,11.2767,13.2064,16
1659,12.9074,15.7755,16
1660,10.7776,13.8711,16
1661,11.1778,14.1839,16
1662,11.8264,14.3656,16
1663,12.498,14.5036,16
1664,11.4009,13.6963,16
1665,11.4515,14.3495,16
1666,11.1157,13.2869,16
1667,10.6695,14.2506,16
1668,11.5527,13.8734,16
1669,12.4819,13.6871,16
1670,11.6171,15.718,16
1671,11.7436,13.8964,16
1672,11.4745,13.1673,16
1673,11.5297,14.0528,16
1674,12.0725,13.3904,16
1675,10.7086,15.4696,16
1676,11.6907,14.4438,16
1677,12.9718,15.3362,16
1678,12.0955,12.8568,16
1679,10.129,14.4852,16
1680,10.7408,14.5588,16
1681,12.1714,15.4052,16
1682,11.762,13.9447,16
1683,11.0973,13.1328,16
1684,12.222,14.6623,16
1685,11.7344,14.1402,16
1686,12.4037,14.4093,16
1687,12.1415,15.4742,16
1688,11.3595,14.3817,16
1689,12.6751,14.798,16
1690,11.9644,14.2322,16
1691,13.4203,13.5146,16
1692,11.9414,14.6255,16
1693,11.4055,14.6439,16
1694,10.2233,13.4893,16
1695,11.8356,15.4719,16
1696,11.2836,13.8159,16
1697,10.5476,14.0666,16
1698,11.946,15.0188,16
324,23.7266,26.1094,17
351,24.1475,26.689,17
604,23.2206,26.8247,17
608,23.0182,27.5423,17
610,22.802,27.3836,17
616,22.6525,28.1564,17
642,23.0573,28.5336,17
658,22.6019,29.4513,17
678,23.1056,27.724,17
695,22.8066,27.8321,17
2199,24.435,27.8137,17
2202,23.8025,26.9719,17
2206,24.4166,28.5175,17
2208,24.5891,27.4296,17
2210,24.7616,26.4866,17
2213,24.3637,26.8707,17
2218,24.0325,26.4337,17
2222,25.1825,26.3578,17
2223,24.8375,27.8896,17
2225,24.5776,27.8206,17
2228,23.3747,28.3703,17
2230,24.0601,27.1904,17
2234,24.1291,27.4181,17
2235,24.849,27.5837,17
2237,24.7984,27.4687,17
2240,24.5431,28.6923,17
2241,24.2993,28.5497,17
2245,23.2252,29.2466,17
2247,24.136,28.4922,17
2250,24.2487,27.5078,17
2263,24.4005,27.6872,17
2266,24.8559,27.1191,17
2267,24.32,28.0989,17
2268,23.745,27.4066,17
2271,24.9065,26.6867,17
2278,23.8485,28.0069,17
2280,24.8996,27.3928,17
2286,24.0946,27.0938,17
2287,24.6052,27.655,17
2291,24.2441,27.6481,17
2292,24.6696,26.8523,17
2293,24.228,27.1076,17
2295,24.412,27.4043,17
2298,24.2717,27.6274,17
310,25.953,26.1692,18
2200,25.3136,28.0115,18
2201,26.0795,28.0667,18
2203,25.4148,27.2663,18
2204,24.9663,29.15,18
2205,25.2216,27.1743,18
2207,25.4194,26.6568,18
2209,25.5597,26.9328,18
2211,25.7759,28.6923,18
2212,26.6936,28.1863,18
2214,25.1963,27.2479,18
2215,28.7268,26.7212,18
2216,25.7506,27.0731,18
2217,26.1048,26.1876,18
2219,25.4378,27.5952,18
2220,25.7138,28.7935,18
2221,26.1416,28.5451,18
2224,25.2952,27.057,18
2226,25.1917,27.563,18
2227,24.9341,28.2507,18
2229,25.9599,28.5796,18
2231,25.4815,29.3616,18
2232,24.5385,29.7963,18
2233,26.1899,28.0414,18
2236,25.7736,27.4549,18
2238,25.7943,28.4807,18
2239,24.9962,27.8045,18
2242,26.0772,28.7268,18
2243,25.6862,27.7378,18
2244,25.9944,27.0202,18
2246,25.6195,29.8538,18
2248,24.9548,28.7107,18
2249,25.2032,28.3381,18
2251,26.4567,29.012,18
2252,25.3389,27.8574,18
2253,26.2635,28.6946,18
2254,25.2883,28.0391,18
2255,26.5119,27.8436,18
2256,25.2262,27.5193,18
2257,25.4171,27.1099,18
2258,25.5712,27.3077,18
2259,26.0634,27.0685,18
2260,24.9571,28.4646,18
2261,25.0997,29.0787,18
2262,25.1687,29.1247,18
2264,26.3831,29.2351,18
2265,25.5114,28.9407,18
2269,25.5367,27.8045,18
2270,25.4286,28.0506,18
2272,25.5413,28.3427,18
2273,25.884,27.9586,18
2274,27.8666,29.2903,18
2275,26.3302,28.2829,18
2276,25.9622,27.0064,18
2277,25.7414,28.1334,18
2281,25.6701,27.126,18
2282,25.9852,28.5313,18
2283,25.4309,27.8873,18
2284,27.1099,27.0593,18
2285,25.4815,27.2479,18
2289,25.2607,27.3514,18
2290,25.3849,29.4375,18
2294,25.3711,28.2898,18
2296,24.7938,28.7429,18
2297,25.1411,27.0064,18
1399,20.5227,19.4578,19
1400,19.7683,19.9868,19
1401,21.4864,19.7039,19
1402,19.6832,18.3515,19
1403,21.6014,20.4905,19
1404,20.203,19.9592,19
1405,20.6975,19.8258,19
1406,19.6763,19.8626,19
1407,21.1506,20.1294,19
1408,19.6694,19.9776,19
1409,21.3921,19.0691,19
1410,19.7821,20.2237,19
1411,20.4813,19.0162,19
1412,20.1202,19.0737,19
1413,20.7849,20.4767,19
1414,21.3369,19.7177,19
1415,19.3313,19.6372,19
1416,19.7476,19.1013,19
1417,20.9597,18.4619,19
1418,20.6377,19.3934,19
1419,20.8608,18.4711,19
1420,20.3456,19.0553,19
1421,18.6298,19.8051,19
1422,20.5572,19.3589,19
1423,20.8654,20.4491,19
1424,20.2536,19.1036,19
1425,21.2541,22.0591,19
1426,20.9758,19.0944,19
1427,20.9919,20.5618,19
1428,20.7251,19.5429,19
1429,19.3727,19.5659,19
1430,19.7775,18.8828,19
1431,19.6211,19.1266,19
1432,19.536,20.0581,19
1433,20.5089,19.2945,19
1434,21.3346,20.3134,19
1435,19.2715,18.4504,19
1436,19.8971,19.3244,19
1437,21.1161,19.5544,19
1438,20.2789,18.6068,19
1439,20.2973,19.053,19
1440,20.7343,19.95,19
1441,21.2449,20.0374,19
1442,21.5646,20.4031,19
1443,20.3502,19.6694,19
1444,20.3847,19.1197,19
1445,18.9288,19.2853,19
1446,20.7021,19.7545,19
1447,20.4836,19.3175,19
1448,19.4256,19.306,19
1449,19.8258,20.0972,19
1450,19.5682,19.881,19
1451,19.7798,20.1915,19
1452,20.1777,19.1933,19
1453,20.2628,19.6855,19
1454,18.8276,19.4279,19
1455,21.1805,19.2531,19
1456,19.6832,19.0139,19
1457,20.1777,20.0213,19
1458,21.1322,20.8033,19
1459,20.042,20.1915,19
1460,19.7867,20.5963,19
1461,20.9873,19.5958,19
1462,19.9523,18.8046,19
1463,18.9219,18.2756,19
1464,19.7936,19.3244,19
1465,20.8608,19.1979,19
1466,20.2375,20.0328,19
1467,20.6423,20.226,19
1468,20.7826,20.4997,19
1469,20.2375,19.3405,19
1470,20.364,18.2457,19
1471,19.3865,20.4192,19
1472,21.123,19.1059,19
1473,19.3957,21.2173,19
1474,20.1478,18.3768,19
1475,21.2679,19.1979,19
1476,19.7016,17.9766,19
1477,20.6262,18.9932,19
1478,20.6837,20.3916,19
1479,21.1322,19.8557,19
1480,19.9178,19.4279,19
1481,20.3502,20.0949,19
1482,19.2899,20.0949,19
1483,19.7246,19.8971,19
1484,20.5135,19.3405,19
1485,20.939,20.3341,19
1486,19.7798,20.3134,19
1487,19.5567,19.0599,19
1488,20.6998,20.7688,19
1489,21.3852,19.5659,19
1490,21.0402,19.1887,19
1491,21.2633,19.6096,19
1492,20.0811,19.2301,19
1493,20.18,21.3277,19
1494,20.3525,21.1966,19
1495,20.6837,19.8695,19
1496,20.939,20.893,19
1497,19.9385,18.1284,19
1498,19.8833,18.8529,19
2538,20.64,17.1739,19
369,25.1135,22.2385,20
1751,27.2732,19.5176,20
1791,26.8201,19.0576,20
2300,26.0749,22.4961,20
2301,26.6775,21.4588,20
2302,26.7143,21.8613,20
2304,27.126,21.974,20
2305,27.3537,21.5945,20
2306,27.2824,21.4749,20
2307,26.9581,22.4662,20
2308,27.0432,21.9487,20
2309,26.942,22.342,20
2311,25.3734,21.7762,20
2312,26.2865,21.5646,20
2313,26.8891,21.9648,20
2314,27.103,21.3277,20
2315,27.6159,22.319,20
2316,26.2612,22.4294,20
2317,27.126,20.7527,20
2318,26.5671,21.33,20
2319,26.7488,22.7054,20
2320,26.5165,22.5467,20
2321,26.6292,22.1626,20
2323,26.6108,22.1097,20
2324,27.1421,21.7877,20
2325,26.7051,20.7803,20
2326,27.5883,22.0154,20
2327,25.5252,21.5439,20
2328,26.0588,21.1207,20
2329,26.6752,22.0959,20
2330,26.8339,21.2219,20
2331,27.0202,20.6561,20
2332,26.9351,21.9096,20
2334,27.3238,20.5319,20
2335,26.1002,19.7499,20
2337,26.3578,21.6359,20
2338,26.2566,21.8889,20
2339,27.8689,21.7693,20
2340,27.7263,22.5467,20
2341,26.229,22.0982,20
2342,26.5349,21.9763,20
2343,26.459,22.4087,20
2344,26.4084,21.5577,20
2345,27.1375,22.4524,20
2347,27.3514,20.5894,20
2348,27.793,22.5352,20
2349,26.5119,22.5099,20
2350,27.2387,22.3006,20
2351,25.8196,21.0839,20
2352,26.7212,21.008,20
2353,26.6959,21.6589,20
2355,27.1697,22.112,20
2356,27.2525,21.8613,20
2357,26.2221,21.675,20
2358,26.7925,21.3829,20
2360,27.2548,20.8562,20
2361,26.6545,22.6042,20
2362,26.8224,22.4156,20
2363,27.1076,22.365,20
2364,27.1881,21.6888,20
2365,27.5768,21.5899,20
2366,26.321,22.0292,20
2368,27.0593,21.629,20
2369,27.4135,22.3443,20
2370,26.2175,21.5738,20
2371,27.0225,22.4984,20
2372,27.2571,22.6479,20
2373,25.8679,22.0039,20
2374,27.8367,22.6226,20
2376,28.092,22.8411,20
2377,26.9305,22.4064,20
2378,26.5648,21.1506,20
2379,28.1426,21.4956,20
2380,27.3192,22.4041,20
2381,26.6246,21.2403,20
2382,26.114,21.3047,20
2384,27.4181,21.5715,20
2385,27.2617,20.0374,20
2386,26.6614,21.4542,20
2387,28.5014,21.9326,20
2388,27.0455,22.5789,20
2389,28.1035,21.3898,20
2390,27.103,21.8475,20
2391,26.5487,21.4795,20
2392,26.9006,21.261,20
2393,26.3693,22.6318,20
2396,26.2612,22.6134,20
2397,25.2883,22.1902,20
2398,25.7184,22.4915,20
799,18.2158,26.4751,21
800,17.9191,25.4401,21
801,19.0139,26.4222,21
802,17.627,26.6982,21
803,18.3354,26.1554,21
804,17.9076,24.964,21
805,17.4798,26.3969,21
806,17.7305,25.3803,21
807,18.7793,25.0997,21
808,18.0479,26.1669,21
809,17.6546,25.6287,21
810,18.0939,26.0542,21
811,19.0277,25.9691,21
812,16.0193,25.7368,21
813,16.6817,26.1117,21
814,18.1169,24.5063,21
816,17.6868,25.5206,21
817,16.2171,25.4562,21
818,18.0709,24.9502,21
819,18.5332,27.0064,21
820,18.1123,26.5257,21
821,18.2273,26.4452,21
822,18.8759,25.3987,21
823,18.5654,25.6862,21
824,17.5948,27.4825,21
825,18.0387,25.5459,21
826,17.3694,25.1043,21
827,18.1054,25.9783,21
828,18.0732,25.447,21
829,17.9697,26.8017,21
830,17.0773,26.3302,21
831,16.4287,25.2883,21
832,18.5194,24.7731,21
833,17.8018,26.7097,21
834,17.3303,26.1738,21
835,17.8685,26.7718,21
836,18.0042,25.8012,21
837,18.3952,24.6719,21
838,18.0364,25.7552,21
839,16.7116,26.2106,21
840,18.225,24.5891,21
841,17.4844,25.5735,21
842,18.0801,26.0887,21
843,18.0824,27.6665,21
844,18.5378,25.5252,21
845,18.3607,26.3762,21
846,17.6201,24.5845,21
847,18.0502,25.0261,21
848,17.8179,25.4447,21
849,17.5235,25.5919,21
850,18.8184,25.0537,21
851,18.2894,26.7166,21
852,17.3464,25.2607,21
853,18.3791,25.447,21
854,17.7512,26.7902,21
855,16.5023,25.2423,21
856,19.6924,24.5293,21
857,16.9853,25.3918,21
858,17.2567,25.24,21
859,18.0433,25.8334,21
860,18.0847,25.8288,21
861,17.3441,25.9898,21
862,18.2411,25.0583,21
863,18.6574,26.4521,21
864,18.4366,26.9558,21
865,18.6275,25.3826,21
866,18.3837,24.6167,21
867,17.7742,26.4429,21
868,18.0318,25.1572,21
869,18.1675,25.7506,21
870,18.2365,26.413,21
871,17.6822,24.6949,21
872,16.5897,26.1462,21
873,17.0336,25.3665,21
874,17.2061,24.5753,21
875,18.6091,25.4884,21
876,18.041,25.7575,21
877,17.8708,25.2676,21
878,18.3515,26.6476,21
879,18.8621,25.2055,21
880,16.661,25.447,21
881,18.8184,26.8086,21
882,19.0139,25.4539,21
883,17.8432,25.9622,21
884,18.4067,26.4038,21
885,17.0842,25.424,21
886,18.3055,25.0169,21
887,17.4062,25.9024,21
888,17.144,26.1393,21
889,18.6896,25.5206,21
890,17.512,26.0036,21
891,18.2963,25.3826,21
892,18.0134,26.6706,21
893,17.7558,26.0266,21
894,17.8294,25.746,21
895,17.4752,24.6972,21
896,18.1445,26.0887,21
897,19.1335,26.298,21
898,18.1491,25.7253,21
2147,16.914,26.6821,21
299,24.0394,24.6765,22
300,24.6972,24.4442,22
301,23.8945,24.9916,22
302,23.837,24.8536,22
305,24.9111,24.8168,22
306,23.7197,23.4483,22
307,23.3218,22.9584,22
309,25.4332,25.4953,22
311,24.0486,25.4286,22
312,23.8692,23.8531,22
313,24.3499,25.1388,22
314,24.1498,24.6788,22
315,24.596,24.458,22
316,24.6075,24.6029,22
317,24.9134,24.6052,22
318,24.8513,24.4856,22
319,24.6535,23.0642,22
320,24.0555,24.3729,22
321,23.4437,24.0555,22
322,25.102,25.3205,22
323,24.8536,24.9525,22
325,24.8513,23.4322,22
326,25.2009,24.711,22
327,24.1222,24.6926,22
328,24.6903,24.0325,22
329,23.9842,23.3839,22
331,24.6397,24.251,22
332,23.8393,24.3154,22
334,24.9433,24.0003,22
335,24.7064,24.3476,22
336,24.2441,23.6231,22
337,24.6282,23.423,22
338,23.3218,24.8766,22
339,24.6972,24.5523,22
343,23.9359,23.8347,22
345,24.9318,23.8623,22
346,25.3021,24.5201,22
347,24.5891,24.297,22
348,23.2873,23.1148,22
349,24.0049,23.9129,22
350,24.9088,24.9295,22
354,24.8007,24.5017,22
356,24.3407,23.5886,22
357,24.3154,24.2188,22
359,24.435,24.297,22
360,24.6512,24.9433,22
361,24.4856,23.6553,22
362,25.2308,25.3205,22
364,24.5316,23.8071,22
365,24.8996,24.5868,22
367,24.665,23.239,22
370,24.6098,24.7087,22
371,24.3752,24.4787,22
373,24.0946,24.4672,22
374,23.4299,25.0652,22
375,24.6581,25.861,22
378,24.8191,24.9778,22
379,24.2855,24.2694,22
381,24.8605,23.4437,22
383,25.2722,24.7708,22
384,24.7248,24.1107,22
385,24.5914,25.5781,22
387,25.0675,24.4925,22
388,24.297,23.975,22
389,23.262,24.7524,22
391,25.4953,24.9893,22
392,24.7593,24.366,22
393,24.9709,23.9796,22
394,24.4925,23.7795,22
395,24.3545,24.4028,22
396,24.665,23.6208,22
397,24.7984,24.4787,22
2279,25.4976,25.1802,22
2288,24.8191,25.0031,22
1537,7.3966,16.1987,23
3002,6.0672,15.9986,23
3003,5.8533,16.4103,23
3005,5.6279,16.5667,23
3007,6.6882,16.2424,23
3009,5.1173,16.7461,23
3011,6.0511,16.1021,23
3012,4.3192,16.661,23
3014,5.9223,16.9899,23
3015,5.7889,16.8933,23
3016,5.5267,16.0883,23
3018,5.4508,15.3776,23
3019,5.7498,17.0014,23
3020,5.7406,15.9641,23
3021,7.0309,16.73,23
3024,5.8993,16.5437,23
3025,6.2075,15.6697,23
3027,5.253,16.8128,23
3028,4.5354,15.8491,23
3029,6.1132,16.0446,23
3031,6.6767,15.7387,23
3034,6.1132,16.1872,23
3035,5.8004,15.4972,23
3036,6.7388,17.2337,23
3039,4.8758,16.5598,23
3042,6.7802,16.983,23
3045,5.5888,16.3114,23
3046,6.3455,16.8772,23
3047,5.7084,15.7893,23
3048,6.2535,16.4954,23
3049,6.6537,17.0198,23
3050,6.2052,15.6674,23
3051,6.3018,15.7893,23
3052,5.9453,16.7967,23
3054,5.4761,16.9186,23
3055,7.0608,16.086,23
3058,6.1155,16.8772,23
3060,4.8643,16.0814,23
3061,5.4968,16.1826,23
3062,6.0442,17.0934,23
3064,4.7217,16.0055,23
3065,7.0493,16.224,23
3068,6.9872,17.2383,23
3069,5.1311,16.6817,23
3071,6.0879,16.1205,23
3072,5.8878,16.3781,23
3074,6.9849,17.1785,23
3076,7.2149,16.7944,23
3077,6.8906,16.0952,23
3078,5.552,15.557,23
3079,6.0488,16.2102,23
3080,5.7498,16.5069,23
3081,6.3064,16.8243,23
3082,5.3266,16.6725,23
3084,5.1909,16.1458,23
3085,5.8947,16.2677,23
3088,5.8901,16.9393,23
3090,6.5456,16.6978,23
3091,6.0626,17.0865,23
3093,7.3414,16.8197,23
3094,5.138,16.615,23
3095,5.736,16.9991,23
3097,6.4444,16.2033,23
706,12.6291,20.134,24
716,12.9948,20.7136,24
726,12.9925,20.2927,24
748,12.6268,19.7108,24
899,11.9759,20.5894,24
900,12.061,21.4979,24
902,12.6613,21.0356,24
903,11.5343,19.5636,24
904,12.2059,21.5899,24
905,12.4152,21.9395,24
906,13.188,22.3167,24
907,10.7753,21.7808,24
908,11.9805,21.1069,24
909,11.2169,22.2454,24
910,11.0628,21.422,24
911,12.5187,21.1506,24
912,11.1134,21.4335,24
913,11.3066,20.847,24
914,12.4267,21.1414,24
915,12.4382,22.0959,24
916,13.7975,21.3392,24
917,11.1134,22.0821,24
918,11.831,21.7072,24
919,12.7326,22.1971,24
920,11.5481,21.9809,24
921,10.681,22.3397,24
922,13.3099,21.0333,24
923,12.6475,21.6497,24
924,12.2404,21.2472,24
925,11.6309,22.4708,24
926,11.2537,20.6446,24
927,12.4428,21.8636,24
928,11.1341,21.0655,24
929,11.1088,21.5784,24
930,13.4801,21.077,24
931,13.073,21.5301,24
932,11.5987,20.8263,24
933,12.0679,20.8286,24
934,13.2639,21.6405,24
935,11.5021,21.606,24
936,12.6935,20.732,24
937,11.164,21.974,24
938,12.0081,21.7302,24
939,11.9759,20.8769,24
940,13.5422,20.5457,24
941,11.1594,21.445,24
942,11.6631,22.4685,24
943,11.0214,21.6589,24
944,12.1323,20.9252,24
945,12.291,21.1368,24
946,11.0927,21.9234,24
947,10.8213,20.6561,24
948,12.774,21.7049,24
949,12.1714,20.7826,24
950,13.0983,20.8539,24
951,12.8223,21.0218,24
952,11.1111,20.8286,24
953,12.4221,20.8056,24
954,12.1806,22.2063,24
955,11.5343,21.4036,24
956,12.222,21.5393,24
957,11.6539,22.1971,24
958,12.36,20.5779,24
959,13.3375,21.8245,24
960,12.3071,20.9252,24
961,13.487,22.089,24
962,11.9966,21.4105,24
963,11.6999,21.0356,24
964,12.8844,22.0706,24
965,12.6866,22.0131,24
966,11.3664,20.9275,24
967,11.7666,21.4519,24
968,12.9925,21.3714,24
969,12.8177,22.1994,24
970,12.6337,21.8176,24
971,11.6838,20.9045,24
972,11.2031,20.6722,24
973,12.8315,22.0223,24
974,12.0426,21.215,24
977,11.3066,21.399,24
978,12.9235,21.675,24
979,12.6222,21.6175,24
980,13.4571,21.1851,24
981,13.2685,22.1925,24
982,12.7717,21.0057,24
983,13.4111,21.8889,24
984,13.2087,22.2408,24
985,12.7142,21.1782,24
986,11.6033,19.4785,24
987,10.6971,21.5508,24
988,11.6769,21.4151,24
989,11.4653,20.9689,24
990,12.8292,22.986,24
991,12.452,20.4767,24
992,11.4906,21.7026,24
993,11.1939,21.2656,24
994,11.7413,22.1488,24
995,12.0472,20.6377,24
996,11.8862,20.8746,24
997,12.6291,22.0752,24
998,11.9943,21.9625,24
248,9.4344,12.3485,25
1499,8.4086,15.7893,25
1500,9.5218,14.8164,25
1501,8.8341,15.0855,25
1502,9.5586,16.7967,25
1503,8.0567,14.7428,25
1504,9.3378,15.5018,25
1505,7.7416,15.3707,25
1506,8.7375,15.1407,25
1507,7.8704,16.086,25
1508,7.5139,13.8044,25
1509,9.5471,15.0165,25
1510,8.1671,15.3362,25
1511,7.4679,15.0625,25
1512,7.3966,15.8928,25
1513,8.8134,14.2644,25
1514,8.7766,14.7336,25
1515,8.6639,15.8514,25
1516,7.5116,15.1522,25
1517,9.4781,14.5979,25
1518,8.5236,14.3472,25
1519,8.795,15.1867,25
1520,7.6956,16.2148,25
1521,7.8888,15.1039,25
1522,7.8267,15.81,25
1523,9.1515,15.5616,25
1524,9.3884,15.2672,25
1525,8.8686,14.982,25
1526,9.2274,14.8233,25
1527,9.3125,15.3592,25
1528,9.4045,16.2194,25
1529,7.944,13.0891,25
1530,8.9261,14.6508,25
1531,8.5949,15.2028,25
1532,7.8267,15.35,25
1533,7.7094,14.637,25
1534,8.7674,15.2534,25
1535,9.1745,14.7888,25
1536,9.209,14.8049,25
1538,9.6506,15.5685,25
1539,8.3787,14.6278,25
1540,9.8829,14.5289,25
1541,8.3672,14.8762,25
1542,7.9624,16.04,25
1543,9.1584,15.3247,25
1544,7.9302,14.6876,25
1545,8.5535,16.5575,25
1546,8.6639,15.1913,25
1547,9.6874,15.4236,25
1548,8.6133,14.0459,25
1549,7.8428,14.4507,25
1550,8.1809,15.7571,25
1551,8.7904,14.4208,25
1552,9.2757,14.9061,25
1553,8.7237,15.189,25
1554,9.6115,15.6651,25
1555,8.8916,14.6968,25
1556,8.4983,16.224,25
1557,9.2136,13.7607,25
1558,8.7168,14.2437,25
1559,8.9008,16.017,25
1560,7.2448,15.0096,25
1561,8.9514,14.6347,25
1562,8.2614,15.2465,25
1563,8.7191,15.7939,25
1564,9.5333,15.4627,25
1565,9.5563,15.6927,25
1566,8.8157,16.1021,25
1567,8.5627,15.3339,25
1568,8.2959,15.6973,25
1569,8.818,15.4029,25
1571,8.519,14.9751,25
1572,8.933,13.9286,25
1573,8.9445,14.683,25
1574,9.301,16.2976,25
1575,9.5724,15.8836,25
1576,7.5645,15.9089,25
1577,9.7564,14.9153,25
1578,8.1257,15.3546,25
1579,8.6455,16.5483,25
1580,8.8732,15.2258,25
1581,7.783,14.775,25
1582,8.6409,15.9135,25
1583,10.1221,15.1177,25
1584,7.2126,15.488,25
1585,7.8152,15.649,25
1586,9.8185,14.6715,25
1587,9.0388,15.6697,25
1588,9.3125,15.1016,25
1589,7.7462,15.2833,25
1590,7.3713,15.4029,25
1591,9.5563,14.9061,25
1592,8.4316,15.2994,25
1593,8.3603,16.7024,25
1594,8.8088,16.1159,25
1595,9.2941,15.143,25
1596,7.645,14.9452,25
1597,8.059,14.476,25
1598,8.7766,15.3868,25
699,13.5238,18.1077,26
700,13.7262,18.3699,26
701,13.9792,18.8575,26
702,13.5468,18.8805,26
703,14.016,18.8667,26
704,14.1379,18.9909,26
705,13.8596,18.0525,26
707,13.8596,18.2733,26
708,14.2391,19.5521,26
709,15.6007,18.9518,26
710,14.0482,17.926,26
711,13.05,18.2342,26
712,13.1995,16.9186,26
713,13.717,18.7103,26
714,14.7221,19.1864,26
715,14.9153,18.1008,26
717,13.027,18.3561,26
718,13.9447,17.88,26
719,13.3628,19.2853,26
720,14.4622,19.5912,26
721,15.051,19.007,26
723,13.3375,19.4164,26
724,13.8849,18.8621,26
725,13.9562,19.5935,26
727,15.1637,19.3704,26
728,14.7842,18.2319,26
729,14.3587,18.225,26
730,14.3426,19.7062,26
731,13.349,18.2342,26
732,14.0781,17.9214,26
733,14.1632,18.7816,26
734,15.603,16.9301,26
735,14.3081,17.9881,26
736,13.1052,19.4624,26
737,15.0648,18.6689,26
738,12.8499,19.0645,26
739,14.0344,19.0507,26
740,16.0745,18.1054,26
741,13.7262,19.8465,26
742,12.6498,18.5792,26
743,13.4686,18.892,26
744,14.4484,17.7811,26
745,12.4152,19.2209,26
746,14.2713,18.0893,26
747,13.786,18.5217,26
749,14.062,18.7701,26
750,13.2386,19.5958,26
751,13.464,19.3543,26
752,14.1425,19.4003,26
753,14.0689,19.4233,26
754,12.3209,18.0111,26
755,12.8338,18.2204,26
756,14.8716,17.9076,26
757,14.1448,17.9214,26
758,15.5179,18.5286,26
759,15.8629,18.0272,26
760,13.0454,19.0346,26
761,14.5887,17.9467,26
762,14.223,18.0019,26
763,15.3546,19.1772,26
764,14.6002,18.57,26
765,14.637,19.6464,26
766,12.8384,18.984,26
767,13.901,18.1997,26
768,15.2212,19.0461,26
769,13.9792,17.4729,26
770,15.3408,19.3888,26
771,13.3513,18.5585,26
772,12.9097,19.2071,26
773,13.1972,19.4509,26
774,13.3927,17.2521,26
775,12.6245,19.3405,26
776,13.8297,18.9058,26
777,13.4272,17.9743,26
778,13.7515,19.0875,26
779,13.9378,18.6275,26
780,12.5164,17.8248,26
781,12.8545,19.1473,26
782,13.924,19.3888,26
783,14.6485,18.7724,26
784,13.464,18.4964,26
785,13.5192,17.5327,26
786,13.1466,19.1312,26
787,13.3398,19.4417,26
788,13.6963,18.7977,26
789,15.373,19.4371,26
790,14.5105,16.8519,26
791,13.8895,20.4261,26
792,15.2695,18.8069,26
793,13.6273,18.4987,26
794,13.8458,19.3543,26
795,13.188,18.6183,26
796,13.4939,18.3193,26
797,12.8729,18.7103,26
798,14.2897,16.8427,26
901,12.7027,19.559,26
1328,16.0768,17.0313,26
1338,15.603,16.1619,26
1387,16.3597,17.1233,26
1390,15.0924,15.9894,26
1392,15.2925,16.4195,26
399,4.057,21.4519,27
400,5.7912,19.7499,27
401,3.9719,19.8787,27
403,5.7406,22.066,27
404,4.9172,20.7688,27
405,4.3951,20.1363,27
406,6.1868,19.2324,27
407,4.8045,21.1989,27
408,6.173,19.3359,27
409,6.7848,21.0448,27
410,4.9218,20.019,27
411,6.0672,19.8695,27
412,6.3248,19.9684,27
413,4.7424,20.41,27
414,4.6665,20.4514,27
415,4.3491,20.2697,27
416,5.0897,19.8902,27
417,5.7498,20.6883,27
418,6.0304,20.1501,27
419,4.2962,20.9275,27
420,4.1973,20.4997,27
421,4.3192,20.1708,27
422,6.1661,21.6704,27
423,5.115,19.7499,27
424,5.0069,20.8263,27
425,5.0621,20.1478,27
426,4.7286,19.2761,27
427,5.3013,19.4233,27
428,5.5704,19.4716,27
429,5.7337,20.502,27
430,7.1321,19.7384,27
431,5.5244,20.4353,27
432,5.3473,20.3893,27
433,5.3588,19.7062,27
434,5.7061,19.214,27
435,6.1638,19.766,27
436,4.931,20.0305,27
437,5.184,20.5963,27
438,5.6256,21.2702,27
439,5.9775,21.4726,27
440,5.4393,19.6602,27
442,4.9839,19.5705,27
443,4.7723,19.8373,27
444,5.1334,20.7734,27
445,4.2594,21.0816,27
446,6.012,19.7706,27
447,4.5676,19.9776,27
448,4.2042,20.9942,27
449,5.9016,20.1225,27
450,6.1592,21.0908,27
451,5.4117,19.3405,27
452,4.9724,20.0167,27
453,4.5906,19.3014,27
454,5.4531,20.7067,27
455,7.0355,19.6073,27
456,6.5134,21.4151,27
457,5.3864,20.8355,27
458,4.4756,20.2766,27
459,4.9632,20.1248,27
460,5.2898,19.7545,27
461,3.9604,21.5669,27
462,3.9627,20.8884,27
465,3.8293,20.8424,27
467,3.896,20.065,27
468,4.3376,19.7821,27
470,5.4623,19.306,27
471,7.231,19.8856,27
472,4.6987,19.5751,27
473,6.6974,20.0121,27
474,6.1247,20.088,27
475,6.4214,20.571,27
476,5.322,19.5705,27
477,4.8758,20.4468,27
478,5.8694,20.3709,27
479,5.7406,21.3898,27
480,6.1753,20.4284,27
481,3.6499,20.364,27
482,5.6233,19.8304,27
483,5.3013,20.2444,27
484,6.2006,20.1892,27
486,5.5359,20.801,27
487,5.4209,21.2518,27
489,6.3455,20.0834,27
490,4.1904,21.2265,27
491,5.5681,21.0333,27
492,4.793,20.364,27
493,5.5566,20.3778,27
495,4.7677,20.5503,27
496,5.7613,19.5889,27
497,2.907,20.5641,27
498,6.5709,20.4031,27
2007,7.1666,20.1018,27
2069,6.5617,21.4841,27
2099,14.2138,27.5331,28
2100,14.3173,27.5768,28
2101,15.2074,28.1196,28
2102,14.4737,25.5712,28
2103,14.2276,27.4802,28
2104,13.1742,27.0156,28
2105,14.3679,25.861,28
2106,14.3587,26.7994,28
2107,14.2092,26.1485,28
2108,14.1655,27.2617,28
2109,13.4134,26.7672,28
2110,14.3242,26.6568,28
2111,13.3881,26.0013,28
2112,13.2363,26.1554,28
2113,14.4737,26.965,28
2114,15.4719,26.8868,28
2115,13.7101,26.5119,28
2116,13.7423,25.1411,28
2117,13.901,25.7368,28
2118,14.7819,26.643,28
2119,13.924,25.2906,28
2120,14.8233,26.2842,28
2121,14.0068,28.3795,28
2122,13.464,27.5055,28
2123,15.4466,26.4107,28
2124,14.7359,27.4825,28
2125,14.1885,27.6826,28
2126,14.4691,25.2446,28
2127,15.6881,26.9742,28
2128,13.0753,28.7199,28
2129,13.0477,26.8408,28
2130,14.7451,24.9019,28
2131,14.2598,26.0105,28
2132,14.4254,27.8022,28
2133,12.9051,25.7805,28
2134,14.9406,27.6757,28
2135,13.0615,26.965,28
2136,14.0459,26.3463,28
2137,13.3881,26.1278,28
2138,14.3127,25.9645,28
2139,14.7359,27.5722,28
2140,14.1839,26.3417,28
2141,13.3536,26.3026,28
2142,13.4962,26.5947,28
2143,13.9907,25.6471,28
2144,13.2409,26.8707,28
2145,14.0666,26.9903,28
2146,13.4801,27.5791,28
2148,14.5611,26.9167,28
2149,14.4737,26.8224,28
2150,13.8021,26.9673,28
2151,13.1466,26.896,28
2152,13.1627,26.8454,28
2153,15.5961,25.0813,28
2154,14.729,27.4756,28
2155,15.1177,27.7953,28
2156,14.568,25.7483,28
2157,12.6613,26.5349,28
2158,13.9953,26.8615,28
2159,13.6825,26.7695,28
2160,13.2593,27.5952,28
2161,14.2368,26.9742,28
2162,14.1678,26.0542,28
2163,14.6738,27.7746,28
2164,14.2115,25.9898,28
2165,14.1586,25.5413,28
2166,14.3587,26.0542,28
2167,13.4985,27.1513,28
2168,14.0919,26.0703,28
2169,14.6232,26.2865,28
2170,13.9631,27.5032,28
2171,13.855,26.6223,28
2172,13.8412,26.2428,28
2173,14.5059,27.3077,28
2174,14.0873,28.6118,28
2175,13.1742,26.9213,28
2176,13.4686,26.9489,28
2177,14.0804,27.5331,28
2178,14.8854,26.9443,28
2179,13.8136,25.9277,28
2180,14.0919,26.5947,28
2181,14.5289,26.5602,28
2182,14.6807,25.7828,28
2183,15.1476,26.3417,28
2184,15.3868,26.2612,28
2185,13.4548,26.758,28
2186,13.0592,28.0368,28
2187,13.4088,27.1513,28
2188,13.2317,27.8551,28
2189,14.5542,26.1278,28
2190,13.0983,25.2354,28
2191,14.1195,25.7161,28
2192,12.8085,26.574,28
2193,13.2501,26.5096,28
2194,14.7727,26.4866,28
2195,13.4709,27.3031,28
2196,13.7538,27.9471,28
2197,13.7906,26.2635,28
2198,14.4806,27.5561,28
999,23.1976,9.5678,29
1003,24.0279,9.853,29
1012,22.9722,10.1681,29
1015,22.6893,9.2136,29
1019,23.9244,9.163,29
1029,23.3908,9.2251,29
1043,23.745,9.0848,29
1050,23.4529,9.1998,29
1061,23.3632,10.0255,29
1066,22.8572,9.1607,29
1070,23.2482,9.738,29
1072,21.997,10.0048,29
1073,21.9188,9.7058,29
1079,22.5421,9.6506,29
1087,24.1866,9.1814,29
1088,23.7772,9.6345,29
1089,23.3586,9.9243,29
1092,23.5725,9.2803,29
1096,24.0509,9.324,29
1153,24.2947,13.4318,29
1155,24.8214,13.2777,29
2599,22.7215,11.1134,29
2600,24.2441,11.5734,29
2601,23.0159,10.9478,29
2602,22.0867,12.5348,29
2603,23.9543,11.5849,29
2604,21.8222,10.9639,29
2605,24.0417,11.7804,29
2606,22.0499,11.9115,29
2607,22.5191,11.2744,29
2608,22.3903,11.2629,29
2609,22.7606,11.4193,29
2610,22.4938,11.4699,29
2611,22.4432,11.1341,29
2612,23.5541,13.1167,29
2613,22.9791,11.5803,29
2614,22.7652,12.7142,29
2615,20.3709,10.9524,29
2616,23.4253,10.8558,29
2617,22.4455,11.9138,29
2618,23.2436,13.487,29
2619,21.3783,11.8586,29
2620,22.7974,10.7477,29
2621,23.2137,12.5578,29
2622,23.7956,12.9327,29
2623,22.5674,13.0707,29
2624,23.0228,11.9667,29
2625,21.7394,10.7822,29
2626,22.0062,11.5826,29
2627,21.3415,13.1121,29
2628,22.0315,11.5297,29
2629,22.687,10.8949,29
2630,22.1718,12.0035,29
2631,24.0233,13.2179,29
2632,23.5518,12.2174,29
2633,22.9032,11.5274,29
2634,21.6221,12.1691,29
2635,22.6318,10.7615,29
2636,22.2155,12.1599,29
2637,22.273,11.9322,29
2638,23.9175,12.9258,29
2639,22.365,11.8701,29
2640,22.4915,11.7137,29
2641,23.8278,12.7579,29
2642,23.607,12.1553,29
2643,23.308,11.0191,29
2644,23.9451,10.2923,29
2645,22.4064,12.5371,29
2646,22.4984,11.9575,29
2647,21.997,10.8144,29
2648,23.2459,11.8011,29
2649,22.2891,11.9874,29
2650,23.1539,11.417,29
2651,22.8641,13.142,29
2652,21.6336,12.2312,29
2653,23.2252,11.9989,29
2654,22.3719,11.7413,29
2655,23.8577,11.8126,29
2656,23.1792,11.1111,29
2657,21.7187,12.2818,29
2658,23.4483,12.1691,29
2659,23.0826,12.4566,29
2660,23.0044,11.4331,29
2661,21.905,12.4359,29
2662,22.7514,11.2008,29
2663,24.1981,10.8604,29
2664,23.1677,12.3209,29
2665,21.6865,12.2335,29
2666,22.3673,13.2616,29
2667,22.9216,11.6309,29
2668,21.6865,12.0403,29
2669,22.1672,10.8006,29
2670,21.9579,11.3549,29
2671,22.8963,11.7505,29
2672,22.917,11.1272,29
2673,23.2712,12.3209,29
2674,22.7146,12.0081,29
2675,22.0315,12.2726,29
2676,22.2868,10.52,29
2677,22.9308,13.2455,29
2678,21.7808,12.1047,29
2679,23.8094,12.4106,29
2680,22.4639,11.3641,29
2681,22.1557,11.4308,29
2682,22.6686,11.7321,29
2683,22.7123,12.0771,29
2684,23.722,11.7367,29
2685,22.7399,11.5044,29
2686,22.3581,11.6424,29
2687,22.0683,12.2864,29
2688,22.457,11.3158,29
2689,22.5099,12.1093,29
2690,21.8544,11.164,29
2691,22.6157,11.8517,29
2692,24.0946,11.9874,29
2693,22.1994,11.6861,29
2694,23.1723,11.2399,29
2695,22.963,11.9,29
2696,22.411,12.2703,29
2697,23.3218,12.659,29
2698,23.2321,12.0426,29
499,28.0805,10.5315,30
500,27.3445,11.2123,30
501,26.8661,10.6672,30
502,26.6476,9.2412,30
503,25.7115,10.0508,30
504,26.367,10.3268,30
505,28.2346,10.4165,30
506,26.6361,9.784,30
507,27.3077,9.2964,30
508,26.7143,9.4712,30
510,27.3445,9.3769,30
511,26.8615,10.3245,30
512,27.7148,11.1755,30
513,26.4291,10.3912,30
514,25.7598,9.3907,30
515,27.2479,10.1842,30
516,26.9857,10.5453,30
517,26.6338,10.1612,30
518,26.8753,11.2882,30
519,26.6223,10.2762,30
520,26.482,9.6644,30
521,29.5939,9.738,30
522,26.2543,10.3314,30
523,25.2377,9.7081,30
524,26.0312,10.06,30
525,27.9471,11.1686,30
526,26.6154,11.6355,30
527,26.6936,8.9675,30
528,25.8081,9.4574,30
529,27.3169,9.117,30
530,25.5321,10.566,30
531,27.2916,11.9713,30
532,26.7051,11.9782,30
533,26.7626,9.6253,30
534,27.9264,10.7109,30
535,27.0386,10.037,30
536,27.4986,10.4234,30
537,26.1577,9.5632,30
538,26.9213,11.9966,30
539,27.2433,9.1561,30
540,26.6959,10.2394,30
541,27.0708,10.8144,30
542,26.0197,10.9317,30
543,27.2663,11.4952,30
544,27.6136,9.7426,30
545,27.0478,10.2854,30
546,26.873,10.3613,30
547,26.9282,11.3917,30
548,27.6297,10.0209,30
549,27.0869,9.3033,30
550,25.746,11.4331,30
551,25.7598,10.5614,30
552,27.7447,10.9708,30
553,26.988,9.991,30
554,26.7189,10.2624,30
555,26.7718,10.267,30
556,27.402,10.9087,30
557,26.1485,10.6166,30
558,26.9811,10.2969,30
559,26.5694,9.2274,30
560,27.6757,9.5816,30
561,28.1817,10.8673,30
562,26.0726,10.911,30
563,26.5855,10.1451,30
564,27.1375,10.9432,30
565,27.31,9.3401,30
566,27.3123,10.2532,30
567,26.9098,8.2798,30
568,27.0179,9.6023,30
569,28.1518,10.5453,30
570,27.0179,10.6166,30
571,27.8942,10.4786,30
572,27.563,10.2739,30
573,27.0432,9.6,30
574,26.9443,10.865,30
575,26.321,10.5407,30
576,26.4084,12.6866,30
577,27.9287,10.9938,30
578,25.6701,10.9225,30
579,26.7051,10.3406,30
580,27.4296,9.7426,30
581,28,10.8903,30
582,27.3698,10.2279,30
583,26.9052,9.0319,30
584,27.2433,12.5624,30
585,26.1577,10.5292,30
586,27.0823,10.0876,30
587,26.8707,10.3475,30
588,26.3877,9.6989,30
589,26.3831,10.3038,30
590,27.0478,10.4809,30
591,26.7741,8.8272,30
592,26.6131,11.5734,30
593,26.7557,8.8387,30
594,25.7368,9.7403,30
595,26.0956,10.3751,30
596,25.8058,10.635,30
597,26.4245,10.2923,30
598,25.8357,10.451,30
1005,24.4626,9.0089,30
1038,24.8122,9.2941,30
1081,24.8421,9.3861,30
1147,27.5561,13.2133,30
1151,26.0473,13.2018,30
