Execution Time: 5521 ms,,,
699,13.5238,18.1077,1
700,13.7262,18.3699,1
701,13.9792,18.8575,1
702,13.5468,18.8805,1
703,14.016,18.8667,1
704,14.1379,18.9909,1
705,13.8596,18.0525,1
707,13.8596,18.2733,1
708,14.2391,19.5521,1
709,15.6007,18.9518,1
710,14.0482,17.926,1
711,13.05,18.2342,1
712,13.1995,16.9186,1
713,13.717,18.7103,1
714,14.7221,19.1864,1
715,14.9153,18.1008,1
717,13.027,18.3561,1
718,13.9447,17.88,1
719,13.3628,19.2853,1
720,14.4622,19.5912,1
721,15.051,19.007,1
723,13.3375,19.4164,1
724,13.8849,18.8621,1
725,13.9562,19.5935,1
727,15.1637,19.3704,1
728,14.7842,18.2319,1
729,14.3587,18.225,1
730,14.3426,19.7062,1
731,13.349,18.2342,1
732,14.0781,17.9214,1
733,14.1632,18.7816,1
735,14.3081,17.9881,1
736,13.1052,19.4624,1
737,15.0648,18.6689,1
738,12.8499,19.0645,1
739,14.0344,19.0507,1
740,16.0745,18.1054,1
741,13.7262,19.8465,1
742,12.6498,18.5792,1
743,13.4686,18.892,1
744,14.4484,17.7811,1
745,12.4152,19.2209,1
746,14.2713,18.0893,1
747,13.786,18.5217,1
748,12.6268,19.7108,1
749,14.062,18.7701,1
750,13.2386,19.5958,1
751,13.464,19.3543,1
752,14.1425,19.4003,1
753,14.0689,19.4233,1
754,12.3209,18.0111,1
755,12.8338,18.2204,1
756,14.8716,17.9076,1
757,14.1448,17.9214,1
758,15.5179,18.5286,1
759,15.8629,18.0272,1
760,13.0454,19.0346,1
761,14.5887,17.9467,1
762,14.223,18.0019,1
763,15.3546,19.1772,1
764,14.6002,18.57,1
765,14.637,19.6464,1
766,12.8384,18.984,1
767,13.901,18.1997,1
768,15.2212,19.0461,1
769,13.9792,17.4729,1
770,15.3408,19.3888,1
771,13.3513,18.5585,1
772,12.9097,19.2071,1
773,13.1972,19.4509,1
774,13.3927,17.2521,1
775,12.6245,19.3405,1
776,13.8297,18.9058,1
777,13.4272,17.9743,1
778,13.7515,19.0875,1
779,13.9378,18.6275,1
780,12.5164,17.8248,1
781,12.8545,19.1473,1
782,13.924,19.3888,1
783,14.6485,18.7724,1
784,13.464,18.4964,1
785,13.5192,17.5327,1
786,13.1466,19.1312,1
787,13.3398,19.4417,1
788,13.6963,18.7977,1
789,15.373,19.4371,1
790,14.5105,16.8519,1
791,13.8895,20.4261,1
792,15.2695,18.8069,1
793,13.6273,18.4987,1
794,13.8458,19.3543,1
795,13.188,18.6183,1
796,13.4939,18.3193,1
797,12.8729,18.7103,1
798,14.2897,16.8427,1
901,12.7027,19.559,1
1012,22.9722,10.1681,2
2599,22.7215,11.1134,2
2600,24.2441,11.5734,2
2601,23.0159,10.9478,2
2602,22.0867,12.5348,2
2603,23.9543,11.5849,2
2604,21.8222,10.9639,2
2605,24.0417,11.7804,2
2606,22.0499,11.9115,2
2607,22.5191,11.2744,2
2608,22.3903,11.2629,2
2609,22.7606,11.4193,2
2610,22.4938,11.4699,2
2611,22.4432,11.1341,2
2612,23.5541,13.1167,2
2613,22.9791,11.5803,2
2614,22.7652,12.7142,2
2615,20.3709,10.9524,2
2616,23.4253,10.8558,2
2617,22.4455,11.9138,2
2618,23.2436,13.487,2
2619,21.3783,11.8586,2
2620,22.7974,10.7477,2
2621,23.2137,12.5578,2
2622,23.7956,12.9327,2
2623,22.5674,13.0707,2
2624,23.0228,11.9667,2
2625,21.7394,10.7822,2
2626,22.0062,11.5826,2
2627,21.3415,13.1121,2
2628,22.0315,11.5297,2
2629,22.687,10.8949,2
2630,22.1718,12.0035,2
2631,24.0233,13.2179,2
2632,23.5518,12.2174,2
2633,22.9032,11.5274,2
2634,21.6221,12.1691,2
2635,22.6318,10.7615,2
2636,22.2155,12.1599,2
2637,22.273,11.9322,2
2638,23.9175,12.9258,2
2639,22.365,11.8701,2
2640,22.4915,11.7137,2
2641,23.8278,12.7579,2
2642,23.607,12.1553,2
2643,23.308,11.0191,2
2645,22.4064,12.5371,2
2646,22.4984,11.9575,2
2647,21.997,10.8144,2
2648,23.2459,11.8011,2
2649,22.2891,11.9874,2
2650,23.1539,11.417,2
2651,22.8641,13.142,2
2652,21.6336,12.2312,2
2653,23.2252,11.9989,2
2654,22.3719,11.7413,2
2655,23.8577,11.8126,2
2656,23.1792,11.1111,2
2657,21.7187,12.2818,2
2658,23.4483,12.1691,2
2659,23.0826,12.4566,2
2660,23.0044,11.4331,2
2661,21.905,12.4359,2
2662,22.7514,11.2008,2
2663,24.1981,10.8604,2
2664,23.1677,12.3209,2
2665,21.6865,12.2335,2
2666,22.3673,13.2616,2
2667,22.9216,11.6309,2
2668,21.6865,12.0403,2
2669,22.1672,10.8006,2
2670,21.9579,11.3549,2
2671,22.8963,11.7505,2
2672,22.917,11.1272,2
2673,23.2712,12.3209,2
2674,22.7146,12.0081,2
2675,22.0315,12.2726,2
2676,22.2868,10.52,2
2677,22.9308,13.2455,2
2678,21.7808,12.1047,2
2679,23.8094,12.4106,2
2680,22.4639,11.3641,2
2681,22.1557,11.4308,2
2682,22.6686,11.7321,2
2683,22.7123,12.0771,2
2684,23.722,11.7367,2
2685,22.7399,11.5044,2
2686,22.3581,11.6424,2
2687,22.0683,12.2864,2
2688,22.457,11.3158,2
2689,22.5099,12.1093,2
2690,21.8544,11.164,2
2691,22.6157,11.8517,2
2692,24.0946,11.9874,2
2693,22.1994,11.6861,2
2694,23.1723,11.2399,2
2695,22.963,11.9,2
2696,22.411,12.2703,2
2697,23.3218,12.659,2
2698,23.2321,12.0426,2
247,10.1635,9.1239,3
270,10.4004,9.9749,3
282,10.1681,9.0802,3
1799,11.7735,8.1878,3
1800,12.0909,7.6795,3
1801,11.509,8.7743,3
1802,11.1985,8.3442,3
1803,11.0536,8.289,3
1804,11.3319,8.0452,3
1805,10.6051,6.9044,3
1806,13.0017,6.6192,3
1807,11.5665,8.9905,3
1808,11.7022,8.289,3
1809,12.0794,8.5328,3
1810,11.8379,8.1648,3
1811,10.8443,7.7301,3
1812,11.5849,9.7656,3
1813,12.6751,7.4955,3
1814,11.9966,7.7669,3
1815,12.1576,8.8249,3
1816,12.0357,7.5116,3
1817,10.474,7.9302,3
1818,11.4745,7.415,3
1819,11.4009,8.4086,3
1820,12.3002,8.6248,3
1821,10.4579,9.0204,3
1822,10.9018,9.2573,3
1823,12.3025,7.9969,3
1824,11.2859,8.082,3
1825,12.5118,8.933,3
1826,11.946,6.8607,3
1827,10.4993,8.9307,3
1828,10.8949,9.9036,3
1829,11.1502,8.1924,3
1830,11.3825,8.4086,3
1831,12.337,8.2614,3
1832,10.5384,8.1648,3
1833,11.4699,6.8929,3
1834,12.061,8.3465,3
1835,11.4078,9.1285,3
1836,10.5752,8.5903,3
1837,12.958,7.4817,3
1838,10.8075,7.3046,3
1839,9.9634,7.8497,3
1840,10.9892,9.5747,3
1841,10.98,8.9146,3
1842,10.6741,8.4684,3
1843,11.4952,7.8451,3
1844,11.9345,8.4362,3
1845,12.8131,8.0498,3
1846,12.4382,8.5857,3
1847,12.4152,9.8875,3
1848,10.2693,8.289,3
1849,11.0812,8.4523,3
1850,10.2233,7.576,3
1851,11.3135,9.2159,3
1852,11.7275,7.484,3
1853,11.1571,9.8783,3
1854,11.9943,8.7858,3
1855,13.0109,7.9072,3
1856,10.1796,8.45,3
1857,11.8402,9.0135,3
1858,11.601,8.9813,3
1859,11.6378,8.9629,3
1860,10.7546,8.1694,3
1861,10.2141,7.4058,3
1862,9.6368,8.1947,3
1863,11.3733,8.2315,3
1864,9.7909,9.1561,3
1865,11.647,9.163,3
1866,11.1134,7.2264,3
1867,11.9713,8.1694,3
1868,9.8829,8.772,3
1869,12.2312,8.1809,3
1870,11.8333,7.1689,3
1871,12.1461,7.7554,3
1872,11.5458,7.3667,3
1874,11.0329,7.3391,3
1875,11.5481,8.8617,3
1876,11.9161,8.2246,3
1877,10.1796,7.9578,3
1878,11.8103,8.2269,3
1879,10.9938,8.7145,3
1880,11.7321,7.7577,3
1881,11.0766,9.025,3
1882,11.8816,9.2872,3
1883,10.4924,8.8686,3
1884,11.7919,8.0613,3
1885,12.1967,9.3677,3
1886,10.474,8.588,3
1887,11.3963,7.5185,3
1888,12.0403,7.8911,3
1889,11.3457,8.8111,3
1890,11.67,8.5765,3
1891,11.3641,7.0999,3
1892,10.9064,7.2655,3
1893,11.3802,8.4086,3
1894,10.9501,8.6156,3
1895,11.6631,8.2039,3
1896,11.9851,9.6345,3
1897,12.0587,7.7347,3
1898,10.451,6.84,3
399,4.057,21.4519,4
400,5.7912,19.7499,4
401,3.9719,19.8787,4
402,5.3174,18.8092,4
403,5.7406,22.066,4
404,4.9172,20.7688,4
405,4.3951,20.1363,4
406,6.1868,19.2324,4
407,4.8045,21.1989,4
408,6.173,19.3359,4
410,4.9218,20.019,4
411,6.0672,19.8695,4
412,6.3248,19.9684,4
413,4.7424,20.41,4
414,4.6665,20.4514,4
415,4.3491,20.2697,4
416,5.0897,19.8902,4
417,5.7498,20.6883,4
418,6.0304,20.1501,4
419,4.2962,20.9275,4
420,4.1973,20.4997,4
421,4.3192,20.1708,4
423,5.115,19.7499,4
424,5.0069,20.8263,4
425,5.0621,20.1478,4
426,4.7286,19.2761,4
427,5.3013,19.4233,4
428,5.5704,19.4716,4
429,5.7337,20.502,4
430,7.1321,19.7384,4
431,5.5244,20.4353,4
432,5.3473,20.3893,4
433,5.3588,19.7062,4
434,5.7061,19.214,4
435,6.1638,19.766,4
436,4.931,20.0305,4
437,5.184,20.5963,4
438,5.6256,21.2702,4
439,5.9775,21.4726,4
440,5.4393,19.6602,4
441,6.2673,18.7494,4
442,4.9839,19.5705,4
443,4.7723,19.8373,4
444,5.1334,20.7734,4
445,4.2594,21.0816,4
446,6.012,19.7706,4
447,4.5676,19.9776,4
448,4.2042,20.9942,4
449,5.9016,20.1225,4
450,6.1592,21.0908,4
451,5.4117,19.3405,4
452,4.9724,20.0167,4
453,4.5906,19.3014,4
454,5.4531,20.7067,4
455,7.0355,19.6073,4
457,5.3864,20.8355,4
458,4.4756,20.2766,4
459,4.9632,20.1248,4
460,5.2898,19.7545,4
461,3.9604,21.5669,4
462,3.9627,20.8884,4
463,6.1523,18.9058,4
464,5.3105,18.5033,4
465,3.8293,20.8424,4
467,3.896,20.065,4
468,4.3376,19.7821,4
469,5.69,18.3952,4
470,5.4623,19.306,4
472,4.6987,19.5751,4
473,6.6974,20.0121,4
474,6.1247,20.088,4
475,6.4214,20.571,4
476,5.322,19.5705,4
477,4.8758,20.4468,4
478,5.8694,20.3709,4
479,5.7406,21.3898,4
480,6.1753,20.4284,4
481,3.6499,20.364,4
482,5.6233,19.8304,4
483,5.3013,20.2444,4
484,6.2006,20.1892,4
485,5.6463,18.9334,4
486,5.5359,20.801,4
487,5.4209,21.2518,4
489,6.3455,20.0834,4
490,4.1904,21.2265,4
491,5.5681,21.0333,4
492,4.793,20.364,4
493,5.5566,20.3778,4
494,5.0552,18.2365,4
495,4.7677,20.5503,4
496,5.7613,19.5889,4
497,2.907,20.5641,4
498,6.5709,20.4031,4
2999,5.8441,17.3993,4
3000,4.6182,17.7535,4
3001,5.368,17.5005,4
3004,5.4899,17.2774,4
3006,5.0253,18.156,4
3008,5.897,17.3625,4
3009,5.1173,16.7461,4
3010,5.6118,17.3809,4
3012,4.3192,16.661,4
3013,5.9775,17.8248,4
3014,5.9223,16.9899,4
3015,5.7889,16.8933,4
3017,6.7181,17.5971,4
3019,5.7498,17.0014,4
3022,5.4117,17.0819,4
3023,4.3307,17.2567,4
3026,6.0741,17.696,4
3027,5.253,16.8128,4
3030,5.2484,17.6615,4
3032,6.1086,17.3855,4
3033,5.7935,17.8478,4
3037,6.1891,18.1169,4
3038,5.0644,17.5649,4
3039,4.8758,16.5598,4
3040,5.0828,17.7834,4
3041,5.7935,17.4499,4
3043,4.862,17.1118,4
3044,6.0465,17.5051,4
3053,5.6394,17.9766,4
3054,5.4761,16.9186,4
3056,4.7562,17.8777,4
3057,5.4531,17.4154,4
3059,5.9936,17.7029,4
3062,6.0442,17.0934,4
3063,6.3409,17.7857,4
3066,5.0552,18.5217,4
3067,5.4416,18.4987,4
3069,5.1311,16.6817,4
3070,7.4311,18.3331,4
3073,6.2121,17.9582,4
3075,5.3542,17.2015,4
3082,5.3266,16.6725,4
3083,6.4237,17.4706,4
3086,5.4669,17.7489,4
3087,4.816,17.0037,4
3088,5.8901,16.9393,4
3089,6.0419,17.3625,4
3091,6.0626,17.0865,4
3092,5.1219,18.4274,4
3094,5.138,16.615,4
3095,5.736,16.9991,4
3096,5.276,17.2475,4
3098,7.162,18.1836,4
799,18.2158,26.4751,5
800,17.9191,25.4401,5
801,19.0139,26.4222,5
802,17.627,26.6982,5
803,18.3354,26.1554,5
804,17.9076,24.964,5
805,17.4798,26.3969,5
806,17.7305,25.3803,5
807,18.7793,25.0997,5
808,18.0479,26.1669,5
809,17.6546,25.6287,5
810,18.0939,26.0542,5
811,19.0277,25.9691,5
812,16.0193,25.7368,5
813,16.6817,26.1117,5
814,18.1169,24.5063,5
816,17.6868,25.5206,5
817,16.2171,25.4562,5
818,18.0709,24.9502,5
819,18.5332,27.0064,5
820,18.1123,26.5257,5
821,18.2273,26.4452,5
822,18.8759,25.3987,5
823,18.5654,25.6862,5
824,17.5948,27.4825,5
825,18.0387,25.5459,5
826,17.3694,25.1043,5
827,18.1054,25.9783,5
828,18.0732,25.447,5
829,17.9697,26.8017,5
830,17.0773,26.3302,5
831,16.4287,25.2883,5
832,18.5194,24.7731,5
833,17.8018,26.7097,5
834,17.3303,26.1738,5
835,17.8685,26.7718,5
836,18.0042,25.8012,5
837,18.3952,24.6719,5
838,18.0364,25.7552,5
839,16.7116,26.2106,5
840,18.225,24.5891,5
841,17.4844,25.5735,5
842,18.0801,26.0887,5
843,18.0824,27.6665,5
844,18.5378,25.5252,5
845,18.3607,26.3762,5
846,17.6201,24.5845,5
847,18.0502,25.0261,5
848,17.8179,25.4447,5
849,17.5235,25.5919,5
850,18.8184,25.0537,5
851,18.2894,26.7166,5
852,17.3464,25.2607,5
853,18.3791,25.447,5
854,17.7512,26.7902,5
855,16.5023,25.2423,5
856,19.6924,24.5293,5
857,16.9853,25.3918,5
858,17.2567,25.24,5
859,18.0433,25.8334,5
860,18.0847,25.8288,5
861,17.3441,25.9898,5
862,18.2411,25.0583,5
863,18.6574,26.4521,5
864,18.4366,26.9558,5
865,18.6275,25.3826,5
866,18.3837,24.6167,5
867,17.7742,26.4429,5
868,18.0318,25.1572,5
869,18.1675,25.7506,5
870,18.2365,26.413,5
871,17.6822,24.6949,5
872,16.5897,26.1462,5
873,17.0336,25.3665,5
874,17.2061,24.5753,5
875,18.6091,25.4884,5
876,18.041,25.7575,5
877,17.8708,25.2676,5
878,18.3515,26.6476,5
879,18.8621,25.2055,5
880,16.661,25.447,5
881,18.8184,26.8086,5
882,19.0139,25.4539,5
883,17.8432,25.9622,5
884,18.4067,26.4038,5
885,17.0842,25.424,5
886,18.3055,25.0169,5
887,17.4062,25.9024,5
888,17.144,26.1393,5
889,18.6896,25.5206,5
890,17.512,26.0036,5
891,18.2963,25.3826,5
892,18.0134,26.6706,5
893,17.7558,26.0266,5
894,17.8294,25.746,5
895,17.4752,24.6972,5
896,18.1445,26.0887,5
897,19.1335,26.298,5
898,18.1491,25.7253,5
2147,16.914,26.6821,5
99,18.4941,12.5877,6
100,18.1606,12.5486,6
102,17.7558,12.1231,6
105,17.259,11.7482,6
106,17.4959,11.5596,6
107,18.7908,10.497,6
108,18.3607,11.8287,6
109,17.2038,11.7689,6
111,17.2866,12.2933,6
112,17.3694,11.5596,6
113,17.9858,11.5067,6
114,18.0272,12.6176,6
115,17.1026,13.1719,6
116,17.5212,11.8747,6
118,16.7898,12.2128,6
120,18.6137,11.3802,6
123,17.8041,11.7022,6
125,16.638,12.9649,6
127,18.5125,11.8425,6
128,17.9306,12.1898,6
129,17.6132,13.4686,6
131,18.4642,11.7137,6
132,17.3625,12.0035,6
134,17.6868,11.4354,6
137,17.5419,11.8885,6
138,17.8961,11.8057,6
139,18.2365,11.7666,6
140,18.1008,11.3641,6
141,18.3653,12.0633,6
142,19.3635,11.6286,6
143,17.9237,11.5573,6
144,16.9853,12.3186,6
146,18.0272,11.9621,6
147,17.6293,11.3503,6
149,18.2388,11.4676,6
150,17.811,11.4768,6
152,16.845,12.9235,6
155,17.4384,12.2128,6
156,17.9421,11.8057,6
160,16.8197,12.1162,6
162,17.8363,11.8563,6
163,17.696,11.9414,6
165,18.5378,11.6516,6
166,17.1877,11.9828,6
167,18.4527,11.2468,6
169,18.1422,11.9966,6
174,17.5396,11.4791,6
175,17.7328,11.21,6
177,18.4803,12.0955,6
178,17.2889,11.7873,6
180,17.6523,11.509,6
181,17.4982,11.9552,6
182,17.5948,11.3848,6
183,17.7328,11.6562,6
184,19.3934,12.5601,6
185,17.9651,12.5256,6
187,17.6086,11.7206,6
188,18.9817,11.6999,6
189,17.1992,12.5969,6
192,18.9403,11.6999,6
195,18.4343,12.4474,6
196,18.3124,11.6631,6
198,18.2457,13.0201,6
1308,17.6224,12.9212,6
1337,16.4425,12.935,6
1899,4.3629,28.2208,7
1900,4.3284,26.9972,7
1901,5.5566,27.0041,7
1902,6.3202,27.3445,7
1903,4.4457,27.3008,7
1904,4.5998,26.3762,7
1905,5.2737,27.8206,7
1906,4.8344,27.0524,7
1907,4.908,29.2995,7
1908,7.2264,28.4278,7
1909,4.7447,26.8132,7
1910,5.6762,27.3238,7
1911,5.8924,28.2116,7
1912,5.4048,27.8114,7
1913,4.9034,26.8017,7
1914,4.7677,28.5727,7
1915,6.2673,26.8638,7
1916,6.3616,27.5584,7
1917,6.8492,28.3956,7
1918,6.1983,27.103,7
1919,7.1482,27.9724,7
1920,4.9402,27.2088,7
1921,5.2254,28.5014,7
1922,5.2116,27.6941,7
1923,6.6813,27.5607,7
1924,5.7659,28.1978,7
1925,5.6693,27.0225,7
1926,6.3869,27.2364,7
1927,5.2576,27.5492,7
1928,5.092,27.5538,7
1929,5.3013,27.6251,7
1930,4.149,27.2985,7
1931,5.5267,27.0777,7
1932,5.4324,27.5009,7
1933,5.3519,27.8413,7
1934,5.897,28.5336,7
1935,4.9379,27.7424,7
1936,5.3565,27.1145,7
1937,3.9328,26.7189,7
1938,5.5152,27.747,7
1939,3.7488,26.0611,7
1940,5.989,26.2382,7
1941,6.1845,27.9356,7
1942,4.1329,28.3266,7
1943,5.138,27.678,7
1944,5.8418,27.4595,7
1945,4.6274,28.9177,7
1946,5.644,28.0621,7
1947,4.6251,27.8045,7
1948,5.0345,27.6366,7
1949,5.8993,27.2824,7
1950,6.0626,27.0731,7
1951,4.8321,28.1035,7
1952,5.6808,27.9379,7
1953,5.0966,27.3445,7
1954,6.5939,28.1771,7
1955,4.6458,27.6711,7
1956,4.7999,28.368,7
1957,5.4462,29.2742,7
1958,4.3376,27.3077,7
1959,5.5612,27.6665,7
1960,6.6008,27.8275,7
1961,5.0644,27.5676,7
1962,4.4135,27.2778,7
1963,4.0271,27.2755,7
1964,4.7263,26.3716,7
1965,4.7309,26.7304,7
1966,5.897,29.2558,7
1967,5.0092,27.1651,7
1968,6.2696,27.3215,7
1969,6.4398,27.1329,7
1970,6.1086,27.885,7
1971,5.9269,27.8781,7
1972,6.2719,27.4687,7
1973,5.9729,27.9908,7
1974,5.2599,27.9471,7
1975,4.5676,27.9172,7
1976,6.3156,26.7856,7
1977,4.7447,27.1214,7
1978,4.5561,28.4784,7
1979,5.2001,28.046,7
1980,6.3317,27.4365,7
1981,5.9269,26.9374,7
1982,6.3179,27.7286,7
1983,3.5556,26.9305,7
1984,6.2604,26.6361,7
1985,5.0506,27.5699,7
1986,6.9688,27.563,7
1987,5.6486,27.2042,7
1988,5.5083,27.6642,7
1989,5.5911,28.6877,7
1990,5.5382,27.3008,7
1991,5.1081,27.5147,7
1992,4.3905,27.8252,7
1993,4.8505,27.9793,7
1994,5.4232,27.2709,7
1995,5.7383,27.8551,7
1996,5.9016,27.8045,7
1997,6.5525,26.9374,7
1998,4.3652,25.9622,7
352,26.4843,23.7105,8
369,25.1135,22.2385,8
2299,26.6821,22.9722,8
2300,26.0749,22.4961,8
2301,26.6775,21.4588,8
2302,26.7143,21.8613,8
2303,27.2157,23.9359,8
2304,27.126,21.974,8
2305,27.3537,21.5945,8
2306,27.2824,21.4749,8
2307,26.9581,22.4662,8
2308,27.0432,21.9487,8
2309,26.942,22.342,8
2310,26.3394,23.2551,8
2311,25.3734,21.7762,8
2312,26.2865,21.5646,8
2313,26.8891,21.9648,8
2314,27.103,21.3277,8
2315,27.6159,22.319,8
2316,26.2612,22.4294,8
2317,27.126,20.7527,8
2318,26.5671,21.33,8
2319,26.7488,22.7054,8
2320,26.5165,22.5467,8
2321,26.6292,22.1626,8
2322,27.6941,23.5265,8
2323,26.6108,22.1097,8
2324,27.1421,21.7877,8
2325,26.7051,20.7803,8
2326,27.5883,22.0154,8
2327,25.5252,21.5439,8
2328,26.0588,21.1207,8
2329,26.6752,22.0959,8
2330,26.8339,21.2219,8
2331,27.0202,20.6561,8
2332,26.9351,21.9096,8
2333,26.1876,22.9998,8
2334,27.3238,20.5319,8
2335,26.1002,19.7499,8
2336,25.7713,23.0297,8
2337,26.3578,21.6359,8
2338,26.2566,21.8889,8
2339,27.8689,21.7693,8
2340,27.7263,22.5467,8
2341,26.229,22.0982,8
2342,26.5349,21.9763,8
2343,26.459,22.4087,8
2344,26.4084,21.5577,8
2345,27.1375,22.4524,8
2347,27.3514,20.5894,8
2348,27.793,22.5352,8
2349,26.5119,22.5099,8
2350,27.2387,22.3006,8
2351,25.8196,21.0839,8
2352,26.7212,21.008,8
2353,26.6959,21.6589,8
2354,25.9139,23.2183,8
2355,27.1697,22.112,8
2356,27.2525,21.8613,8
2357,26.2221,21.675,8
2358,26.7925,21.3829,8
2359,26.0542,23.1378,8
2360,27.2548,20.8562,8
2361,26.6545,22.6042,8
2362,26.8224,22.4156,8
2363,27.1076,22.365,8
2364,27.1881,21.6888,8
2365,27.5768,21.5899,8
2366,26.321,22.0292,8
2367,25.4033,22.7284,8
2368,27.0593,21.629,8
2369,27.4135,22.3443,8
2370,26.2175,21.5738,8
2371,27.0225,22.4984,8
2372,27.2571,22.6479,8
2373,25.8679,22.0039,8
2374,27.8367,22.6226,8
2375,26.7051,23.3057,8
2376,28.092,22.8411,8
2377,26.9305,22.4064,8
2378,26.5648,21.1506,8
2379,28.1426,21.4956,8
2380,27.3192,22.4041,8
2381,26.6246,21.2403,8
2382,26.114,21.3047,8
2383,25.4723,22.5513,8
2384,27.4181,21.5715,8
2385,27.2617,20.0374,8
2386,26.6614,21.4542,8
2387,28.5014,21.9326,8
2388,27.0455,22.5789,8
2389,28.1035,21.3898,8
2390,27.103,21.8475,8
2391,26.5487,21.4795,8
2392,26.9006,21.261,8
2393,26.3693,22.6318,8
2394,26.5372,23.3103,8
2395,27.3606,24.0371,8
2396,26.2612,22.6134,8
2397,25.2883,22.1902,8
2398,25.7184,22.4915,8
409,6.7848,21.0448,9
422,6.1661,21.6704,9
456,6.5134,21.4151,9
466,7.2701,20.0558,9
471,7.231,19.8856,9
488,6.9987,21.7693,9
975,10.0784,21.9855,9
1999,8.772,20.778,9
2001,9.6713,20.6906,9
2002,8.6225,22.2132,9
2003,8.8134,21.1,9
2004,8.3005,21.2426,9
2005,8.8617,21.4059,9
2006,8.6754,19.7982,9
2007,7.1666,20.1018,9
2008,9.3838,21.2357,9
2009,9.0641,21.8015,9
2010,8.5489,21.6405,9
2011,8.8663,20.6929,9
2012,7.4035,20.1777,9
2013,8.6294,23.0297,9
2014,9.2113,21.9556,9
2015,9.2573,22.0246,9
2016,7.5116,22.5421,9
2017,8.9307,22.3121,9
2018,8.9215,21.2863,9
2019,8.9859,19.1082,9
2020,9.3815,21.6796,9
2021,8.151,21.7072,9
2022,8.6317,21.1184,9
2023,8.8318,20.3847,9
2024,8.2315,20.6768,9
2025,7.9509,20.6975,9
2026,8.312,21.3484,9
2027,8.4569,21.3185,9
2028,9.1147,21.5784,9
2029,7.806,22.0729,9
2030,9.6368,21.6888,9
2031,7.6726,22.1212,9
2032,8.9238,20.2444,9
2033,8.7559,21.7716,9
2034,8.9583,20.3226,9
2035,7.829,21.0218,9
2036,9.4459,21.9257,9
2037,9.0733,21.3852,9
2038,7.8152,21.4979,9
2039,8.6409,22.4202,9
2040,8.8364,20.7849,9
2041,7.8474,21.1046,9
2042,7.5668,20.5986,9
2043,9.5563,21.7555,9
2044,9.0526,22.1511,9
2045,9.3125,20.8309,9
2046,8.1119,21.7785,9
2047,9.9197,20.4928,9
2048,9.4597,21.0471,9
2049,9.4781,20.6239,9
2050,10.0048,21.4542,9
2051,8.9169,19.8419,9
2052,8.8042,22.2707,9
2053,9.9749,20.5388,9
2054,7.5576,20.1616,9
2055,7.6611,20.5043,9
2056,9.0825,22.5605,9
2057,8.5834,21.8636,9
2058,9.4505,22.1787,9
2059,8.2315,20.9505,9
2060,7.9923,19.4601,9
2061,8.3925,21.2242,9
2062,8.1073,22.1235,9
2063,7.668,20.3916,9
2064,9.669,20.2674,9
2065,8.6041,21.3622,9
2066,8.611,21.5255,9
2067,7.6427,22.1948,9
2068,8.6938,21.0011,9
2069,6.5617,21.4841,9
2070,9.5333,21.3852,9
2071,8.864,21.5117,9
2072,8.4132,21.1115,9
2073,7.8681,19.4348,9
2074,8.0475,20.0328,9
2075,9.6828,21.5922,9
2076,8.6915,20.3778,9
2077,8.5098,22.0315,9
2078,9.0802,21.5347,9
2079,9.1584,20.9436,9
2080,9.8783,19.5567,9
2082,9.3608,20.9551,9
2083,8.4086,20.6354,9
2084,8.8318,21.6129,9
2085,9.1538,21.7509,9
2086,7.8014,22.0361,9
2087,8.45,20.9804,9
2088,7.8359,22.7031,9
2089,7.6726,21.2334,9
2090,8.1602,20.7389,9
2091,8.4201,19.6993,9
2092,9.9197,21.2012,9
2093,10.2716,20.3709,9
2094,8.5351,22.0315,9
2095,9.4965,21.7003,9
2096,9.2343,21.4611,9
2097,8.6593,21.0011,9
2098,8.0268,20.3249,9
2715,9.0825,22.135,9
2756,8.519,22.8986,9
2791,10.1796,22.3167,9
976,11.3572,23.5587,10
2000,9.6943,23.1999,10
2081,9.4413,23.055,10
2699,10.4027,23.6553,10
2700,10.0117,24.0394,10
2701,10.5499,23.9474,10
2702,10.7523,25.4355,10
2703,8.7766,25.2837,10
2704,9.4689,23.4667,10
2705,10.7822,23.3402,10
2706,10.9662,23.8646,10
2707,10.0669,26.0749,10
2708,9.6069,25.0698,10
2709,9.5149,25.0882,10
2710,11.1755,25.9967,10
2711,11.0122,25.3412,10
2712,10.0255,23.9773,10
2713,9.6184,25.3987,10
2714,10.4326,24.5178,10
2716,8.6547,24.757,10
2717,10.7776,24.4902,10
2718,9.4114,24.4695,10
2719,10.1796,24.6857,10
2720,10.6787,23.9934,10
2721,11.4814,24.4327,10
2722,9.3999,23.6622,10
2723,10.2762,24.6512,10
2724,10.9202,24.7708,10
2725,9.2458,24.849,10
2726,10.4142,24.5201,10
2727,9.9289,24.7915,10
2728,10.0439,24.3936,10
2729,10.5476,23.6208,10
2730,10.4119,25.9737,10
2731,11.0766,23.8715,10
2732,9.7886,24.5592,10
2733,9.9611,24.4396,10
2734,10.2762,24.4235,10
2735,10.9639,24.964,10
2736,10.5982,24.7616,10
2737,10.1405,23.2942,10
2738,11.3664,23.8531,10
2739,10.3452,24.2947,10
2740,10.3567,24.3867,10
2741,9.9082,24.849,10
2742,9.393,23.239,10
2743,11.7551,23.9796,10
2744,10.1313,25.0284,10
2745,9.8162,23.8945,10
2746,9.4712,24.7915,10
2747,10.175,25.1779,10
2748,10.3452,24.6535,10
2749,9.5839,25.4516,10
2750,9.5103,25.9369,10
2751,10.7155,23.0527,10
2752,9.7679,25.0077,10
2753,11.0099,24.4534,10
2754,10.8903,24.734,10
2755,9.2596,24.2211,10
2757,10.612,25.2032,10
2758,10.5522,22.9055,10
2759,11.4009,23.9819,10
2760,10.0002,24.0486,10
2761,11.555,25.0399,10
2762,10.819,24.8168,10
2763,9.6276,24.3108,10
2764,11.0674,24.2165,10
2765,10.9041,24.0095,10
2766,9.1814,25.3895,10
2767,9.8599,24.1199,10
2768,9.922,23.7059,10
2769,10.1244,25.0031,10
2770,9.7472,24.2947,10
2771,11.003,24.2372,10
2772,10.2026,24.1153,10
2773,11.3526,23.5058,10
2774,10.681,23.3356,10
2775,10.5315,24.9571,10
2776,11.0122,25.0905,10
2777,10.3958,23.4368,10
2778,9.8024,23.9704,10
2779,9.8484,23.8393,10
2780,10.5706,23.8761,10
2781,10.1773,24.7271,10
2782,10.819,23.8324,10
2783,11.8563,25.9346,10
2784,10.083,24.1015,10
2785,9.508,23.8439,10
2786,9.5333,24.8697,10
2787,10.4303,23.4759,10
2788,9.1814,24.9732,10
2789,10.5844,23.7749,10
2790,9.485,22.9354,10
2792,10.589,23.8531,10
2793,8.8203,25.0905,10
2794,10.6258,24.2096,10
2795,10.4395,24.0164,10
2796,10.4441,24.0785,10
2797,9.4528,24.5615,10
2798,10.3567,24.3154,10
101,17.9628,10.4625,11
103,17.4867,10.6626,11
104,16.7139,11.5849,11
110,16.96,10.6373,11
117,17.512,10.9915,11
119,17.1233,11.6102,11
121,16.7714,11.3871,11
122,16.0676,10.8121,11
124,17.8984,9.945,11
126,16.4632,10.658,11
130,16.7392,11.0306,11
133,17.5557,11.2123,11
135,18.5171,9.876,11
136,16.1251,10.6649,11
145,16.8749,11.5182,11
148,16.5575,11.3388,11
153,17.4637,10.8213,11
154,17.6339,10.8144,11
157,16.615,12.0702,11
158,15.6398,11.2284,11
159,16.7415,11.8793,11
161,15.9181,11.4124,11
164,16.845,10.6672,11
168,16.8956,11.1065,11
170,16.8059,11.1318,11
171,17.4913,10.428,11
172,16.3045,10.8765,11
173,17.4453,9.8668,11
176,17.466,10.4234,11
179,18.3883,10.0025,11
186,17.0428,11.3595,11
190,16.9163,11.4929,11
191,17.3096,11.1893,11
194,16.3206,12.0679,11
197,16.7277,11.6654,11
1201,16.4425,10.9915,11
1208,16.6932,10.5361,11
1224,15.6122,11.8816,11
1246,17.1348,10.2601,11
1287,17.1187,10.4602,11
299,24.0394,24.6765,12
300,24.6972,24.4442,12
301,23.8945,24.9916,12
302,23.837,24.8536,12
303,26.4199,24.7225,12
304,26.1853,23.7795,12
305,24.9111,24.8168,12
306,23.7197,23.4483,12
307,23.3218,22.9584,12
308,26.4015,24.6006,12
309,25.4332,25.4953,12
311,24.0486,25.4286,12
312,23.8692,23.8531,12
313,24.3499,25.1388,12
314,24.1498,24.6788,12
315,24.596,24.458,12
316,24.6075,24.6029,12
317,24.9134,24.6052,12
318,24.8513,24.4856,12
319,24.6535,23.0642,12
320,24.0555,24.3729,12
321,23.4437,24.0555,12
322,25.102,25.3205,12
323,24.8536,24.9525,12
325,24.8513,23.4322,12
326,25.2009,24.711,12
327,24.1222,24.6926,12
328,24.6903,24.0325,12
329,23.9842,23.3839,12
330,25.5827,23.7864,12
331,24.6397,24.251,12
332,23.8393,24.3154,12
333,25.6678,23.6599,12
334,24.9433,24.0003,12
335,24.7064,24.3476,12
336,24.2441,23.6231,12
337,24.6282,23.423,12
338,23.3218,24.8766,12
339,24.6972,24.5523,12
341,26.0404,23.8761,12
342,25.9415,23.883,12
343,23.9359,23.8347,12
344,25.8058,24.6328,12
345,24.9318,23.8623,12
346,25.3021,24.5201,12
347,24.5891,24.297,12
348,23.2873,23.1148,12
349,24.0049,23.9129,12
350,24.9088,24.9295,12
353,25.4447,24.0049,12
354,24.8007,24.5017,12
355,25.9668,25.079,12
356,24.3407,23.5886,12
357,24.3154,24.2188,12
358,25.9944,23.9796,12
359,24.435,24.297,12
360,24.6512,24.9433,12
361,24.4856,23.6553,12
362,25.2308,25.3205,12
363,25.7184,23.9359,12
364,24.5316,23.8071,12
365,24.8996,24.5868,12
366,25.4792,24.1912,12
367,24.665,23.239,12
368,26.1508,24.5753,12
370,24.6098,24.7087,12
371,24.3752,24.4787,12
372,26.0772,24.9088,12
373,24.0946,24.4672,12
374,23.4299,25.0652,12
376,26.712,24.5224,12
377,25.6517,23.9451,12
378,24.8191,24.9778,12
379,24.2855,24.2694,12
380,25.5045,24.5247,12
381,24.8605,23.4437,12
382,25.4401,24.4189,12
383,25.2722,24.7708,12
384,24.7248,24.1107,12
385,24.5914,25.5781,12
386,25.1434,23.7036,12
387,25.0675,24.4925,12
388,24.297,23.975,12
389,23.262,24.7524,12
390,25.6862,23.1999,12
391,25.4953,24.9893,12
392,24.7593,24.366,12
393,24.9709,23.9796,12
394,24.4925,23.7795,12
395,24.3545,24.4028,12
396,24.665,23.6208,12
397,24.7984,24.4787,12
398,25.6632,23.9773,12
2279,25.4976,25.1802,12
2288,24.8191,25.0031,12
2346,25.0422,23.0872,12
32,25.217,7.7531,13
45,24.4649,7.2471,13
509,25.953,8.2131,13
523,25.2377,9.7081,13
999,23.1976,9.5678,13
1001,23.9842,8.6984,13
1003,24.0279,9.853,13
1005,24.4626,9.0089,13
1006,23.7933,8.2821,13
1008,23.2758,8.703,13
1011,23.6898,7.2655,13
1013,24.1268,7.8175,13
1014,23.8209,8.1464,13
1016,23.5702,8.0889,13
1019,23.9244,9.163,13
1023,23.1953,8.6018,13
1024,23.9129,8.5489,13
1026,23.5127,8.1073,13
1027,23.7496,8.8893,13
1029,23.3908,9.2251,13
1035,24.2119,8.6156,13
1036,24.1498,8.7904,13
1037,23.7818,8.5259,13
1038,24.8122,9.2941,13
1040,24.435,8.5811,13
1041,24.8076,8.2223,13
1043,23.745,9.0848,13
1044,23.2091,8.8939,13
1045,24.2234,7.5461,13
1049,23.8439,7.8911,13
1050,23.4529,9.1998,13
1051,23.5656,8.7375,13
1054,23.9037,7.9808,13
1055,23.5426,8.8778,13
1056,24.3798,8.1648,13
1057,24.6696,8.2039,13
1059,24.389,8.8042,13
1060,23.3218,8.9468,13
1061,23.3632,10.0255,13
1062,24.1935,8.6018,13
1063,23.5472,8.9767,13
1070,23.2482,9.738,13
1071,23.722,7.9049,13
1075,24.0831,8.4914,13
1081,24.8421,9.3861,13
1082,24.1406,8.5305,13
1084,24.7478,7.783,13
1087,24.1866,9.1814,13
1088,23.7772,9.6345,13
1089,23.3586,9.9243,13
1092,23.5725,9.2803,13
1095,23.2781,9.0227,13
1096,24.0509,9.324,13
1097,23.2597,8.3741,13
1098,23.4851,8.3074,13
2477,23.6668,7.5024,13
2644,23.9451,10.2923,13
576,26.4084,12.6866,14
1099,27.6389,14.4967,14
1100,25.9116,14.1609,14
1101,26.5073,14.9268,14
1102,24.826,15.2971,14
1103,25.562,15.1476,14
1104,26.4084,14.6163,14
1105,24.6052,14.9958,14
1106,25.2906,14.9567,14
1107,26.7074,13.8573,14
1108,25.6931,15.4443,14
1109,24.8329,16.0377,14
1110,25.7943,13.947,14
1111,25.1871,14.5128,14
1112,26.2014,13.4732,14
1113,24.4649,14.5496,14
1114,26.4061,14.5312,14
1116,25.4194,14.4622,14
1117,25.4746,13.809,14
1118,26.965,15.0717,14
1119,25.8886,15.2695,14
1120,25.7322,15.6881,14
1121,26.0887,15.8997,14
1122,24.8697,14.6393,14
1123,26.8638,13.9171,14
1124,24.9824,14.9774,14
1125,24.8858,14.3196,14
1126,25.7092,15.0119,14
1127,26.3693,14.5795,14
1128,26.5533,15.0418,14
1129,26.0381,14.3242,14
1130,27.7194,13.7998,14
1131,26.1807,14.8026,14
1132,26.9029,14.6439,14
1134,26.5648,15.603,14
1135,26.1853,16.1872,14
1136,26.4245,14.9176,14
1137,27.3376,14.6301,14
1138,26.1255,13.8918,14
1139,26.0749,14.5151,14
1140,27.6228,15.2741,14
1141,27.0018,14.8417,14
1142,26.1807,15.2396,14
1143,25.6103,13.9378,14
1144,26.7074,15.1568,14
1145,27.0317,14.4323,14
1146,25.8886,14.1954,14
1147,27.5561,13.2133,14
1148,27.1007,14.5243,14
1149,26.9259,15.5639,14
1150,25.2998,13.5905,14
1151,26.0473,13.2018,14
1152,25.9323,14.8486,14
1153,24.2947,13.4318,14
1154,25.7989,14.6715,14
1155,24.8214,13.2777,14
1156,26.39,13.8021,14
1157,26.1462,15.0786,14
1158,27.149,14.3058,14
1159,26.9213,14.5473,14
1160,25.1204,14.2299,14
1161,26.3095,14.5404,14
1162,26.068,14.4392,14
1163,25.3918,13.9976,14
1164,26.5441,14.4852,14
1165,25.8311,15.5202,14
1166,26.9604,14.8486,14
1167,25.3872,15.6628,14
1168,26.3095,15.8422,14
1170,25.2814,14.2299,14
1171,25.4102,14.637,14
1172,26.0634,14.7336,14
1174,26.6614,15.7088,14
1175,26.6384,13.4042,14
1176,26.4383,15.0418,14
1177,26.7534,14.9383,14
1178,25.7805,15.212,14
1179,26.1853,14.4668,14
1180,26.3118,14.5427,14
1181,26.1071,13.4548,14
1182,24.9571,15.0303,14
1183,25.5597,13.9125,14
1184,26.7925,14.2345,14
1185,26.6453,15.3546,14
1187,26.6522,14.2115,14
1188,25.8794,15.0211,14
1189,25.7897,15.1453,14
1190,26.7534,15.6398,14
1191,26.2957,15.5087,14
1192,26.9535,15.5133,14
1193,24.9249,13.7607,14
1194,25.8242,14.6485,14
1195,26.4084,15.2212,14
1196,25.608,15.7548,14
1197,25.3596,14.2069,14
1198,25.3412,13.9631,14
1753,27.0386,15.8077,14
1770,26.1646,15.9687,14
1771,27.4687,15.6329,14
2502,25.5804,15.4167,14
1115,26.6292,16.3804,15
1133,26.3946,16.7967,15
1169,27.1812,16.3298,15
1173,25.1089,16.9025,15
1699,26.9995,17.3234,15
1700,27.1398,16.4471,15
1701,27.8781,16.7806,15
1702,28.3933,16.822,15
1703,28.621,16.4632,15
1704,28.1495,18.156,15
1705,26.8132,17.7052,15
1706,26.6246,18.0847,15
1707,27.7976,18.2917,15
1708,26.7005,16.9232,15
1709,26.8891,17.0428,15
1710,28.2415,18.3032,15
1711,25.9944,16.6863,15
1712,27.9862,17.3602,15
1713,28.1449,16.5598,15
1714,26.5441,17.3441,15
1715,28.2622,18.8943,15
1716,27.3146,18.0824,15
1717,27.7378,16.9278,15
1718,27.0662,16.6311,15
1719,26.8776,18.6896,15
1720,27.9632,16.0469,15
1721,27.0961,17.3671,15
1722,27.6504,17.1762,15
1723,26.8201,18.823,15
1724,27.1214,18.2595,15
1725,25.8518,18.6183,15
1726,27.7332,16.9968,15
1727,27.0846,17.075,15
1728,27.7884,18.3492,15
1729,28.2898,17.9536,15
1730,27.0478,17.8271,15
1731,28.2139,18.133,15
1732,27.5032,18.3975,15
1733,26.252,18.4389,15
1734,27.1352,18.3906,15
1735,26.9972,17.1831,15
1736,26.9926,17.1923,15
1737,28.3542,16.6564,15
1738,27.6688,16.0009,15
1739,27.885,16.4747,15
1740,27.7056,18.7379,15
1741,25.9139,17.949,15
1742,26.6062,18.2963,15
1743,28.0069,17.9053,15
1744,27.8942,16.9209,15
1745,26.7488,16.0814,15
1746,26.3118,16.2907,15
1747,27.1628,16.73,15
1748,28.4117,18.1192,15
1749,27.0064,18.179,15
1750,26.551,17.6247,15
1751,27.2732,19.5176,15
1752,26.7166,17.5143,15
1754,28.6693,17.4775,15
1755,28.6003,17.8593,15
1756,26.6154,17.7834,15
1757,27.379,17.9076,15
1758,27.4549,17.4959,15
1759,28.1196,18.2365,15
1760,28.1173,17.7259,15
1761,29.2926,17.4614,15
1762,28.6486,16.5667,15
1763,27.2824,17.1394,15
1764,27.5124,17.0313,15
1765,27.1513,17.236,15
1766,26.919,16.27,15
1767,27.7447,16.8749,15
1768,26.6729,17.3441,15
1769,25.8058,17.2751,15
1772,26.9282,18.1146,15
1773,26.1554,17.5764,15
1774,27.0524,17.6385,15
1775,26.6085,18.4205,15
1776,27.6021,18.9288,15
1777,25.677,17.9214,15
1778,26.0565,17.1831,15
1779,27.2111,18.6896,15
1780,27.2686,17.834,15
1781,27.5423,16.4609,15
1782,27.4043,17.0865,15
1783,28.046,18.0456,15
1784,27.6596,16.8726,15
1785,27.5216,16.5345,15
1786,27.2571,16.9623,15
1787,27.0248,17.4913,15
1788,27.4963,17.4062,15
1789,27.563,16.9324,15
1790,28.0161,16.8726,15
1791,26.8201,19.0576,15
1792,26.3371,18.1192,15
1793,25.9208,17.8547,15
1794,27.1352,18.9265,15
1795,25.8311,18.0295,15
1796,27.1881,17.6339,15
1797,27.6435,17.9789,15
1798,25.7897,17.7328,15
1540,9.8829,14.5289,16
1570,10.5108,14.9912,16
1577,9.7564,14.9153,16
1583,10.1221,15.1177,16
1586,9.8185,14.6715,16
1599,10.9892,13.0615,16
1600,12.0771,13.7607,16
1601,12.1921,14.6209,16
1602,12.0081,16.1136,16
1603,11.21,14.2874,16
1604,13.1903,13.4502,16
1605,10.4579,13.5376,16
1606,11.4055,15.5892,16
1607,12.3117,13.7078,16
1608,12.2542,15.0901,16
1609,11.785,14.7888,16
1610,11.3181,14.6347,16
1611,12.5486,13.9585,16
1612,11.3043,14.4553,16
1613,11.6562,14.9843,16
1614,11.3664,13.7814,16
1615,11.6447,15.5271,16
1616,10.9478,15.9388,16
1617,12.9649,15.1913,16
1618,11.0904,14.6163,16
1619,11.762,13.4732,16
1620,11.9575,14.5289,16
1621,10.9225,15.0993,16
1622,12.8177,14.7014,16
1623,11.2284,14.6531,16
1624,10.589,14.1379,16
1625,10.842,14.0896,16
1626,11.7459,15.166,16
1627,11.4446,13.0132,16
1628,10.4924,14.5266,16
1629,11.7459,14.154,16
1630,11.1778,14.3702,16
1631,12.3807,13.5951,16
1632,13.0132,14.1954,16
1633,10.8374,14.2989,16
1634,12.4175,13.3053,16
1635,13.1765,14.6922,16
1636,10.9455,14.8854,16
1637,11.9989,13.6756,16
1638,12.1553,14.4047,16
1639,13.1397,14.5427,16
1640,11.3641,15.1913,16
1641,11.5182,15.2626,16
1642,11.5274,15.1131,16
1643,11.6884,15.0119,16
1644,12.6107,14.959,16
1645,11.1686,15.5133,16
1646,12.774,14.4231,16
1647,11.6056,14.66,16
1648,11.8287,15.5363,16
1649,11.5688,15.649,16
1650,12.0909,15.1476,16
1651,10.6741,14.2184,16
1652,11.9966,13.7446,16
1653,11.3526,14.6301,16
1654,11.1111,14.1724,16
1655,12.912,13.878,16
1656,10.4395,14.5565,16
1657,12.5693,14.338,16
1658,11.2767,13.2064,16
1659,12.9074,15.7755,16
1660,10.7776,13.8711,16
1661,11.1778,14.1839,16
1662,11.8264,14.3656,16
1663,12.498,14.5036,16
1664,11.4009,13.6963,16
1665,11.4515,14.3495,16
1666,11.1157,13.2869,16
1667,10.6695,14.2506,16
1668,11.5527,13.8734,16
1669,12.4819,13.6871,16
1670,11.6171,15.718,16
1671,11.7436,13.8964,16
1672,11.4745,13.1673,16
1673,11.5297,14.0528,16
1674,12.0725,13.3904,16
1675,10.7086,15.4696,16
1676,11.6907,14.4438,16
1677,12.9718,15.3362,16
1678,12.0955,12.8568,16
1679,10.129,14.4852,16
1680,10.7408,14.5588,16
1681,12.1714,15.4052,16
1682,11.762,13.9447,16
1683,11.0973,13.1328,16
1684,12.222,14.6623,16
1685,11.7344,14.1402,16
1686,12.4037,14.4093,16
1687,12.1415,15.4742,16
1688,11.3595,14.3817,16
1689,12.6751,14.798,16
1690,11.9644,14.2322,16
1691,13.4203,13.5146,16
1692,11.9414,14.6255,16
1693,11.4055,14.6439,16
1694,10.2233,13.4893,16
1695,11.8356,15.4719,16
1696,11.2836,13.8159,16
1697,10.5476,14.0666,16
1698,11.946,15.0188,16
1399,20.5227,19.4578,17
1400,19.7683,19.9868,17
1401,21.4864,19.7039,17
1402,19.6832,18.3515,17
1403,21.6014,20.4905,17
1404,20.203,19.9592,17
1405,20.6975,19.8258,17
1406,19.6763,19.8626,17
1407,21.1506,20.1294,17
1408,19.6694,19.9776,17
1409,21.3921,19.0691,17
1410,19.7821,20.2237,17
1411,20.4813,19.0162,17
1412,20.1202,19.0737,17
1413,20.7849,20.4767,17
1414,21.3369,19.7177,17
1415,19.3313,19.6372,17
1416,19.7476,19.1013,17
1417,20.9597,18.4619,17
1418,20.6377,19.3934,17
1419,20.8608,18.4711,17
1420,20.3456,19.0553,17
1421,18.6298,19.8051,17
1422,20.5572,19.3589,17
1423,20.8654,20.4491,17
1424,20.2536,19.1036,17
1425,21.2541,22.0591,17
1426,20.9758,19.0944,17
1427,20.9919,20.5618,17
1428,20.7251,19.5429,17
1429,19.3727,19.5659,17
1430,19.7775,18.8828,17
1431,19.6211,19.1266,17
1432,19.536,20.0581,17
1433,20.5089,19.2945,17
1434,21.3346,20.3134,17
1435,19.2715,18.4504,17
1436,19.8971,19.3244,17
1437,21.1161,19.5544,17
1438,20.2789,18.6068,17
1439,20.2973,19.053,17
1440,20.7343,19.95,17
1441,21.2449,20.0374,17
1442,21.5646,20.4031,17
1443,20.3502,19.6694,17
1444,20.3847,19.1197,17
1445,18.9288,19.2853,17
1446,20.7021,19.7545,17
1447,20.4836,19.3175,17
1448,19.4256,19.306,17
1449,19.8258,20.0972,17
1450,19.5682,19.881,17
1451,19.7798,20.1915,17
1452,20.1777,19.1933,17
1453,20.2628,19.6855,17
1454,18.8276,19.4279,17
1455,21.1805,19.2531,17
1456,19.6832,19.0139,17
1457,20.1777,20.0213,17
1458,21.1322,20.8033,17
1459,20.042,20.1915,17
1460,19.7867,20.5963,17
1461,20.9873,19.5958,17
1462,19.9523,18.8046,17
1463,18.9219,18.2756,17
1464,19.7936,19.3244,17
1465,20.8608,19.1979,17
1466,20.2375,20.0328,17
1467,20.6423,20.226,17
1468,20.7826,20.4997,17
1469,20.2375,19.3405,17
1470,20.364,18.2457,17
1471,19.3865,20.4192,17
1472,21.123,19.1059,17
1473,19.3957,21.2173,17
1474,20.1478,18.3768,17
1475,21.2679,19.1979,17
1476,19.7016,17.9766,17
1477,20.6262,18.9932,17
1478,20.6837,20.3916,17
1479,21.1322,19.8557,17
1480,19.9178,19.4279,17
1481,20.3502,20.0949,17
1482,19.2899,20.0949,17
1483,19.7246,19.8971,17
1484,20.5135,19.3405,17
1485,20.939,20.3341,17
1486,19.7798,20.3134,17
1487,19.5567,19.0599,17
1488,20.6998,20.7688,17
1489,21.3852,19.5659,17
1490,21.0402,19.1887,17
1491,21.2633,19.6096,17
1492,20.0811,19.2301,17
1493,20.18,21.3277,17
1494,20.3525,21.1966,17
1495,20.6837,19.8695,17
1496,20.939,20.893,17
1497,19.9385,18.1284,17
1498,19.8833,18.8529,17
2538,20.64,17.1739,17
706,12.6291,20.134,18
716,12.9948,20.7136,18
726,12.9925,20.2927,18
899,11.9759,20.5894,18
900,12.061,21.4979,18
902,12.6613,21.0356,18
903,11.5343,19.5636,18
904,12.2059,21.5899,18
905,12.4152,21.9395,18
906,13.188,22.3167,18
907,10.7753,21.7808,18
908,11.9805,21.1069,18
909,11.2169,22.2454,18
910,11.0628,21.422,18
911,12.5187,21.1506,18
912,11.1134,21.4335,18
913,11.3066,20.847,18
914,12.4267,21.1414,18
915,12.4382,22.0959,18
916,13.7975,21.3392,18
917,11.1134,22.0821,18
918,11.831,21.7072,18
919,12.7326,22.1971,18
920,11.5481,21.9809,18
921,10.681,22.3397,18
922,13.3099,21.0333,18
923,12.6475,21.6497,18
924,12.2404,21.2472,18
925,11.6309,22.4708,18
926,11.2537,20.6446,18
927,12.4428,21.8636,18
928,11.1341,21.0655,18
929,11.1088,21.5784,18
930,13.4801,21.077,18
931,13.073,21.5301,18
932,11.5987,20.8263,18
933,12.0679,20.8286,18
934,13.2639,21.6405,18
935,11.5021,21.606,18
936,12.6935,20.732,18
937,11.164,21.974,18
938,12.0081,21.7302,18
939,11.9759,20.8769,18
940,13.5422,20.5457,18
941,11.1594,21.445,18
942,11.6631,22.4685,18
943,11.0214,21.6589,18
944,12.1323,20.9252,18
945,12.291,21.1368,18
946,11.0927,21.9234,18
947,10.8213,20.6561,18
948,12.774,21.7049,18
949,12.1714,20.7826,18
950,13.0983,20.8539,18
951,12.8223,21.0218,18
952,11.1111,20.8286,18
953,12.4221,20.8056,18
954,12.1806,22.2063,18
955,11.5343,21.4036,18
956,12.222,21.5393,18
957,11.6539,22.1971,18
958,12.36,20.5779,18
959,13.3375,21.8245,18
960,12.3071,20.9252,18
961,13.487,22.089,18
962,11.9966,21.4105,18
963,11.6999,21.0356,18
964,12.8844,22.0706,18
965,12.6866,22.0131,18
966,11.3664,20.9275,18
967,11.7666,21.4519,18
968,12.9925,21.3714,18
969,12.8177,22.1994,18
970,12.6337,21.8176,18
971,11.6838,20.9045,18
972,11.2031,20.6722,18
973,12.8315,22.0223,18
974,12.0426,21.215,18
977,11.3066,21.399,18
978,12.9235,21.675,18
979,12.6222,21.6175,18
980,13.4571,21.1851,18
981,13.2685,22.1925,18
982,12.7717,21.0057,18
983,13.4111,21.8889,18
984,13.2087,22.2408,18
985,12.7142,21.1782,18
986,11.6033,19.4785,18
987,10.6971,21.5508,18
988,11.6769,21.4151,18
989,11.4653,20.9689,18
990,12.8292,22.986,18
991,12.452,20.4767,18
992,11.4906,21.7026,18
993,11.1939,21.2656,18
994,11.7413,22.1488,18
995,12.0472,20.6377,18
996,11.8862,20.8746,18
997,12.6291,22.0752,18
998,11.9943,21.9625,18
258,6.0695,9.669,19
2899,6.2144,11.6723,19
2900,5.8073,11.3227,19
2901,5.5474,10.2233,19
2902,3.9811,10.7615,19
2903,5.4117,11.0053,19
2904,4.2272,10.2279,19
2905,6.2282,10.1543,19
2906,4.5929,8.9054,19
2907,5.4991,9.5954,19
2908,4.0708,10.5844,19
2909,3.9788,10.2233,19
2910,4.1237,10.2187,19
2911,4.0616,9.9979,19
2912,4.563,10.7086,19
2913,4.3353,10.1658,19
2914,4.8735,9.8599,19
2915,4.3583,9.3102,19
2916,5.2829,10.1911,19
2917,4.6527,9.4068,19
2918,5.4255,11.8103,19
2919,4.7194,9.5149,19
2920,4.9126,10.589,19
2921,3.8776,10.9777,19
2922,4.6159,10.1152,19
2923,5.2714,9.2826,19
2924,5.2875,10.1497,19
2925,4.954,8.9307,19
2926,4.0662,9.8415,19
2927,4.8758,10.9915,19
2928,6.1316,9.3102,19
2929,4.6596,10.2854,19
2930,5.5773,9.5034,19
2931,5.5474,10.2647,19
2932,4.5653,10.566,19
2933,6.1201,9.4137,19
2934,4.8482,9.3102,19
2935,4.6596,11.0214,19
2936,5.5819,9.9933,19
2937,5.1058,11.5274,19
2938,4.8068,8.1395,19
2939,5.897,10.2325,19
2940,5.4899,10.957,19
2941,4.8781,9.5425,19
2942,4.5354,9.4436,19
2943,4.8827,10.2486,19
2944,6.2673,10.819,19
2945,4.8091,9.6529,19
2946,5.8924,10.6465,19
2947,5.2737,10.98,19
2948,5.2369,9.0848,19
2949,5.9798,9.3447,19
2950,4.7378,10.6833,19
2951,5.644,10.6327,19
2952,4.54,9.278,19
2953,5.2576,10.957,19
2954,4.701,9.1423,19
2955,6.1247,10.6741,19
2956,5.9821,9.4137,19
2957,3.8017,10.704,19
2958,4.1605,10.0416,19
2959,5.4876,10.7247,19
2960,4.2916,9.1492,19
2961,6.081,10.1612,19
2962,5.069,10.8397,19
2964,3.9742,10.1819,19
2965,4.8781,10.2095,19
2966,4.3974,8.7605,19
2967,6.3662,9.4045,19
2968,4.6619,10.4648,19
2969,5.552,9.715,19
2970,4.3974,10.3866,19
2971,5.1196,10.2118,19
2972,5.7222,10.5177,19
2973,4.7033,9.3608,19
2974,4.8965,9.1515,19
2975,5.4692,10.0094,19
2976,6.1109,10.6695,19
2977,4.3422,11.5504,19
2978,5.2484,9.4206,19
2979,4.8574,9.7219,19
2980,5.5566,11.1801,19
2981,5.6578,9.3424,19
2982,4.701,9.8783,19
2983,4.632,11.6723,19
2984,5.0115,10.3981,19
2985,5.6555,10.2969,19
2986,4.9885,10.6557,19
2987,5.7636,10.5085,19
2988,5.483,11.1111,19
2989,5.7935,10.6005,19
2990,5.0092,11.5159,19
2991,4.7976,9.6897,19
2992,5.7222,9.7472,19
2993,6.2144,9.8277,19
2994,5.4899,10.7086,19
2995,5.2323,10.198,19
2996,4.1076,10.7132,19
2997,4.6872,11.7666,19
2998,5.5198,10.1681,19
193,17.098,13.5744,20
734,15.603,16.9301,20
1299,16.6863,13.8642,20
1300,17.8731,15.143,20
1301,15.7617,14.3472,20
1302,16.6334,13.4295,20
1303,16.27,14.8532,20
1304,16.9692,14.7612,20
1305,15.9503,13.7331,20
1306,16.9048,13.8964,20
1307,16.4793,14.9981,20
1309,16.2516,13.2731,20
1310,16.7277,13.8688,20
1311,17.213,14.0137,20
1312,15.4466,14.9981,20
1313,16.0745,14.0022,20
1314,15.7571,15.258,20
1315,15.8629,14.7635,20
1316,16.7944,14.453,20
1317,16.5943,15.511,20
1318,17.1969,14.9521,20
1319,17.3349,15.1798,20
1320,15.5156,14.8808,20
1321,16.3114,14.9521,20
1322,15.9641,15.0694,20
1323,15.8008,14.2437,20
1324,16.6196,13.7768,20
1325,16.431,15.5317,20
1326,16.2171,14.9958,20
1327,15.4397,14.7842,20
1328,16.0768,17.0313,20
1329,16.6679,14.5841,20
1330,17.3924,14.6232,20
1331,15.7985,13.7998,20
1332,16.1734,15.2212,20
1333,15.9733,15.7617,20
1334,16.4149,14.8532,20
1335,16.4103,14.3909,20
1336,16.983,15.7272,20
1338,15.603,16.1619,20
1339,15.7732,15.3293,20
1340,15.4765,14.0505,20
1341,16.6196,15.0165,20
1342,15.3086,14.89,20
1343,16.0952,14.3633,20
1344,16.4885,14.683,20
1345,16.1527,14.1218,20
1346,16.2171,15.0303,20
1347,16.4701,14.0137,20
1348,17.7995,14.1218,20
1349,15.6421,14.1678,20
1350,17.2176,14.821,20
1351,16.224,14.5174,20
1352,16.5276,15.1844,20
1353,16.086,14.8785,20
1354,17.466,15.1936,20
1355,14.9406,14.5013,20
1356,15.8721,12.8867,20
1357,16.799,15.6168,20
1358,16.1067,14.4208,20
1359,16.2953,15.2189,20
1360,15.2971,14.6715,20
1361,17.0727,14.3242,20
1362,15.2948,14.7658,20
1363,16.6058,14.9912,20
1364,14.5588,14.4001,20
1365,16.2378,13.8435,20
1366,16.6886,14.7198,20
1367,16.1182,15.2534,20
1368,15.5823,13.8297,20
1369,15.2051,14.039,20
1370,16.0515,14.3081,20
1371,16.6265,15.0855,20
1372,16.2309,14.7497,20
1373,16.1711,14.4208,20
1374,17.3441,15.2258,20
1375,15.5938,15.0487,20
1376,17.9007,14.3127,20
1377,15.4949,15.3385,20
1378,16.3206,16.1596,20
1379,17.2797,14.9268,20
1380,16.4931,14.2437,20
1381,16.661,16.3896,20
1382,16.0101,14.7612,20
1383,16.2746,16.1412,20
1384,17.3027,13.6388,20
1385,16.7875,15.4029,20
1386,15.3431,15.4167,20
1387,16.3597,17.1233,20
1388,16.224,15.4374,20
1389,16.5713,15.2764,20
1390,15.0924,15.9894,20
1391,16.7806,14.6163,20
1392,15.2925,16.4195,20
1393,16.7875,16.0653,20
1394,17.4568,14.2759,20
1395,15.6536,13.4456,20
1396,17.0083,14.1011,20
1397,16.3804,15.0372,20
1398,15.9388,15.1913,20
2099,14.2138,27.5331,21
2100,14.3173,27.5768,21
2101,15.2074,28.1196,21
2102,14.4737,25.5712,21
2103,14.2276,27.4802,21
2104,13.1742,27.0156,21
2105,14.3679,25.861,21
2106,14.3587,26.7994,21
2107,14.2092,26.1485,21
2108,14.1655,27.2617,21
2109,13.4134,26.7672,21
2110,14.3242,26.6568,21
2111,13.3881,26.0013,21
2112,13.2363,26.1554,21
2113,14.4737,26.965,21
2114,15.4719,26.8868,21
2115,13.7101,26.5119,21
2116,13.7423,25.1411,21
2117,13.901,25.7368,21
2118,14.7819,26.643,21
2119,13.924,25.2906,21
2120,14.8233,26.2842,21
2121,14.0068,28.3795,21
2122,13.464,27.5055,21
2123,15.4466,26.4107,21
2124,14.7359,27.4825,21
2125,14.1885,27.6826,21
2126,14.4691,25.2446,21
2127,15.6881,26.9742,21
2128,13.0753,28.7199,21
2129,13.0477,26.8408,21
2130,14.7451,24.9019,21
2131,14.2598,26.0105,21
2132,14.4254,27.8022,21
2133,12.9051,25.7805,21
2134,14.9406,27.6757,21
2135,13.0615,26.965,21
2136,14.0459,26.3463,21
2137,13.3881,26.1278,21
2138,14.3127,25.9645,21
2139,14.7359,27.5722,21
2140,14.1839,26.3417,21
2141,13.3536,26.3026,21
2142,13.4962,26.5947,21
2143,13.9907,25.6471,21
2144,13.2409,26.8707,21
2145,14.0666,26.9903,21
2146,13.4801,27.5791,21
2148,14.5611,26.9167,21
2149,14.4737,26.8224,21
2150,13.8021,26.9673,21
2151,13.1466,26.896,21
2152,13.1627,26.8454,21
2153,15.5961,25.0813,21
2154,14.729,27.4756,21
2155,15.1177,27.7953,21
2156,14.568,25.7483,21
2157,12.6613,26.5349,21
2158,13.9953,26.8615,21
2159,13.6825,26.7695,21
2160,13.2593,27.5952,21
2161,14.2368,26.9742,21
2162,14.1678,26.0542,21
2163,14.6738,27.7746,21
2164,14.2115,25.9898,21
2165,14.1586,25.5413,21
2166,14.3587,26.0542,21
2167,13.4985,27.1513,21
2168,14.0919,26.0703,21
2169,14.6232,26.2865,21
2170,13.9631,27.5032,21
2171,13.855,26.6223,21
2172,13.8412,26.2428,21
2173,14.5059,27.3077,21
2174,14.0873,28.6118,21
2175,13.1742,26.9213,21
2176,13.4686,26.9489,21
2177,14.0804,27.5331,21
2178,14.8854,26.9443,21
2179,13.8136,25.9277,21
2180,14.0919,26.5947,21
2181,14.5289,26.5602,21
2182,14.6807,25.7828,21
2183,15.1476,26.3417,21
2184,15.3868,26.2612,21
2185,13.4548,26.758,21
2186,13.0592,28.0368,21
2187,13.4088,27.1513,21
2188,13.2317,27.8551,21
2189,14.5542,26.1278,21
2190,13.0983,25.2354,21
2191,14.1195,25.7161,21
2192,12.8085,26.574,21
2193,13.2501,26.5096,21
2194,14.7727,26.4866,21
2195,13.4709,27.3031,21
2196,13.7538,27.9471,21
2197,13.7906,26.2635,21
2198,14.4806,27.5561,21
722,14.9521,20.41,22
2799,14.4783,21.7647,22
2800,15.0487,22.5398,22
2801,14.5358,22.388,22
2802,14.7934,23.147,22
2803,15.3822,21.7624,22
2804,16.8105,21.8291,22
2805,16.2838,22.4271,22
2806,16.5644,21.0103,22
2807,16.0653,22.5444,22
2808,16.5874,22.4708,22
2809,15.7042,22.1419,22
2810,17.2015,20.7826,22
2811,15.7318,22.4915,22
2812,15.1269,20.4468,22
2813,15.8468,22.8572,22
2814,15.8353,21.6865,22
2815,16.5874,23.3931,22
2816,14.7865,22.2086,22
2817,14.6968,21.8751,22
2818,15.7042,22.8664,22
2819,14.5174,22.7054,22
2820,15.2672,21.422,22
2821,15.2534,20.9712,22
2822,15.9871,21.9648,22
2823,15.1292,23.0343,22
2824,15.5662,22.6916,22
2825,17.3924,20.8516,22
2826,16.1297,22.1419,22
2827,15.2465,22.1695,22
2828,14.6692,20.8608,22
2829,14.5818,23.2758,22
2830,15.3132,21.5485,22
2831,15.1729,22.8503,22
2832,15.2557,21.2265,22
2833,15.7594,21.7693,22
2834,15.5547,21.9096,22
2835,14.3173,23.2896,22
2836,14.8601,22.2891,22
2837,14.5657,23.1976,22
2838,14.8003,22.2086,22
2839,14.9958,21.8866,22
2840,14.6485,21.1368,22
2841,14.6002,21.8406,22
2842,14.982,21.0034,22
2843,15.1269,21.6566,22
2844,15.3132,22.3558,22
2845,14.9429,21.4496,22
2846,15.4903,21.3415,22
2847,14.6623,21.3277,22
2848,15.0809,22.6709,22
2849,15.0901,21.3346,22
2850,15.7479,22.6985,22
2851,15.9986,22.802,22
2852,15.7502,21.8912,22
2853,15.8882,22.595,22
2854,14.66,22.2569,22
2855,16.1918,21.468,22
2856,15.4489,20.9597,22
2857,14.5519,21.9878,22
2858,15.3799,21.3116,22
2859,16.2401,21.6934,22
2860,17.0106,21.8383,22
2861,14.9291,23.4138,22
2862,15.6467,21.1575,22
2863,15.5018,20.7596,22
2864,15.6421,21.5025,22
2865,15.6352,21.3944,22
2866,15.8008,21.5738,22
2867,14.9314,22.181,22
2868,14.177,21.3622,22
2869,14.3909,22.1925,22
2870,14.9613,21.2081,22
2871,15.6858,21.1207,22
2872,15.8905,21.1069,22
2873,16.1343,21.1414,22
2874,15.8215,22.1373,22
2875,14.4921,21.5531,22
2876,15.8974,21.4841,22
2877,14.2529,21.6911,22
2878,16.4356,23.4874,22
2879,16.0354,23.2482,22
2880,15.8629,23.6714,22
2881,14.3909,21.7141,22
2882,16.6104,20.9459,22
2883,15.6766,22.3811,22
2884,14.8877,21.9073,22
2885,15.4742,21.9694,22
2886,15.8169,21.7762,22
2887,15.5846,22.5053,22
2888,15.1706,21.7762,22
2889,15.3247,22.3926,22
2890,15.879,20.4192,22
2891,14.844,22.0729,22
2892,15.2695,21.4933,22
2893,14.5887,23.3172,22
2894,15.5731,21.2449,22
2895,15.81,21.2794,22
2896,15.6766,22.2086,22
2897,14.9406,22.526,22
2898,13.9999,21.6474,22
599,19.9339,27.9149,23
600,21.1115,27.2065,23
601,21.3047,25.7023,23
602,20.4514,27.2134,23
603,21.6175,27.3767,23
605,21.0655,27.7194,23
606,21.4841,28.1242,23
607,21.5117,27.9517,23
608,23.0182,27.5423,23
609,21.5922,26.873,23
610,22.802,27.3836,23
611,20.847,28.2852,23
612,20.2053,27.6596,23
613,19.6993,27.8827,23
614,22.1603,28.483,23
615,21.7325,27.8804,23
616,22.6525,28.1564,23
617,21.0908,26.436,23
618,20.2076,28.023,23
619,20.686,27.7884,23
620,21.7808,27.8735,23
621,21.6037,28.2461,23
622,21.5485,26.9213,23
623,21.7831,26.7511,23
624,21.7003,27.2571,23
625,22.273,27.7723,23
626,22.5835,26.4222,23
627,21.7785,26.712,23
628,20.0788,26.6177,23
629,22.4202,29.104,23
630,20.5687,27.4618,23
631,20.5273,28.253,23
632,20.8838,27.448,23
633,20.9275,26.0404,23
634,20.7849,26.459,23
635,19.9017,26.2589,23
636,21.7325,26.5901,23
637,20.8999,27.8873,23
638,21.0195,26.505,23
639,21.5485,27.747,23
640,22.1672,26.9926,23
641,21.8268,26.7649,23
642,23.0573,28.5336,23
643,20.6607,26.7902,23
644,21.2794,27.6389,23
645,21.1805,26.8638,23
646,20.7987,27.1421,23
647,21.7624,26.5832,23
648,20.962,27.2042,23
649,21.2909,27.8873,23
650,21.7302,26.0588,23
651,21.6175,27.5538,23
652,20.3617,27.8666,23
653,21.9717,27.4342,23
654,20.7734,29.3754,23
655,20.6791,26.9512,23
656,21.6405,28.5359,23
657,20.732,26.7557,23
658,22.6019,29.4513,23
659,22.3075,26.2497,23
660,20.6354,29.7871,23
661,20.502,27.0478,23
662,20.4077,27.678,23
663,21.2081,27.0915,23
664,21.8636,27.7746,23
665,21.1368,28.2576,23
666,21.8774,27.241,23
667,21.5301,27.517,23
668,19.5222,27.5147,23
669,20.6814,26.8477,23
670,20.3364,27.0018,23
671,20.824,27.954,23
672,20.8723,28.3082,23
673,21.1506,28.1633,23
674,21.468,27.3652,23
675,21.2311,27.0984,23
676,20.9988,27.1329,23
677,22.3029,27.54,23
679,21.054,28.5819,23
680,21.0241,27.0294,23
681,21.974,27.2042,23
682,21.215,27.241,23
683,22.1189,27.4618,23
684,21.4588,27.4227,23
685,22.0637,27.8965,23
686,21.8222,27.1835,23
687,21.215,27.4181,23
688,21.1667,26.5165,23
689,21.1575,26.7005,23
690,21.4772,27.4848,23
691,21.8107,27.333,23
692,20.7044,27.4411,23
693,21.1506,27.5722,23
694,20.2007,27.0363,23
695,22.8066,27.8321,23
696,20.7849,27.5446,23
697,21.4519,26.85,23
698,20.5296,27.6228,23
815,20.2007,25.7138,23
1000,22.2224,8.2131,24
1002,23.354,7.7577,24
1004,22.9768,8.2591,24
1007,23.0343,8.6892,24
1009,22.641,8.4362,24
1010,23.2045,7.9647,24
1015,22.6893,9.2136,24
1017,22.4248,7.6542,24
1018,22.7721,8.151,24
1020,22.5743,8.5374,24
1021,22.3259,7.8635,24
1025,23.0297,8.5075,24
1028,23.0182,8.7858,24
1030,22.5007,8.2476,24
1031,22.6203,8.9169,24
1032,21.8958,8.9905,24
1033,22.4133,8.4132,24
1034,22.1465,8.4339,24
1039,22.9147,7.8152,24
1042,21.9602,8.3764,24
1046,21.8866,8.9652,24
1047,22.5835,8.5029,24
1048,21.7785,7.1482,24
1052,22.0131,8.3603,24
1053,22.3213,9.0112,24
1058,23.3057,8.0613,24
1064,21.5761,7.8773,24
1065,23.0389,7.1942,24
1066,22.8572,9.1607,24
1067,22.5398,8.1211,24
1068,22.2523,7.599,24
1069,23.2114,7.967,24
1072,21.997,10.0048,24
1073,21.9188,9.7058,24
1074,23.1332,8.1395,24
1076,23.2114,8.4109,24
1077,22.8572,7.9302,24
1078,22.6042,8.8387,24
1079,22.5421,9.6506,24
1080,21.3829,8.8571,24
1083,22.5904,8.4201,24
1085,22.3282,7.99,24
1090,22.3236,8.1556,24
1091,23.2206,6.8515,24
1093,22.8089,7.9923,24
1094,21.6083,7.2655,24
2406,21.813,7.0953,24
2453,22.9814,6.8515,24
2454,22.6364,6.8653,24
2472,20.1501,7.231,24
2474,21.8406,7.001,24
199,8.4155,9.7633,25
200,7.1413,10.3981,25
201,7.691,11.969,25
202,8.6363,9.8139,25
203,7.8704,10.957,25
204,7.2103,11.1249,25
205,7.6289,9.899,25
206,7.5645,8.8824,25
207,7.5967,9.5241,25
208,8.1372,10.3015,25
209,7.8106,11.3227,25
210,8.9514,11.0628,25
211,8.8456,10.3866,25
212,8.6869,11.0007,25
213,7.6611,10.7592,25
214,8.1648,10.3061,25
215,9.1515,10.796,25
216,8.5029,9.1791,25
217,8.1441,10.8443,25
218,9.0756,9.3723,25
219,7.8428,9.9703,25
220,8.8295,10.4648,25
221,8.1993,9.7863,25
222,9.2021,11.0076,25
223,8.1625,10.474,25
224,8.2085,9.9634,25
225,8.8456,11.5619,25
226,9.209,11.0467,25
227,8.588,11.0329,25
228,7.8934,11.3756,25
229,7.898,10.2049,25
230,9.1584,10.8535,25
231,8.9813,9.7127,25
232,8.6271,11.8379,25
233,7.806,11.4975,25
234,7.9233,10.4004,25
235,8.8042,10.3015,25
236,8.8272,11.0283,25
237,9.715,9.9151,25
238,8.3189,9.0365,25
239,9.5954,9.1469,25
240,7.4081,9.8001,25
241,9.0733,8.9307,25
242,7.9118,9.0848,25
243,8.1717,9.0687,25
244,9.393,9.4735,25
245,7.5277,10.6994,25
246,7.3575,10.3268,25
248,9.4344,12.3485,25
249,8.8249,9.9335,25
250,7.6979,10.1405,25
251,9.002,11.1433,25
252,7.3253,9.6644,25
253,8.0636,11.1088,25
254,6.8768,10.4303,25
255,7.737,10.3613,25
256,7.0953,11.1433,25
257,9.6023,9.0526,25
259,7.0815,10.4993,25
260,8.2729,11.1157,25
261,7.5461,10.7178,25
262,9.1837,9.8484,25
263,8.1694,10.7868,25
264,8.9951,9.5678,25
265,7.7324,9.5954,25
266,7.8359,9.4965,25
267,7.9095,9.0066,25
268,7.9969,10.7063,25
269,8.9905,10.8006,25
271,8.9215,10.0577,25
272,8.4914,10.2233,25
273,9.5678,10.5683,25
274,8.9491,9.7863,25
275,9.2527,10.8558,25
276,7.7577,9.9749,25
277,9.3102,11.6539,25
278,8.9836,9.7104,25
279,8.6892,9.7219,25
280,7.2816,10.2831,25
281,9.2435,10.6212,25
283,8.0314,9.5678,25
284,9.071,10.2187,25
285,8.3557,10.152,25
286,7.8175,8.6938,25
287,9.0089,10.3958,25
288,8.0774,10.6695,25
289,7.3138,11.6608,25
290,8.7927,10.0876,25
291,8.4592,10.3337,25
292,8.6823,9.0986,25
293,9.1722,10.5729,25
294,7.4564,11.325,25
295,8.8019,11.3342,25
296,8.2913,9.4229,25
297,7.7508,10.9478,25
298,7.7945,10.8995,25
1873,9.0411,8.5466,25
2963,6.8055,9.4459,25
1499,8.4086,15.7893,26
1500,9.5218,14.8164,26
1501,8.8341,15.0855,26
1502,9.5586,16.7967,26
1503,8.0567,14.7428,26
1504,9.3378,15.5018,26
1505,7.7416,15.3707,26
1506,8.7375,15.1407,26
1507,7.8704,16.086,26
1508,7.5139,13.8044,26
1509,9.5471,15.0165,26
1510,8.1671,15.3362,26
1511,7.4679,15.0625,26
1512,7.3966,15.8928,26
1513,8.8134,14.2644,26
1514,8.7766,14.7336,26
1515,8.6639,15.8514,26
1516,7.5116,15.1522,26
1517,9.4781,14.5979,26
1518,8.5236,14.3472,26
1519,8.795,15.1867,26
1520,7.6956,16.2148,26
1521,7.8888,15.1039,26
1522,7.8267,15.81,26
1523,9.1515,15.5616,26
1524,9.3884,15.2672,26
1525,8.8686,14.982,26
1526,9.2274,14.8233,26
1527,9.3125,15.3592,26
1528,9.4045,16.2194,26
1529,7.944,13.0891,26
1530,8.9261,14.6508,26
1531,8.5949,15.2028,26
1532,7.8267,15.35,26
1533,7.7094,14.637,26
1534,8.7674,15.2534,26
1535,9.1745,14.7888,26
1536,9.209,14.8049,26
1537,7.3966,16.1987,26
1538,9.6506,15.5685,26
1539,8.3787,14.6278,26
1541,8.3672,14.8762,26
1542,7.9624,16.04,26
1543,9.1584,15.3247,26
1544,7.9302,14.6876,26
1545,8.5535,16.5575,26
1546,8.6639,15.1913,26
1547,9.6874,15.4236,26
1548,8.6133,14.0459,26
1549,7.8428,14.4507,26
1550,8.1809,15.7571,26
1551,8.7904,14.4208,26
1552,9.2757,14.9061,26
1553,8.7237,15.189,26
1554,9.6115,15.6651,26
1555,8.8916,14.6968,26
1556,8.4983,16.224,26
1557,9.2136,13.7607,26
1558,8.7168,14.2437,26
1559,8.9008,16.017,26
1560,7.2448,15.0096,26
1561,8.9514,14.6347,26
1562,8.2614,15.2465,26
1563,8.7191,15.7939,26
1564,9.5333,15.4627,26
1565,9.5563,15.6927,26
1566,8.8157,16.1021,26
1567,8.5627,15.3339,26
1568,8.2959,15.6973,26
1569,8.818,15.4029,26
1571,8.519,14.9751,26
1572,8.933,13.9286,26
1573,8.9445,14.683,26
1574,9.301,16.2976,26
1575,9.5724,15.8836,26
1576,7.5645,15.9089,26
1578,8.1257,15.3546,26
1579,8.6455,16.5483,26
1580,8.8732,15.2258,26
1581,7.783,14.775,26
1582,8.6409,15.9135,26
1584,7.2126,15.488,26
1585,7.8152,15.649,26
1587,9.0388,15.6697,26
1588,9.3125,15.1016,26
1589,7.7462,15.2833,26
1590,7.3713,15.4029,26
1591,9.5563,14.9061,26
1592,8.4316,15.2994,26
1593,8.3603,16.7024,26
1594,8.8088,16.1159,26
1595,9.2941,15.143,26
1596,7.645,14.9452,26
1597,8.059,14.476,26
1598,8.7766,15.3868,26
3002,6.0672,15.9986,26
3003,5.8533,16.4103,26
3005,5.6279,16.5667,26
3007,6.6882,16.2424,26
3011,6.0511,16.1021,26
3016,5.5267,16.0883,26
3018,5.4508,15.3776,26
3020,5.7406,15.9641,26
3021,7.0309,16.73,26
3024,5.8993,16.5437,26
3025,6.2075,15.6697,26
3028,4.5354,15.8491,26
3029,6.1132,16.0446,26
3031,6.6767,15.7387,26
3034,6.1132,16.1872,26
3035,5.8004,15.4972,26
3036,6.7388,17.2337,26
3042,6.7802,16.983,26
3045,5.5888,16.3114,26
3046,6.3455,16.8772,26
3047,5.7084,15.7893,26
3048,6.2535,16.4954,26
3049,6.6537,17.0198,26
3050,6.2052,15.6674,26
3051,6.3018,15.7893,26
3052,5.9453,16.7967,26
3055,7.0608,16.086,26
3058,6.1155,16.8772,26
3060,4.8643,16.0814,26
3061,5.4968,16.1826,26
3064,4.7217,16.0055,26
3065,7.0493,16.224,26
3068,6.9872,17.2383,26
3071,6.0879,16.1205,26
3072,5.8878,16.3781,26
3074,6.9849,17.1785,26
3076,7.2149,16.7944,26
3077,6.8906,16.0952,26
3078,5.552,15.557,26
3079,6.0488,16.2102,26
3080,5.7498,16.5069,26
3081,6.3064,16.8243,26
3084,5.1909,16.1458,26
3085,5.8947,16.2677,26
3090,6.5456,16.6978,26
3093,7.3414,16.8197,26
3097,6.4444,16.2033,26
2200,25.3136,28.0115,27
2201,26.0795,28.0667,27
2204,24.9663,29.15,27
2206,24.4166,28.5175,27
2211,25.7759,28.6923,27
2212,26.6936,28.1863,27
2215,28.7268,26.7212,27
2220,25.7138,28.7935,27
2221,26.1416,28.5451,27
2227,24.9341,28.2507,27
2229,25.9599,28.5796,27
2231,25.4815,29.3616,27
2232,24.5385,29.7963,27
2233,26.1899,28.0414,27
2238,25.7943,28.4807,27
2240,24.5431,28.6923,27
2241,24.2993,28.5497,27
2242,26.0772,28.7268,27
2243,25.6862,27.7378,27
2245,23.2252,29.2466,27
2246,25.6195,29.8538,27
2248,24.9548,28.7107,27
2249,25.2032,28.3381,27
2251,26.4567,29.012,27
2252,25.3389,27.8574,27
2253,26.2635,28.6946,27
2254,25.2883,28.0391,27
2255,26.5119,27.8436,27
2260,24.9571,28.4646,27
2261,25.0997,29.0787,27
2262,25.1687,29.1247,27
2264,26.3831,29.2351,27
2265,25.5114,28.9407,27
2269,25.5367,27.8045,27
2270,25.4286,28.0506,27
2272,25.5413,28.3427,27
2273,25.884,27.9586,27
2274,27.8666,29.2903,27
2275,26.3302,28.2829,27
2277,25.7414,28.1334,27
2282,25.9852,28.5313,27
2283,25.4309,27.8873,27
2284,27.1099,27.0593,27
2290,25.3849,29.4375,27
2294,25.3711,28.2898,27
2296,24.7938,28.7429,27
499,28.0805,10.5315,28
500,27.3445,11.2123,28
501,26.8661,10.6672,28
502,26.6476,9.2412,28
503,25.7115,10.0508,28
504,26.367,10.3268,28
505,28.2346,10.4165,28
506,26.6361,9.784,28
507,27.3077,9.2964,28
508,26.7143,9.4712,28
510,27.3445,9.3769,28
511,26.8615,10.3245,28
512,27.7148,11.1755,28
513,26.4291,10.3912,28
514,25.7598,9.3907,28
515,27.2479,10.1842,28
516,26.9857,10.5453,28
517,26.6338,10.1612,28
518,26.8753,11.2882,28
519,26.6223,10.2762,28
520,26.482,9.6644,28
521,29.5939,9.738,28
522,26.2543,10.3314,28
524,26.0312,10.06,28
525,27.9471,11.1686,28
526,26.6154,11.6355,28
527,26.6936,8.9675,28
528,25.8081,9.4574,28
529,27.3169,9.117,28
530,25.5321,10.566,28
531,27.2916,11.9713,28
532,26.7051,11.9782,28
533,26.7626,9.6253,28
534,27.9264,10.7109,28
535,27.0386,10.037,28
536,27.4986,10.4234,28
537,26.1577,9.5632,28
538,26.9213,11.9966,28
539,27.2433,9.1561,28
540,26.6959,10.2394,28
541,27.0708,10.8144,28
542,26.0197,10.9317,28
543,27.2663,11.4952,28
544,27.6136,9.7426,28
545,27.0478,10.2854,28
546,26.873,10.3613,28
547,26.9282,11.3917,28
548,27.6297,10.0209,28
549,27.0869,9.3033,28
550,25.746,11.4331,28
551,25.7598,10.5614,28
552,27.7447,10.9708,28
553,26.988,9.991,28
554,26.7189,10.2624,28
555,26.7718,10.267,28
556,27.402,10.9087,28
557,26.1485,10.6166,28
558,26.9811,10.2969,28
559,26.5694,9.2274,28
560,27.6757,9.5816,28
561,28.1817,10.8673,28
562,26.0726,10.911,28
563,26.5855,10.1451,28
564,27.1375,10.9432,28
565,27.31,9.3401,28
566,27.3123,10.2532,28
567,26.9098,8.2798,28
568,27.0179,9.6023,28
569,28.1518,10.5453,28
570,27.0179,10.6166,28
571,27.8942,10.4786,28
572,27.563,10.2739,28
573,27.0432,9.6,28
574,26.9443,10.865,28
575,26.321,10.5407,28
577,27.9287,10.9938,28
578,25.6701,10.9225,28
579,26.7051,10.3406,28
580,27.4296,9.7426,28
581,28,10.8903,28
582,27.3698,10.2279,28
583,26.9052,9.0319,28
584,27.2433,12.5624,28
585,26.1577,10.5292,28
586,27.0823,10.0876,28
587,26.8707,10.3475,28
588,26.3877,9.6989,28
589,26.3831,10.3038,28
590,27.0478,10.4809,28
591,26.7741,8.8272,28
592,26.6131,11.5734,28
593,26.7557,8.8387,28
594,25.7368,9.7403,28
595,26.0956,10.3751,28
596,25.8058,10.635,28
597,26.4245,10.2923,28
598,25.8357,10.451,28
0,26.6614,7.3414,29
1,25.2653,6.2466,29
2,25.2285,4.7447,29
3,25.7529,5.1564,29
4,24.0785,5.6693,29
5,25.2722,6.8676,29
6,24.6535,6.2443,29
7,26.9834,6.633,29
8,25.7437,6.3179,29
9,26.4774,7.7416,29
10,26.7373,4.4756,29
11,27.1812,6.2972,29
12,25.4999,5.6739,29
13,25.3021,6.1431,29
15,25.5482,5.7107,29
16,26.2198,5.7337,29
17,25.884,6.3294,29
18,24.4649,5.7521,29
19,24.7708,6.7572,29
20,25.3274,5.6463,29
21,25.999,4.8551,29
22,25.0238,6.2742,29
23,25.8242,6.7848,29
24,25.4286,6.2834,29
25,27.3445,6.4697,29
26,24.6236,6.1178,29
27,27.126,6.1109,29
28,25.677,5.9085,29
29,25.539,6.3777,29
30,25.0491,6.0603,29
31,26.5924,6.0925,29
33,25.2492,5.6486,29
34,24.941,5.0184,29
35,25.2814,7.5461,29
36,24.8191,6.1316,29
37,26.0105,6.8377,29
38,25.0215,6.564,29
39,25.1618,6.3064,29
40,25.8955,5.4393,29
41,24.8375,5.4416,29
42,25.4562,6.702,29
43,25.7161,5.5152,29
44,26.7212,4.7424,29
46,24.6328,5.3473,29
47,25.7253,6.7296,29
48,27.1168,5.6946,29
49,26.4958,5.9039,29
50,25.1158,6.1914,29
51,25.6103,7.6197,29
52,26.3026,6.7802,29
53,24.7915,6.2627,29
54,25.0997,5.8004,29
55,25.4838,7.0148,29
56,25.4217,7.3138,29
57,27.1306,6.9573,29
58,24.3338,5.1679,29
59,24.6236,5.6877,29
60,25.5183,4.8229,29
61,26.39,7.0401,29
62,24.3039,4.8827,29
63,25.5275,4.9333,29
64,24.8973,7.1919,29
65,24.7731,6.0925,29
66,26.5855,6.8423,29
67,25.6356,5.6371,29
68,26.7718,5.5336,29
69,24.8536,5.5152,29
70,25.8587,5.2208,29
71,25.2538,5.5727,29
72,25.4838,4.9333,29
73,25.5436,5.9844,29
75,27.7102,6.2535,29
76,25.1204,4.6504,29
77,25.2538,5.5681,29
78,25.5137,6.357,29
79,27.2249,5.5727,29
80,24.6581,5.9936,29
81,25.1894,5.4991,29
82,25.2446,5.9591,29
83,24.8007,4.4158,29
84,26.275,5.5888,29
85,25.8748,6.5456,29
86,24.6328,6.7503,29
87,24.8766,4.4664,29
88,26.4498,6.6997,29
89,25.148,5.9292,29
90,24.5914,5.8004,29
91,25.6954,5.9867,29
92,26.344,5.9522,29
93,26.8224,5.667,29
94,26.1347,5.0161,29
95,25.263,5.3082,29
96,24.6305,6.8354,29
97,25.8035,6.1937,29
98,26.0243,7.5576,29
1086,24.8375,6.7871,29
2485,23.8761,6.3754,29
1186,24.5362,16.9117,30
2499,22.8871,16.8542,30
2500,23.3931,16.4655,30
2501,22.894,15.2833,30
2503,22.5214,15.9871,30
2504,21.7693,16.2194,30
2505,22.4432,14.5703,30
2506,21.9556,16.0653,30
2507,23.8324,17.3993,30
2508,22.3397,16.0078,30
2509,23.6116,16.8404,30
2510,22.8963,16.2585,30
2511,21.8843,16.0285,30
2512,23.0366,15.4144,30
2513,22.8043,15.4052,30
2514,21.7555,15.4144,30
2515,22.6985,16.7001,30
2516,21.7072,15.5754,30
2517,22.4754,15.3063,30
2518,22.9377,16.6817,30
2519,23.3655,15.718,30
2520,23.4782,15.7686,30
2521,23.0274,15.833,30
2522,21.9648,15.6605,30
2523,23.0619,16.1826,30
2524,22.5375,15.9664,30
2525,21.9142,15.9963,30
2526,23.2022,16.4287,30
2527,21.6635,17.351,30
2528,22.8687,15.1568,30
2529,22.963,15.9802,30
2530,23.0596,16.2585,30
2531,24.2096,16.1205,30
2532,23.1654,15.2948,30
2533,21.7072,15.4374,30
2534,23.2712,16.3643,30
2535,22.9193,16.4195,30
2536,21.7509,15.3776,30
2537,22.9354,15.3661,30
2539,23.2321,17.7926,30
2540,23.4,18.3929,30
2541,23.0895,16.3666,30
2542,23.5794,16.8703,30
2543,23.2988,16.385,30
2544,23.4759,16.8151,30
2545,22.6594,16.1504,30
2546,23.2321,15.0257,30
2547,22.0706,16.063,30
2548,22.0683,17.2797,30
2549,24.3039,15.4903,30
2550,22.7077,15.3845,30
2551,22.1189,15.8284,30
2552,24.0785,15.2833,30
2553,23.3448,16.4908,30
2554,23.4713,17.6132,30
2555,22.5559,16.73,30
2556,23.5242,15.2971,30
2557,23.1332,16.3298,30
2558,22.1603,16.9531,30
2559,22.963,14.8923,30
2560,23.952,17.282,30
2561,24.1475,16.7208,30
2562,23.0366,15.6743,30
2563,22.3811,15.9434,30
2564,22.227,15.028,30
2565,22.9423,17.213,30
2566,22.3558,16.224,30
2567,22.9584,15.0786,30
2568,23.009,16.7116,30
2569,22.9837,15.8974,30
2570,23.078,16.0699,30
2571,21.3024,17.2314,30
2572,23.0481,16.5184,30
2573,23.0918,15.3592,30
2574,22.7675,17.949,30
2575,22.9308,16.0814,30
2576,22.9906,18.3239,30
2577,22.7491,16.6909,30
2578,21.8383,16.1688,30
2579,24.067,16.6058,30
2580,23.0343,16.7691,30
2581,21.5416,16.1021,30
2582,21.5853,16.3551,30
2583,23.5518,15.8422,30
2584,22.8572,16.2033,30
2585,23.1953,15.7824,30
2586,22.9492,14.7543,30
2587,23.1378,15.9181,30
2588,23.1447,14.9705,30
2589,24.0555,16.5621,30
2590,22.7951,15.5386,30
2591,24.4787,17.9421,30
2592,23.4253,17.1509,30
2593,22.6249,15.419,30
2594,23.1355,15.9756,30
2595,22.825,16.4954,30
2596,24.2257,16.0354,30
2597,23.3149,17.0014,30
2598,23.3931,15.9549,30
1205,14.4116,9.485,31
1209,14.6439,11.1433,31
1212,14.2368,8.9537,31
1217,14.5634,7.2057,31
1218,14.016,10.1267,31
1222,15.0372,9.554,31
1225,15.0556,9.4896,31
1229,13.8918,9.2987,31
1231,14.5289,8.7306,31
1232,14.6761,7.898,31
1234,14.6945,8.6938,31
1237,13.9079,9.0181,31
1238,13.9125,10.6741,31
1240,14.8532,8.9238,31
1245,14.9268,10.3843,31
1248,15.1729,9.4965,31
1251,14.66,9.6989,31
1254,13.8136,9.5655,31
1258,14.9314,7.9095,31
1259,14.384,9.9542,31
1260,14.5887,10.2279,31
1269,15.189,9.1975,31
1270,15.0004,9.1791,31
1273,15.1844,9.7311,31
1274,15.2143,10.0071,31
1278,14.9314,9.9887,31
1283,14.4208,9.462,31
1285,15.1246,9.7978,31
1293,14.9452,8.7697,31
1294,14.4185,9.3102,31
1295,14.7658,8.7237,31
1297,14.6324,8.5857,31
310,25.953,26.1692,32
324,23.7266,26.1094,32
340,26.0036,25.7782,32
351,24.1475,26.689,32
375,24.6581,25.861,32
604,23.2206,26.8247,32
678,23.1056,27.724,32
2199,24.435,27.8137,32
2202,23.8025,26.9719,32
2203,25.4148,27.2663,32
2205,25.2216,27.1743,32
2207,25.4194,26.6568,32
2208,24.5891,27.4296,32
2209,25.5597,26.9328,32
2210,24.7616,26.4866,32
2213,24.3637,26.8707,32
2214,25.1963,27.2479,32
2216,25.7506,27.0731,32
2217,26.1048,26.1876,32
2218,24.0325,26.4337,32
2219,25.4378,27.5952,32
2222,25.1825,26.3578,32
2223,24.8375,27.8896,32
2224,25.2952,27.057,32
2225,24.5776,27.8206,32
2226,25.1917,27.563,32
2228,23.3747,28.3703,32
2230,24.0601,27.1904,32
2234,24.1291,27.4181,32
2235,24.849,27.5837,32
2236,25.7736,27.4549,32
2237,24.7984,27.4687,32
2239,24.9962,27.8045,32
2244,25.9944,27.0202,32
2247,24.136,28.4922,32
2250,24.2487,27.5078,32
2256,25.2262,27.5193,32
2257,25.4171,27.1099,32
2258,25.5712,27.3077,32
2259,26.0634,27.0685,32
2263,24.4005,27.6872,32
2266,24.8559,27.1191,32
2267,24.32,28.0989,32
2268,23.745,27.4066,32
2271,24.9065,26.6867,32
2276,25.9622,27.0064,32
2278,23.8485,28.0069,32
2280,24.8996,27.3928,32
2281,25.6701,27.126,32
2285,25.4815,27.2479,32
2286,24.0946,27.0938,32
2287,24.6052,27.655,32
2289,25.2607,27.3514,32
2291,24.2441,27.6481,32
2292,24.6696,26.8523,32
2293,24.228,27.1076,32
2295,24.412,27.4043,32
2297,25.1411,27.0064,32
2298,24.2717,27.6274,32
151,16.1895,9.968,33
1199,16.2631,10.0255,33
1200,15.7525,9.738,33
1202,16.1205,8.9905,33
1203,16.3252,8.5903,33
1204,16.2079,9.3884,33
1206,16.2838,8.841,33
1207,16.9738,9.439,33
1210,17.1141,9.7311,33
1211,15.4558,8.45,33
1213,15.2649,8.2131,33
1214,16.6564,9.9243,33
1215,16.4287,8.9169,33
1216,16.0607,9.1584,33
1219,16.2723,9.1032,33
1220,15.442,8.0222,33
1221,16.6794,8.2844,33
1223,15.7594,8.4017,33
1226,15.5892,10.2141,33
1227,15.9595,9.3562,33
1228,15.7594,9.6828,33
1230,16.9669,8.519,33
1233,15.5409,9.347,33
1235,16.3528,9.8783,33
1236,16.0032,8.6087,33
1239,16.8496,9.5954,33
1241,16.3551,9.9703,33
1242,15.5938,8.5144,33
1243,16.4172,9.14,33
1244,16.3896,8.588,33
1247,16.8312,8.5719,33
1249,15.6421,8.8663,33
1250,15.6099,8.8709,33
1252,16.4954,9.3907,33
1253,15.7824,8.5811,33
1255,15.3638,8.9238,33
1256,15.9664,9.991,33
1257,15.3293,8.6685,33
1261,15.5984,9.8553,33
1262,16.1297,8.9146,33
1263,15.6881,7.9187,33
1264,15.9595,10.0186,33
1265,15.971,9.623,33
1266,15.4811,9.5816,33
1267,15.6789,8.818,33
1268,15.764,8.9169,33
1271,16.4126,9.7656,33
1272,15.7479,9.3424,33
1275,16.2148,8.3258,33
1276,15.6306,9.2182,33
1277,16.5621,9.5034,33
1279,16.0952,9.6184,33
1280,16.0722,9.0227,33
1281,15.9871,9.8139,33
1282,16.1826,8.8962,33
1284,15.9756,10.1865,33
1286,16.4931,9.3056,33
1288,15.4696,8.841,33
1289,15.5915,9.3033,33
1290,16.224,8.9514,33
1291,16.0216,9.6667,33
1292,15.5041,10.1865,33
1296,16.3459,8.5696,33
1298,15.5386,9.8139,33
14,23.3609,5.6601,34
74,23.1838,5.7314,34
1022,22.4639,6.6353,34
2399,22.6801,4.5492,34
2400,22.2454,5.8211,34
2401,22.0936,6.1063,34
2402,22.9837,6.2075,34
2403,21.2196,5.7636,34
2404,20.3709,6.0534,34
2405,23.1792,5.0713,34
2407,21.5025,5.4853,34
2408,22.9193,4.3583,34
2409,21.3392,5.7406,34
2410,22.3282,5.3519,34
2411,21.8153,5.2323,34
2412,22.2132,4.6412,34
2413,21.4519,4.701,34
2414,22.5651,6.0718,34
2415,21.8659,6.0028,34
2416,22.6755,4.6021,34
2417,20.0857,6.1937,34
2418,20.9988,5.2645,34
2419,22.1925,6.4467,34
2420,22.0982,6.0925,34
2421,22.135,5.9821,34
2422,22.9492,4.6412,34
2423,22.963,4.5193,34
2424,22.1879,5.8441,34
2425,20.8401,5.6946,34
2426,21.6589,6.6928,34
2427,22.1695,5.3703,34
2428,22.158,6.104,34
2429,21.2081,4.8758,34
2430,21.5347,5.2714,34
2431,21.2725,4.5607,34
2432,22.6617,6.4421,34
2433,22.5007,5.3381,34
2434,21.5071,5.0897,34
2435,22.3466,6.1316,34
2436,21.4519,3.8776,34
2437,23.5403,6.1569,34
2438,22.2224,4.6734,34
2439,21.3185,5.9177,34
2440,21.1575,4.8804,34
2441,22.2431,5.3795,34
2442,23.5955,5.3795,34
2443,22.4547,6.2811,34
2444,22.5674,4.7677,34
2445,21.7739,4.0938,34
2446,21.8199,5.8234,34
2447,21.6589,5.4646,34
2448,21.3576,6.4306,34
2449,23.2689,6.0051,34
2450,22.7537,5.5934,34
2451,22.1695,5.7728,34
2452,22.5812,5.0437,34
2455,22.7606,5.9407,34
2456,21.8705,4.1858,34
2457,23.1194,5.621,34
2458,23.0527,5.1702,34
2459,23.0159,5.9131,34
2460,22.0568,5.782,34
2461,21.9027,4.701,34
2462,21.6589,5.8602,34
2463,21.8475,6.7549,34
2464,20.341,5.5658,34
2465,21.8774,5.2231,34
2466,21.8682,4.8482,34
2467,22.0729,5.2691,34
2468,21.9257,5.4048,34
2469,21.5692,4.5561,34
2470,22.2086,5.5221,34
2471,22.5421,5.874,34
2473,23.0205,5.2093,34
2475,22.5352,5.8878,34
2476,23.2505,5.1886,34
2478,20.7504,5.2898,34
2479,22.4432,4.0892,34
2480,22.2569,5.9798,34
2481,22.2707,5.5773,34
2482,21.859,4.8827,34
2483,22.6456,6.702,34
2484,23.2919,5.1196,34
2486,22.296,6.0051,34
2487,21.8153,6.0718,34
2488,21.7371,5.3979,34
2489,22.6571,5.2806,34
2490,22.3903,6.3869,34
2491,22.2247,5.6302,34
2492,22.2201,5.4071,34
2493,21.2311,5.9867,34
2494,21.767,6.2696,34
2495,21.7233,6.5387,34
2496,22.2569,5.8441,34
2497,21.583,3.7925,34
2498,21.2541,5.5934,34
