p3101,328425,159826,10
p3102,341137,78287,10
p3103,317771,154916,10
p3104,336266,148507,10
p3105,342066,119083,10
p3106,297177,88467,10
p3107,280519,165350,10
p3108,305901,166656,10
p3109,284757,175853,10
p3110,281732,221764,10
p3111,321262,178491,10
p3112,344710,213543,10
p3113,311408,168232,10
p3114,356500,188114,10
p3115,304376,222294,10
p3116,278116,185472,10
p3117,247892,115217,10
p3118,306326,164202,10
p3119,311516,94189,10
p3120,323747,163351,10
p3121,321778,158339,10
p3122,309501,166931,10
p3123,333942,143344,10
p3124,339393,209145,10
p3125,340996,170964,10
p3126,315333,144566,10
p3127,332853,168141,10
p3128,290958,168323,10
p3129,297731,175876,10
p3130,280274,182662,10
p3131,306540,193434,10
p3132,319155,159850,10
p3133,355168,114823,10
p3134,270201,236813,10
p3135,347630,120931,10
p3136,446538,180119,11
p3137,371052,147369,10
p3138,403365,215735,10
p3139,258201,153095,10
p3140,335121,214149,10
p3141,283786,133973,10
p3142,353951,133923,10
p3143,345069,165968,10
p3144,367079,183232,10
p3145,363932,228249,10
p3146,354132,161850,10
p3147,390538,157197,10
p3148,333805,148479,10
p3149,325344,159885,10
p3150,323905,168029,10
p3151,274495,182470,10
p3152,309684,150076,10
p3153,381617,157000,10
p3154,322841,169735,10
p3155,359520,132845,10
p3156,249616,144446,10
p3157,321620,169950,10
p3158,415495,116126,10
p3159,335742,196692,10
p3160,271424,251323,10
p3161,340066,152500,10
p3162,327734,163585,10
p3163,346079,220993,10
p3164,276741,143844,10
p3165,377042,182019,10
p3166,400055,131725,10
p3167,332246,172932,10
p3168,310386,171068,10
p3169,327569,158418,10
p3170,324444,166910,10
p3171,317217,163896,10
p3172,270404,183080,10
p3173,277512,151920,10
p3174,324966,170021,10
p3175,306421,145493,10
p3176,382419,110392,10
p3177,318266,171979,10
p3178,321245,141627,10
p3179,318192,170844,10
p3180,320821,165455,10
p3181,329029,204399,10
p3182,311065,219934,10
p3183,287127,192494,10
p3184,283571,109326,10
p3185,308748,199866,10
p3186,369490,164369,10
p3187,270729,67329,10
p3188,279010,181792,10
p3189,282957,179982,10
p3190,308489,145929,10
p3191,327927,168535,10
p3192,327022,161396,10
p3193,376557,109320,10
p3194,248427,146381,10
p3195,321182,150806,10
p3196,312337,154488,10
p3197,268518,181514,10
p3198,285865,167818,10
p3199,279251,184486,10
p3200,306042,66361,10
p3201,318215,180010,10
p3202,293978,197091,10
p3203,338044,233264,10
p3204,293864,241877,10
p3205,344380,183817,10
p3206,316257,171544,10
p3207,248779,111087,10
p3208,313783,177198,10
p3209,415534,110526,10
p3210,296164,96874,10
p3211,315670,160928,10
p3212,339137,160334,10
p3213,290700,196285,10
p3214,307107,174760,10
p3215,325279,168587,10
p3216,328423,161604,10
p3217,333883,276840,10
p3218,308555,134011,10
p3219,322101,164171,10
p3220,306357,123397,10
p3221,292931,125341,10
p3222,284378,223470,10
p3223,335003,151395,10
p3224,267212,158699,10
p3225,343851,193618,10
p3226,296627,93375,10
p3227,334980,143900,10
p3228,335235,180161,10
p3229,360945,167952,10
p3230,257841,193878,10
p3231,275288,212315,10
p3232,331798,143962,10
p3233,333937,51121,10
p3234,328775,156501,10
p3235,319829,168353,10
p3236,293201,192871,10
p3237,327608,177638,10
p3238,332562,174699,10
p3239,348815,150017,10
p3240,312227,159417,10
p3241,324337,162686,10
p3242,323329,93955,10
p3243,291973,127483,10
p3244,258779,106777,10
p3245,325360,134919,10
p3246,267264,153034,10
p3247,312421,170617,10
p3248,293350,175997,10
p3249,275459,190178,10
p3250,244344,185382,10
p3251,252845,181181,10
p3252,357923,192120,10
p3253,382720,263255,10
p3254,326040,156509,10
p3255,165104,543395,9
p3256,139903,592241,9
p3257,132705,557674,9
p3258,114311,601605,9
p3259,102460,533057,9
p3260,185935,554627,9
p3261,123441,594415,9
p3262,97216,564094,9
p3263,110948,539533,9
p3264,101553,517715,9
p3265,133023,574572,9
p3266,144570,573936,9
p3267,136531,557658,9
p3268,173576,507309,9
p3269,179189,536028,9
p3270,141238,557986,9
p3271,156430,615117,9
p3272,69169,631490,9
p3273,31842,565765,9
p3274,144620,575370,9
p3275,155899,561715,9
p3276,137451,555339,9
p3277,68388,574380,9
p3278,166290,521714,9
p3279,210499,526471,9
p3280,148319,584541,9
p3281,135336,552552,9
p3282,136606,562296,9
p3283,136301,569544,9
p3284,119386,620549,9
p3285,139212,557713,9
p3286,84501,604671,9
p3287,176602,574552,9
p3288,105945,528795,9
p3289,140989,537156,9
p3290,138449,555969,9
p3291,128669,574591,9
p3292,95749,602775,9
p3293,139460,557260,9
p3294,130440,562623,9
p3295,147885,527813,9
p3296,58190,608304,9
p3297,151701,574146,9
p3298,148385,538149,9
p3299,142668,544976,9
p3300,145251,553486,9
p3301,142265,546135,9
p3302,202913,525966,9
p3303,192564,547558,9
p3304,179240,577011,9
p3305,182840,584262,9
p3306,144242,557674,9
p3307,135849,550612,9
p3308,101427,615890,9
p3309,143265,548387,9
p3310,112379,547679,9
p3311,137347,622867,9
p3312,139146,569516,9
p3313,125756,579609,9
p3314,77109,512651,9
p3315,138073,556272,9
p3316,202547,601240,9
p3317,19835,570290,9
p3318,118137,579149,9
p3319,201324,574588,9
p3320,113259,568684,9
p3321,139052,610320,9
p3322,177246,571940,9
p3323,107972,601191,9
p3324,138199,541774,9
p3325,220156,589643,9
p3326,137787,566189,9
p3327,138122,557230,9
p3328,93136,613387,9
p3329,154620,576738,9
p3330,131523,568207,9
p3331,136967,565662,9
p3332,142886,556511,9
p3333,125005,540340,9
p3334,138965,558201,9
p3335,139474,569485,9
p3336,171471,576787,9
p3337,157138,565993,9
p3338,198294,552987,9
p3339,136078,547418,9
p3340,140164,531093,9
p3341,156003,502860,9
p3342,67867,545392,9
p3343,133780,533275,9
p3344,116142,550919,9
p3345,148510,579793,9
p3346,179224,584189,9
p3347,149906,546909,9
p3348,29760,557873,9
p3349,115287,602637,9
p3350,206561,574789,9
p3351,108651,521409,9
p3352,115905,560139,9
p3353,127373,549518,9
p3354,141699,530028,9
p3355,141641,557376,9
p3356,111855,531542,9
p3357,136580,553967,9
p3358,137516,556818,9
p3359,179793,483378,9
p3360,105568,584102,9
p3361,125840,520239,9
p3362,117212,565692,9
p3363,140717,554093,9
p3364,139033,593287,9
p3365,172882,571145,9
p3366,104862,608089,9
p3367,158366,537970,9
p3368,138525,534268,9
p3369,69565,599820,9
p3370,94571,528963,9
p3371,153185,562792,9
p3372,147599,513563,9
p3373,223226,546198,9
p3374,143879,536650,9
p3375,151099,518008,9
p3376,109317,531425,9
p3377,127202,525948,9
p3378,137740,618961,9
p3379,138734,557713,9
p3380,109912,565003,9
p3381,158060,525533,9
p3382,260096,530550,8
p3383,134449,557556,9
p3384,121650,599844,9
p3385,188992,563992,9
p3386,207218,589497,9
p3387,179830,547383,9
p3388,152331,529689,9
p3389,112184,530469,9
p3390,166904,503121,9
p3391,183026,545377,9
p3392,152658,569277,9
p3393,172116,513383,9
p3394,95899,530846,9
p3395,144325,538991,9
p3396,166597,572855,9
p3397,105193,596017,9
p3398,166840,562425,9
p3399,117089,561455,9
p3400,141718,549576,9
p3401,117959,536156,9
p3402,125351,529954,9
p3403,140706,547367,9
p3404,138012,558263,9
p3405,135284,555664,9
p3406,142663,556520,9
p3407,112673,516997,9
p3408,137657,611252,9
p3409,119237,591137,9
p3410,186380,487625,9
p3411,113099,546732,9
p3412,176278,550602,9
p3413,158773,588778,9
p3414,140962,518168,9
p3415,144856,551807,9
p3416,155943,576199,9
p3417,152584,564548,9
p3418,165356,570715,9
p3419,127858,609681,9
p3420,257984,555707,8
p3421,149758,564768,9
p3422,129550,560106,9
p3423,159271,568953,9
p3424,151374,538387,9
p3425,129030,588495,9
p3426,155430,549012,9
p3427,172756,612694,9
p3428,93459,514032,9
p3429,99569,523174,9
p3430,148080,544056,9
p3431,169322,577938,9
p3432,173847,514665,9
p3433,136418,562926,9
p3434,140047,540043,9
p3435,74519,527539,9
p3436,146681,562995,9
p3437,110877,562558,9
p3438,95071,503965,9
p3439,136232,576477,9
p3440,146120,576624,9
p3441,259173,548593,8
p3442,107965,535173,9
p3443,103153,601002,9
p3444,158283,570550,9
p3445,206219,604081,9
p3446,116492,509399,9
p3447,97430,598804,9
p3448,193275,538687,9
p3449,116860,550810,9
p3450,179834,541387,9
p3451,143226,522375,9
p3452,111174,539350,9
p3453,94933,588147,9
p3454,139434,557410,9
p3455,131532,536658,9
p3456,38179,532155,9
p3457,113321,606322,9
p3458,123905,508486,9
p3459,201753,569116,9
p3460,206660,575002,9
p3461,138884,529162,9
p3462,139636,565984,9
p3463,110479,594587,9
p3464,76253,529394,9
p3465,160280,493497,9
p3466,161475,587507,9
p3467,149054,556986,9
p3468,223408,520131,9
p3469,158596,562634,9
p3470,141991,539522,9
p3471,137172,523482,9
p3472,161154,538355,9
p3473,130157,581286,9
p3474,142000,554964,9
p3475,86243,559135,9
p3476,130883,557824,9
p3477,127964,538935,9
p3478,122130,568886,9
p3479,210597,589836,9
p3480,139847,552015,9
p3481,147664,559632,9
p3482,167716,562762,9
p3483,130657,555545,9
p3484,165382,518876,9
p3485,221994,575146,9
p3486,87236,607429,9
p3487,154268,542573,9
p3488,197367,535989,9
p3489,133094,557996,9
p3490,155274,552551,9
p3491,139911,561185,9
p3492,146924,565933,9
p3493,146183,622188,9
p3494,176092,531921,9
p3495,184402,546549,9
p3496,139641,557503,9
p3497,170816,547069,9
p3498,156474,570384,9
p3499,146678,558942,9
p3500,136569,532130,9
p3501,162124,500069,9
p3502,127503,623654,9
p3503,182854,534283,9
p3504,141222,572556,9
p3505,177665,557923,9
p3506,201907,516078,9
p3507,130249,579307,9
p3508,166560,559687,9
p3509,138220,560056,9
p3510,134725,537440,9
p3511,127940,590467,9
p3512,143592,606949,9
p3513,64979,538104,9
p3514,94061,576129,9
p3515,79285,554817,9
p3516,103192,550021,9
p3517,198823,538624,9
p3518,145758,562414,9
p3519,211584,591058,9
p3520,139451,549580,9
p3521,220224,592068,9
p3522,150404,539885,9
p3523,142767,538646,9
p3524,143912,595772,9
p3525,184412,537050,9
p3526,55359,623076,9
p3527,137197,556522,9
p3528,138461,558771,9
p3529,80673,566893,9
p3530,203667,577260,9
p3531,94249,600812,9
p3532,145244,561042,9
p3533,94458,533883,9
p3534,130201,562734,9
p3535,98675,580608,9
p3536,134422,544300,9
p3537,141771,551655,9
p3538,141924,558399,9
p3539,137316,562151,9
p3540,143363,551365,9
p3541,197849,575524,9
p3542,134261,519275,9
p3543,129997,568115,9
p3544,170494,560892,9
p3545,164453,544085,9
p3546,128788,546091,9
p3547,88703,577217,9
p3548,131109,568012,9
p3549,95074,570002,9
p3550,232047,522748,9
p3551,125548,552424,9
p3552,142563,560090,9
p3553,118391,553625,9
p3554,132497,593125,9
p3555,162713,586568,9
p3556,122296,566921,9
p3557,56907,586609,9
p3558,48143,523870,9
p3559,104489,542515,9
p3560,130582,565948,9
p3561,180633,570302,9
p3562,241485,523039,9
p3563,178005,594957,9
p3564,211266,534538,9
p3565,137680,555667,9
p3566,144401,565666,9
p3567,101722,535117,9
p3568,115781,594942,9
p3569,107160,530936,9
p3570,139978,587153,9
p3571,179931,536588,9
p3572,105353,589239,9
p3573,119496,543146,9
p3574,142575,517378,9
p3575,76661,531044,9
p3576,137699,556769,9
p3577,154964,554923,9
p3578,142516,559062,9
p3579,98525,579761,9
p3580,163925,576666,9
p3581,153326,558408,9
p3582,262846,559590,8
p3583,102898,592834,9
p3584,138349,554238,9
p3585,193502,557364,9
p3586,202175,495076,9
p3587,154162,536416,9
p3588,77875,516899,9
p3589,163477,561507,9
p3590,131874,552586,9
p3591,120357,560737,9
p3592,119535,551857,9
p3593,114108,540537,9
p3594,136059,558213,9
p3595,121786,564225,9
p3596,233105,591646,9
p3597,149760,577278,9
p3598,139237,548782,9
p3599,34795,606311,9
p3600,147663,555514,9
p3601,108512,525986,9
p3602,509279,180548,11
p3603,495165,163113,11
p3604,474652,193224,11
p3605,507786,199578,11
p3606,566666,195255,11
p3607,506012,178372,11
p3608,541435,206637,11
p3609,507311,177795,11
p3610,461701,188438,11
p3611,506069,169723,11
p3612,477155,161019,11
p3613,505044,180646,11
p3614,467697,168082,11
p3615,511868,170991,11
p3616,500225,177559,11
p3617,460616,174810,11
p3618,573755,218049,11
p3619,543616,144788,11
p3620,509804,175714,11
p3621,542311,161882,11
p3622,475944,189337,11
p3623,517750,199025,11
p3624,520952,169184,11
p3625,559076,190770,11
p3626,416763,96639,10
p3627,549384,208450,11
p3628,549147,171454,11
p3629,520880,200955,11
p3630,484348,202813,11
p3631,487472,166999,11
p3632,504728,174541,11
p3633,465734,114090,11
p3634,570266,188032,11
p3635,505584,176135,11
p3636,514739,189624,11
p3637,500589,181466,11
p3638,504096,192493,11
p3639,553118,165472,11
p3640,502511,205121,11
p3641,551798,221411,11
p3642,502737,174437,11
p3643,513181,177419,11
p3644,513010,141058,11
p3645,535564,177248,11
p3646,514551,176526,11
p3647,450030,169537,11
p3648,521152,152439,11
p3649,505512,203857,11
p3650,509928,184873,11
p3651,490271,216725,11
p3652,529931,180136,11
p3653,508228,220433,11
p3654,534461,178056,11
p3655,508551,174306,11
p3656,545365,210090,11
p3657,510414,142485,11
p3658,507895,177445,11
p3659,506288,177990,11
p3660,512560,224816,11
p3661,454160,102568,11
p3662,437116,148591,11
p3663,519003,160741,11
p3664,509173,178051,11
p3665,507674,147431,11
p3666,513562,229098,11
p3667,473361,185066,11
p3668,517580,170329,11
p3669,509285,174620,11
p3670,510496,174308,11
p3671,438860,114065,11
p3672,534702,244239,11
p3673,504755,150226,11
p3674,474135,199330,11
p3675,508907,173787,11
p3676,509651,149290,11
p3677,490956,124550,11
p3678,499637,194036,11
p3679,515856,148316,11
p3680,482568,159010,11
p3681,522728,184704,11
p3682,493070,189771,11
p3683,483807,198925,11
p3684,469656,153741,11
p3685,470041,102049,11
p3686,576965,187481,11
p3687,515230,149567,11
p3688,469470,189347,11
p3689,484678,123623,11
p3690,509554,186931,11
p3691,480787,147737,11
p3692,523036,123677,11
p3693,508144,167733,11
p3694,515450,173220,11
p3695,489378,172861,11
p3696,497406,125809,11
p3697,514173,139330,11
p3698,520809,176718,11
p3699,499009,205823,11
p3700,509773,148899,11
p3701,505117,141877,11
p3702,494698,176711,11
p3703,501334,163002,11
p3704,502500,176532,11
p3705,546565,151576,11
p3706,520878,209094,11
p3707,486891,175164,11
p3708,512241,169240,11
p3709,569692,182365,11
p3710,491382,122267,11
p3711,457033,127590,11
p3712,535453,200970,11
p3713,436641,55171,11
p3714,520845,176291,11
p3715,496130,178113,11
p3716,507473,227670,11
p3717,507092,175151,11
p3718,493714,173387,11
p3719,528826,154067,11
p3720,509951,176794,11
p3721,505400,160422,11
p3722,473316,162622,11
p3723,489504,146224,11
p3724,516888,152451,11
p3725,505128,175022,11
p3726,520819,181586,11
p3727,506812,167031,11
p3728,495032,203929,11
p3729,508789,174256,11
p3730,502302,210265,11
p3731,511106,122518,11
p3732,486997,164803,11
p3733,535787,199735,11
p3734,540364,163758,11
p3735,496006,191010,11
p3736,497454,172375,11
p3737,488330,173837,11
p3738,547076,156969,11
p3739,509956,141698,11
p3740,516084,178725,11
p3741,535034,172649,11
p3742,529858,213114,11
p3743,496384,166644,11
p3744,519201,139101,11
p3745,575022,213534,11
p3746,469404,181944,11
p3747,464672,193513,11
p3748,491609,180519,11
p3749,470314,178936,11
p3750,481067,172555,11
p3751,508797,176269,11
p3752,491145,206344,11
p3753,485361,169229,11
p3754,474527,107596,11
p3755,499643,171625,11
p3756,514722,190943,11
p3757,474641,81263,11
p3758,495995,160032,11
p3759,516963,174184,11
p3760,521006,163218,11
p3761,434581,123267,11
p3762,514876,182995,11
p3763,501416,172980,11
p3764,513991,165072,11
p3765,512900,219252,11
p3766,510739,121103,11
p3767,509522,174376,11
p3768,507862,172954,11
p3769,512716,181316,11
p3770,483423,111797,11
p3771,505603,147517,11
p3772,482628,171320,11
p3773,541790,172616,11
p3774,473649,178184,11
p3775,520763,250478,11
p3776,494000,189403,11
p3777,533931,173291,11
p3778,485110,150541,11
p3779,528679,199079,11
p3780,545699,174099,11
p3781,517495,186329,11
p3782,520461,173217,11
p3783,456821,105575,11
p3784,495388,156422,11
p3785,514934,219169,11
p3786,508989,168995,11
p3787,500474,169746,11
p3788,504511,149234,11
p3789,467144,147308,11
p3790,512733,174091,11
p3791,452791,156805,11
p3792,488800,197919,11
p3793,593887,210595,11
p3794,561725,168220,11
p3795,528011,201615,11
p3796,514428,222503,11
p3797,512051,145220,11
p3798,472054,129986,11
p3799,507959,166780,11
p3800,518068,137556,11
p3801,561110,219865,11
p3802,563315,215613,11
p3803,523779,163905,11
p3804,490037,164357,11
p3805,519421,154681,11
p3806,504373,165819,11
p3807,513957,139202,11
p3808,486422,178919,11
p3809,533351,147778,11
p3810,511030,221292,11
p3811,496069,102201,11
p3812,496491,171534,11
p3813,497254,171940,11
p3814,518892,165875,11
p3815,481083,151953,11
p3816,507741,178883,11
p3817,486224,196184,11
p3818,509039,173839,11
p3819,462658,75167,11
p3820,519680,208378,11
p3821,499676,196897,11
p3822,480876,160465,11
p3823,521032,177084,11
p3824,486034,196122,11
p3825,505225,158750,11
p3826,485968,123023,11
p3827,478442,125560,11
p3828,502355,164119,11
p3829,502915,183059,11
p3830,497211,174121,11
p3831,537174,194410,11
p3832,505293,194591,11
p3833,491442,116195,11
p3834,473202,140745,11
p3835,505079,219082,11
p3836,541455,223176,11
p3837,528938,174372,11
p3838,528094,178343,11
p3839,520759,184923,11
p3840,538994,179328,11
p3841,507832,181513,11
p3842,493897,189627,11
p3843,514408,173338,11
p3844,514391,156592,11
p3845,513362,223841,11
p3846,443618,157237,11
p3847,477746,163845,11
p3848,480571,204150,11
p3849,486326,174643,11
p3850,505384,174535,11
p3851,541220,177840,11
p3852,522869,176818,11
p3853,497255,188783,11
p3854,545240,221008,11
p3855,512291,169608,11
p3856,576158,210283,11
p3857,508099,175066,11
p3858,545455,182232,11
p3859,537836,177165,11
p3860,508597,173640,11
p3861,507445,193647,11
p3862,524397,239456,11
p3863,527753,213985,11
p3864,528766,239937,11
p3865,481356,162127,11
p3866,541498,192746,11
p3867,506142,170513,11
p3868,494574,198972,11
p3869,477901,173288,11
p3870,509223,177592,11
p3871,532010,176195,11
p3872,541006,175198,11
p3873,490355,153464,11
p3874,566524,179796,11
p3875,550216,184337,11
p3876,516085,195504,11
p3877,523796,219588,11
p3878,511118,175212,11
p3879,445043,152257,11
p3880,497582,190801,11
p3881,514622,206979,11
p3882,479631,178459,11
p3883,496476,140337,11
p3884,498389,178069,11
p3885,506361,225237,11
p3886,519396,177174,11
p3887,529409,157228,11
p3888,501111,157402,11
p3889,514219,167014,11
p3890,558307,203307,11
p3891,545957,196749,11
p3892,508080,175697,11
p3893,589900,217899,11
p3894,509383,167302,11
p3895,474516,189144,11
p3896,498730,183037,11
p3897,473093,188791,11
p3898,471328,176297,11
p3899,510901,175806,11
p3900,559809,162597,11
p3901,499272,168413,11
p3902,514981,172608,11
p3903,511289,183247,11
p3904,455460,153040,11
p3905,519962,175210,11
p3906,532549,172894,11
p3907,516128,178722,11
p3908,519113,194925,11
p3909,502877,192740,11
p3910,520782,134308,11
p3911,574369,207483,11
p3912,515494,188459,11
p3913,486870,146947,11
p3914,484395,107291,11
p3915,504243,237336,11
p3916,483776,213021,11
p3917,536623,213083,11
p3918,544539,180391,11
p3919,502002,166223,11
p3920,500801,185558,11
p3921,525670,184762,11
p3922,481841,209337,11
p3923,494317,170837,11
p3924,521153,242968,11
p3925,473933,191767,11
p3926,524502,248106,11
p3927,487952,168607,11
p3928,460133,173081,11
p3929,453261,148432,11
p3930,491792,214464,11
p3931,497815,165151,11
p3932,515348,184750,11
p3933,598908,254032,11
p3934,558478,213316,11
p3935,538228,168834,11
p3936,464634,173867,11
p3937,518675,175686,11
p3938,533566,214619,11
p3939,540196,180312,11
p3940,500360,213540,11
p3941,517882,175467,11
p3942,549642,157506,11
p3943,511368,173673,11
p3944,506815,173387,11
p3945,500192,192292,11
p3946,533775,163036,11
p3947,511484,160453,11
p3948,489062,200329,11
p3949,537514,179689,11
p3950,551867,170425,11
p3951,406184,394506,12
p3952,417996,408162,12
p3953,428667,451233,12
p3954,425386,379634,12
p3955,388202,405780,12
p3956,370955,325071,12
p3957,353749,391896,12
p3958,398629,401626,12
p3959,393402,401018,12
p3960,465599,383470,12
p3961,400257,404936,12
p3962,444610,400247,12
p3963,392046,391220,12
p3964,410506,395586,12
p3965,508805,429073,12
p3966,424782,449687,12
p3967,384467,407359,12
p3968,397399,403186,12
p3969,449683,388863,12
p3970,387756,435588,12
p3971,451753,383440,12
p3972,414448,429790,12
p3973,394599,409068,12
p3974,387330,409037,12
p3975,402109,430185,12
p3976,393825,453067,12
p3977,412111,418466,12
p3978,397213,377839,12
p3979,361159,436327,12
p3980,383075,447616,12
p3981,383832,340506,12
p3982,402227,414685,12
p3983,411957,397796,12
p3984,377408,395123,12
p3985,417231,381303,12
p3986,442915,420573,12
p3987,415394,396940,12
p3988,420792,430901,12
p3989,397791,444527,12
p3990,385804,393101,12
p3991,384572,388523,12
p3992,402069,434868,12
p3993,414997,432597,12
p3994,392919,405103,12
p3995,396150,430329,12
p3996,439145,407748,12
p3997,401240,354085,12
p3998,424228,442208,12
p3999,336023,416862,12
p4000,351352,362910,12
p4001,413549,408517,12
p4002,341775,425156,12
p4003,424811,413300,12
p4004,402677,412615,12
p4005,419118,421655,12
p4006,354601,358760,12
p4007,410682,349328,12
p4008,399020,404042,12
p4009,392258,405478,12
p4010,353941,399967,12
p4011,411471,446824,12
p4012,397158,370362,12
p4013,431117,394746,12
p4014,395246,392783,12
p4015,400468,405703,12
p4016,354094,424230,12
p4017,352429,359750,12
p4018,358830,431609,12
p4019,387039,365758,12
p4020,395013,387179,12
p4021,400545,404212,12
p4022,435067,403802,12
p4023,394436,450912,12
p4024,376444,371957,12
p4025,433463,410297,12
p4026,426625,475977,12
p4027,424241,452915,12
p4028,396520,405610,12
p4029,347638,429109,12
p4030,374797,407601,12
p4031,451670,388347,12
p4032,373684,418326,12
p4033,412615,403902,12
p4034,392428,402295,12
p4035,389868,410718,12
p4036,383022,409854,12
p4037,468350,395883,12
p4038,373339,398565,12
p4039,383878,376230,12
p4040,434815,388041,12
p4041,368864,411216,12
p4042,321050,422497,12
p4043,276794,384458,12
p4044,383197,409869,12
p4045,381340,409680,12
p4046,415521,368125,12
p4047,404288,349685,12
p4048,367922,415238,12
p4049,422056,382193,12
p4050,407334,445969,12
p4051,373917,427628,12
p4052,422261,374345,12
p4053,392728,411341,12
p4054,336585,420977,12
p4055,401730,354294,12
p4056,401854,402867,12
p4057,401330,395538,12
p4058,393903,387227,12
p4059,399188,402459,12
p4060,389510,370897,12
p4061,399858,403574,12
p4062,343651,438750,12
p4063,388743,388465,12
p4064,398246,406245,12
p4065,400727,396769,12
p4066,399077,403968,12
p4067,402071,427626,12
p4068,405902,394724,12
p4069,383992,398245,12
p4070,372230,412488,12
p4071,418086,394699,12
p4072,400305,466024,12
p4073,380458,329635,12
p4074,338347,337961,12
p4075,411171,426853,12
p4076,392447,408539,12
p4077,375233,399429,12
p4078,385338,440797,12
p4079,397764,406712,12
p4080,414290,393146,12
p4081,394846,407130,12
p4082,402252,414628,12
p4083,332913,385678,12
p4084,396517,394572,12
p4085,388479,343648,12
p4086,405569,411933,12
p4087,444816,409502,12
p4088,393659,439272,12
p4089,415222,434798,12
p4090,396621,381952,12
p4091,416893,347737,12
p4092,398980,407667,12
p4093,404273,429948,12
p4094,397851,400846,12
p4095,447192,359893,12
p4096,350428,392503,12
p4097,451853,420873,12
p4098,402566,415798,12
p4099,362753,369848,12
p4100,407188,396576,12
p4101,380139,434251,12
p4102,409167,449719,12
p4103,405470,392374,12
p4104,359036,365793,12
p4105,398617,402424,12
p4106,408714,391412,12
p4107,382222,441817,12
p4108,403751,385539,12
p4109,400548,402390,12
p4110,393828,404314,12
p4111,373943,376926,12
p4112,390182,360941,12
p4113,391776,409868,12
p4114,342501,336320,12
p4115,401923,417123,12
p4116,342400,426090,12
p4117,405325,407466,12
p4118,369480,377148,12
p4119,416110,374296,12
p4120,401162,412142,12
p4121,442931,430123,12
p4122,478361,409520,12
p4123,401313,405195,12
p4124,357466,354094,12
p4125,417617,414816,12
p4126,417281,410881,12
p4127,470047,410943,12
p4128,378824,430343,12
p4129,369227,397853,12
p4130,397918,462032,12
p4131,397331,407010,12
p4132,427810,400178,12
p4133,401708,409924,12
p4134,426172,363147,12
p4135,401411,414503,12
p4136,409823,412908,12
p4137,386068,422517,12
p4138,398255,405428,12
p4139,346358,384801,12
p4140,397735,448097,12
p4141,348847,425164,12
p4142,394761,461494,12
p4143,357253,388075,12
p4144,402267,410395,12
p4145,415233,441297,12
p4146,404445,402466,12
p4147,408224,399767,12
p4148,369044,371649,12
p4149,343119,382074,12
p4150,416750,435776,12
p4151,387103,401925,12
p4152,368200,364844,12
p4153,393758,439738,12
p4154,418623,404382,12
p4155,402660,406054,12
p4156,427749,457110,12
p4157,405356,391545,12
p4158,432184,395118,12
p4159,322936,368566,12
p4160,402710,424367,12
p4161,456025,389630,12
p4162,395450,407822,12
p4163,377941,403683,12
p4164,407576,434017,12
p4165,348263,386451,12
p4166,391966,387214,12
p4167,392576,406460,12
p4168,380236,460907,12
p4169,398153,407081,12
p4170,399942,385908,12
p4171,398795,472619,12
p4172,467535,416014,12
p4173,377758,413906,12
p4174,398724,404179,12
p4175,396710,378698,12
p4176,377588,402670,12
p4177,408992,462226,12
p4178,423371,373970,12
p4179,412861,434751,12
p4180,403160,392159,12
p4181,395168,404189,12
p4182,399346,423786,12
p4183,409244,460295,12
p4184,429515,393708,12
p4185,370602,353215,12
p4186,356739,417826,12
p4187,408147,436628,12
p4188,436362,379677,12
p4189,399291,386712,12
p4190,396081,396707,12
p4191,419200,403389,12
p4192,383855,390984,12
p4193,370252,347498,12
p4194,460198,402706,12
p4195,418046,358461,12
p4196,408500,393942,12
p4197,397618,404912,12
p4198,392660,395873,12
p4199,406739,400918,12
p4200,439048,403700,12
p4201,392424,375266,12
p4202,379128,418858,12
p4203,391970,419802,12
p4204,389279,424006,12
p4205,468907,448885,12
p4206,410601,410653,12
p4207,396556,406492,12
p4208,417795,405673,12
p4209,375971,427549,12
p4210,414374,439977,12
p4211,368363,409733,12
p4212,402081,407514,12
p4213,399753,404222,12
p4214,424840,479570,12
p4215,381863,416651,12
p4216,394606,401451,12
p4217,389520,406500,12
p4218,418140,415328,12
p4219,387461,394402,12
p4220,391384,413273,12
p4221,391439,399819,12
p4222,365223,422531,12
p4223,407189,437102,12
p4224,415933,422485,12
p4225,402031,426039,12
p4226,428513,456990,12
p4227,382396,405483,12
p4228,368166,429422,12
p4229,418636,440000,12
p4230,411674,402377,12
p4231,424365,371987,12
p4232,394159,411676,12
p4233,371548,414612,12
p4234,460628,434107,12
p4235,399717,403257,12
p4236,361875,448199,12
p4237,393424,399084,12
p4238,333682,401078,12
p4239,377870,377550,12
p4240,405117,364266,12
p4241,452398,378671,12
p4242,397889,398501,12
p4243,424089,352640,12
p4244,417494,392231,12
p4245,402851,395579,12
p4246,376493,366302,12
p4247,460684,371809,12
p4248,449571,387141,12
p4249,405322,414743,12
p4250,420489,448078,12
p4251,377975,461076,12
p4252,492551,434649,12
p4253,477323,384551,12
p4254,359740,379592,12
p4255,429653,438596,12
p4256,361814,411086,12
p4257,400660,404811,12
p4258,410418,409414,12
p4259,392162,355397,12
p4260,376145,414107,12
p4261,371464,328177,12
p4262,379593,380662,12
p4263,448231,384406,12
p4264,404157,406324,12
p4265,420616,401526,12
p4266,398985,413427,12
p4267,400538,407020,12
p4268,391530,398743,12
p4269,408182,408351,12
p4270,435926,408504,12
p4271,411090,435389,12
p4272,398311,383357,12
p4273,409291,431539,12
p4274,399460,399410,12
p4275,400473,408327,12
p4276,399693,395271,12
p4277,431437,436764,12
p4278,312123,419763,12
p4279,411053,432808,12
p4280,401616,404245,12
p4281,364455,436191,12
p4282,407833,402474,12
p4283,367864,442851,12
p4284,437870,375761,12
p4285,308726,371721,12
p4286,418996,389541,12
p4287,371498,393120,12
p4288,407429,399155,12
p4289,380749,403860,12
p4290,399997,411205,12
p4291,377215,418429,12
p4292,380202,396671,12
p4293,436034,385951,12
p4294,395210,357805,12
p4295,415136,446807,12
p4296,315013,318367,12
p4297,372424,413163,12
p4298,340966,420480,12
p4299,354767,417464,12
p4300,387165,404027,12
p4301,854654,549222,6
p4302,889260,541423,6
p4303,870826,524625,6
p4304,868025,569296,6
p4305,861364,598127,6
p4306,825141,535997,6
p4307,906640,587296,6
p4308,906396,535803,6
p4309,887896,558572,6
p4310,817776,525600,6
p4311,844066,546029,6
p4312,848976,558706,6
p4313,897131,604582,6
p4314,845120,549830,6
p4315,872241,556733,6
p4316,857818,534525,6
p4317,794265,594573,6
p4318,857126,548151,6
p4319,842786,614034,6
p4320,889975,589361,6
p4321,841130,529745,6
p4322,813561,583156,6
p4323,855603,542414,6
p4324,887556,531797,6
p4325,837032,509264,6
p4326,852037,649724,5
p4327,793791,581315,6
p4328,904450,533427,6
p4329,879722,550246,6
p4330,839088,528460,6
p4331,869369,536868,6
p4332,871873,509094,6
p4333,900991,497149,6
p4334,919544,541255,6
p4335,860520,544023,6
p4336,863042,557890,6
p4337,889805,522039,6
p4338,879031,489881,6
p4339,852918,552112,6
p4340,903840,586229,6
p4341,932662,537069,6
p4342,908506,549611,6
p4343,867533,542290,6
p4344,844617,499013,6
p4345,862002,534006,6
p4346,883981,607581,6
p4347,864265,549505,6
p4348,883062,547498,6
p4349,860870,546516,6
p4350,895565,501871,6
p4351,843344,604964,6
p4352,864059,545894,6
p4353,830888,544022,6
p4354,858819,544904,6
p4355,853562,531620,6
p4356,873791,606643,6
p4357,859213,538040,6
p4358,841843,503359,6
p4359,842719,506205,6
p4360,847904,574114,6
p4361,863859,546898,6
p4362,888919,535805,6
p4363,855045,547633,6
p4364,863102,545783,6
p4365,829747,530312,6
p4366,850607,565348,6
p4367,810277,520837,6
p4368,879104,595389,6
p4369,840406,538772,6
p4370,838367,536676,6
p4371,837457,518745,6
p4372,861519,531277,6
p4373,816056,542574,6
p4374,862534,547936,6
p4375,808555,600511,6
p4376,862571,550965,6
p4377,832010,554080,6
p4378,882403,534710,6
p4379,840020,568424,6
p4380,865030,541150,6
p4381,846594,522941,6
p4382,890223,556874,6
p4383,873136,513309,6
p4384,846622,553552,6
p4385,905770,531812,6
p4386,803216,577565,6
p4387,914183,620056,6
p4388,877510,555087,6
p4389,861193,573954,6
p4390,840994,578455,6
p4391,875640,561262,6
p4392,876782,536438,6
p4393,849501,552769,6
p4394,866973,550375,6
p4395,906382,534459,6
p4396,822722,553764,6
p4397,861656,545794,6
p4398,856991,546255,6
p4399,865081,551012,6
p4400,895680,609341,6
p4401,867801,548156,6
p4402,846324,557586,6
p4403,840059,534876,6
p4404,860473,545982,6
p4405,937823,540173,6
p4406,886532,500026,6
p4407,904133,534915,6
p4408,880545,506175,6
p4409,833499,504718,6
p4410,854979,539793,6
p4411,818739,545052,6
p4412,825596,639465,5
p4413,838036,542999,6
p4414,846216,528037,6
p4415,850790,525740,6
p4416,864040,538985,6
p4417,869818,543227,6
p4418,879309,561548,6
p4419,860563,534839,6
p4420,846082,541026,6
p4421,860151,543055,6
p4422,847292,559228,6
p4423,838239,576018,6
p4424,837307,548214,6
p4425,853093,586321,6
p4426,884326,479802,6
p4427,838978,622330,6
p4428,842903,567914,6
p4429,832490,450680,6
p4430,844948,563321,6
p4431,859577,544625,6
p4432,908409,591215,6
p4433,819843,570485,6
p4434,875625,599766,6
p4435,887780,536497,6
p4436,884613,507507,6
p4437,849858,524682,6
p4438,846741,539481,6
p4439,870630,516603,6
p4440,843111,581603,6
p4441,869718,536928,6
p4442,857648,511640,6
p4443,881571,532467,6
p4444,860230,528054,6
p4445,861966,562885,6
p4446,898736,548642,6
p4447,961951,577029,6
p4448,866878,501919,6
p4449,874791,559085,6
p4450,874239,594786,6
p4451,915504,527751,6
p4452,758172,608152,6
p4453,859515,505303,6
p4454,861033,507671,6
p4455,837880,444574,6
p4456,827672,545966,6
p4457,869960,562146,6
p4458,858151,548242,6
p4459,877440,529137,6
p4460,821835,564313,6
p4461,846371,578530,6
p4462,829482,475863,6
p4463,860507,526669,6
p4464,878696,530134,6
p4465,837312,572687,6
p4466,886773,509047,6
p4467,879805,547494,6
p4468,859679,541785,6
p4469,910683,612854,6
p4470,860863,546060,6
p4471,874110,541972,6
p4472,790149,565157,6
p4473,873984,580836,6
p4474,873742,448214,6
p4475,894785,440382,6
p4476,874312,574582,6
p4477,879902,518647,6
p4478,851462,526597,6
p4479,839012,550376,6
p4480,808097,502521,6
p4481,879500,590791,6
p4482,864721,548447,6
p4483,866044,584750,6
p4484,876151,582116,6
p4485,819250,517655,6
p4486,807278,566392,6
p4487,872033,558924,6
p4488,894268,532597,6
p4489,846752,613846,6
p4490,850478,566230,6
p4491,849777,531138,6
p4492,823584,568458,6
p4493,823202,619103,6
p4494,843715,568319,6
p4495,861023,545953,6
p4496,889743,560547,6
p4497,862785,579661,6
p4498,880833,537039,6
p4499,854374,550707,6
p4500,842616,515205,6
p4501,860721,547751,6
p4502,831024,505776,6
p4503,829240,591428,6
p4504,860384,555572,6
p4505,853348,525893,6
p4506,849118,571562,6
p4507,856167,542249,6
p4508,853874,560250,6
p4509,838808,524944,6
p4510,814561,575281,6
p4511,773292,531652,6
p4512,891515,520429,6
p4513,805884,549492,6
p4514,833437,556713,6
p4515,843432,490725,6
p4516,791355,529644,6
p4517,865157,562132,6
p4518,920249,551171,6
p4519,808777,512952,6
p4520,898916,630099,6
p4521,863706,491401,6
p4522,857231,551055,6
p4523,877413,541536,6
p4524,838821,563842,6
p4525,854037,528890,6
p4526,824475,518063,6
p4527,857360,562228,6
p4528,856437,532452,6
p4529,862117,600081,6
p4530,839280,539324,6
p4531,885379,603686,6
p4532,859185,553000,6
p4533,865020,550686,6
p4534,882007,593653,6
p4535,861027,546004,6
p4536,846772,509036,6
p4537,844627,556401,6
p4538,861069,548327,6
p4539,854342,541611,6
p4540,844086,531300,6
p4541,923996,594948,6
p4542,832154,559403,6
p4543,803202,549001,6
p4544,856619,544008,6
p4545,897286,558004,6
p4546,851216,516166,6
p4547,858537,548576,6
p4548,828001,524067,6
p4549,849327,548496,6
p4550,858278,544519,6
p4551,793875,473793,6
p4552,766617,548142,6
p4553,847728,576707,6
p4554,858418,546935,6
p4555,816840,539239,6
p4556,852687,540692,6
p4557,861927,562723,6
p4558,892382,513991,6
p4559,811745,461099,6
p4560,800152,576217,6
p4561,870139,566584,6
p4562,859492,572224,6
p4563,830226,483466,6
p4564,850674,533083,6
p4565,834632,541216,6
p4566,899052,526048,6
p4567,925485,596955,6
p4568,893145,551400,6
p4569,839493,521150,6
p4570,883434,581923,6
p4571,873380,495161,6
p4572,765011,607246,6
p4573,898578,612291,6
p4574,906772,510158,6
p4575,858325,586062,6
p4576,795909,462864,6
p4577,812634,554848,6
p4578,846841,533595,6
p4579,810817,509540,6
p4580,826192,577784,6
p4581,856552,545271,6
p4582,848628,503773,6
p4583,784291,581417,6
p4584,890613,567037,6
p4585,870936,575427,6
p4586,851166,532382,6
p4587,871544,592403,6
p4588,870337,534303,6
p4589,819580,545900,6
p4590,912649,498734,6
p4591,870214,556246,6
p4592,853279,560714,6
p4593,857319,543529,6
p4594,878519,606677,6
p4595,858057,542933,6
p4596,860375,544804,6
p4597,888111,525539,6
p4598,892877,544283,6
p4599,788776,582930,6
p4600,875311,542259,6
p4601,875248,462524,6
p4602,835831,555864,6
p4603,885828,586348,6
p4604,916704,609548,6
p4605,893991,544467,6
p4606,866352,535933,6
p4607,872247,494281,6
p4608,832372,600070,6
p4609,902302,514170,6
p4610,877298,565604,6
p4611,873636,510687,6
p4612,854818,554389,6
p4613,915666,506439,6
p4614,905849,524809,6
p4615,862062,545736,6
p4616,871981,649086,5
p4617,900829,590250,6
p4618,859419,546754,6
p4619,855983,534803,6
p4620,916082,517633,6
p4621,874877,535143,6
p4622,885963,528959,6
p4623,853439,518568,6
p4624,855177,626376,6
p4625,814249,488483,6
p4626,857283,548467,6
p4627,865489,548920,6
p4628,913686,576892,6
p4629,880275,564545,6
p4630,861381,546835,6
p4631,880958,588608,6
p4632,868979,528502,6
p4633,872237,555834,6
p4634,861868,549168,6
p4635,836951,546244,6
p4636,836874,555991,6
p4637,769546,554722,6
p4638,855074,542557,6
p4639,868128,568529,6
p4640,878859,540155,6
p4641,852267,498220,6
p4642,874125,543036,6
p4643,846646,548548,6
p4644,851517,541076,6
p4645,806888,492319,6
p4646,831779,577161,6
p4647,860259,545444,6
p4648,892423,530999,6
p4649,838442,506780,6
p4650,853291,557685,6
p4651,730887,825972,4
p4652,645233,927201,4
p4653,645563,819480,4
p4654,573324,878802,4
p4655,693699,822637,4
p4656,649412,856993,4
p4657,684558,878573,4
p4658,656658,854609,4
p4659,651506,856097,4
p4660,618405,842859,4
p4661,667280,765619,4
p4662,600996,890782,4
p4663,674463,862486,4
p4664,676694,851597,4
p4665,620685,880813,4
p4666,716590,874975,4
p4667,721401,951880,4
p4668,657094,857640,4
p4669,644693,867371,4
p4670,633601,861482,4
p4671,673646,857346,4
p4672,657184,855509,4
p4673,708244,871834,4
p4674,659081,860560,4
p4675,657811,885904,4
p4676,642843,909185,4
p4677,709303,897538,4
p4678,610505,851476,4
p4679,612648,772280,4
p4680,673196,812941,4
p4681,673267,883727,4
p4682,694451,863981,4
p4683,678869,902492,4
p4684,690018,819280,4
p4685,677983,890077,4
p4686,639997,865965,4
p4687,709254,847444,4
p4688,679799,858680,4
p4689,664355,831472,4
p4690,659166,861665,4
p4691,692386,863386,4
p4692,688076,833905,4
p4693,680506,840053,4
p4694,641840,886745,4
p4695,673292,857105,4
p4696,622212,860015,4
p4697,736557,897961,4
p4698,668234,886696,4
p4699,675013,876331,4
p4700,675902,853961,4
p4701,695092,820091,4
p4702,730287,897070,4
p4703,691716,873426,4
p4704,722404,952207,4
p4705,678606,878004,4
p4706,664156,846474,4
p4707,688118,911574,4
p4708,674492,861230,4
p4709,675382,836312,4
p4710,664639,925795,4
p4711,626334,852383,4
p4712,669690,842110,4
p4713,653177,819935,4
p4714,674265,861435,4
p4715,677404,883871,4
p4716,672212,860894,4
p4717,715956,900724,4
p4718,674236,877152,4
p4719,679818,860064,4
p4720,578509,923881,4
p4721,680381,823757,4
p4722,720629,816515,4
p4723,640210,902029,4
p4724,671772,860357,4
p4725,618009,867493,4
p4726,672628,882986,4
p4727,680261,863401,4
p4728,682100,853708,4
p4729,681049,846975,4
p4730,668567,856554,4
p4731,656957,871011,4
p4732,662293,872590,4
p4733,673953,835926,4
p4734,718544,888401,4
p4735,648590,917839,4
p4736,699124,824089,4
p4737,668367,855686,4
p4738,675866,868784,4
p4739,700098,894685,4
p4740,683156,877209,4
p4741,661357,801817,4
p4742,789095,895634,4
p4743,673332,857517,4
p4744,627452,835854,4
p4745,672059,860501,4
p4746,665048,854911,4
p4747,683580,872374,4
p4748,668839,882598,4
p4749,682510,905902,4
p4750,671235,856653,4
p4751,680228,843225,4
p4752,662249,918050,4
p4753,674961,865594,4
p4754,679211,886670,4
p4755,676220,858214,4
p4756,567861,856582,4
p4757,668228,858122,4
p4758,682241,850176,4
p4759,712262,856869,4
p4760,671325,856592,4
p4761,680592,858526,4
p4762,683098,847245,4
p4763,646816,829778,4
p4764,675633,863416,4
p4765,677551,860007,4
p4766,683656,842406,4
p4767,678195,860537,4
p4768,700747,821557,4
p4769,679054,898217,4
p4770,676360,866112,4
p4771,665308,868551,4
p4772,665775,845662,4
p4773,660459,860658,4
p4774,670119,859029,4
p4775,672068,874862,4
p4776,644301,925034,4
p4777,704574,866263,4
p4778,665660,828338,4
p4779,680579,836946,4
p4780,682053,853410,4
p4781,672544,859978,4
p4782,713088,880834,4
p4783,680969,838864,4
p4784,674151,853540,4
p4785,664903,839150,4
p4786,641902,755287,4
p4787,683610,910782,4
p4788,676962,897430,4
p4789,594720,848457,4
p4790,658748,777680,4
p4791,700341,869730,4
p4792,640432,837036,4
p4793,668519,860048,4
p4794,672668,861428,4
p4795,638004,837697,4
p4796,673071,856021,4
p4797,668772,858570,4
p4798,636871,929410,4
p4799,599612,859210,4
p4800,739318,810528,4
p4801,654937,781879,4
p4802,663095,949045,4
p4803,658734,883214,4
p4804,647968,877873,4
p4805,682699,851115,4
p4806,684739,884934,4
p4807,667620,855461,4
p4808,616281,845406,4
p4809,697161,840318,4
p4810,679237,862389,4
p4811,664260,859029,4
p4812,674121,858589,4
p4813,700962,927047,4
p4814,723397,859761,4
p4815,648230,857418,4
p4816,677896,867053,4
p4817,680828,839011,4
p4818,680757,826912,4
p4819,673826,880137,4
p4820,694897,834591,4
p4821,683585,905984,4
p4822,671609,815681,4
p4823,669748,863109,4
p4824,674659,860894,4
p4825,659734,844127,4
p4826,656156,868643,4
p4827,653258,860766,4
p4828,684131,898331,4
p4829,666516,859837,4
p4830,655237,871554,4
p4831,653592,959882,4
p4832,659280,845579,4
p4833,646422,900526,4
p4834,627580,840406,4
p4835,604546,847329,4
p4836,631316,837043,4
p4837,705518,925936,4
p4838,662898,884734,4
p4839,718088,852181,4
p4840,666315,872311,4
p4841,710082,881600,4
p4842,674433,860605,4
p4843,685821,816579,4
p4844,678856,850293,4
p4845,669427,846395,4
p4846,687043,806921,4
p4847,657981,866945,4
p4848,676480,860779,4
p4849,704065,832648,4
p4850,669178,866011,4
p4851,693783,860206,4
p4852,683027,876064,4
p4853,670957,810768,4
p4854,674134,908464,4
p4855,637665,858741,4
p4856,664325,877878,4
p4857,664025,801796,4
p4858,672800,874378,4
p4859,685124,873363,4
p4860,674496,870664,4
p4861,684602,823981,4
p4862,677769,841641,4
p4863,651576,865180,4
p4864,650720,817440,4
p4865,674472,860330,4
p4866,673028,860593,4
p4867,683413,861559,4
p4868,669638,842011,4
p4869,674365,860819,4
p4870,687360,862438,4
p4871,662684,813662,4
p4872,673242,886958,4
p4873,674311,859933,4
p4874,595580,798572,4
p4875,636769,854047,4
p4876,685551,798742,4
p4877,663945,828490,4
p4878,717187,883275,4
p4879,706906,885612,4
p4880,675988,841317,4
p4881,671976,864630,4
p4882,669366,869654,4
p4883,651216,815098,4
p4884,676767,832479,4
p4885,657879,857942,4
p4886,665828,868934,4
p4887,674905,876286,4
p4888,640000,863831,4
p4889,672818,881943,4
p4890,634800,823669,4
p4891,658590,886551,4
p4892,639463,847461,4
p4893,625416,868848,4
p4894,672266,862875,4
p4895,723173,872525,4
p4896,688098,908495,4
p4897,673410,863889,4
p4898,679788,889464,4
p4899,615826,863168,4
p4900,598671,854219,4
p4901,753254,840123,4
p4902,669430,905798,4
p4903,726847,875488,4
p4904,648443,845340,4
p4905,674114,970756,4
p4906,675551,956849,4
p4907,677459,896720,4
p4908,634004,895206,4
p4909,653745,809028,4
p4910,682420,846881,4
p4911,666636,858686,4
p4912,682481,879399,4
p4913,656834,885944,4
p4914,718257,857481,4
p4915,672598,856928,4
p4916,693997,774817,4
p4917,612392,916853,4
p4918,671444,860206,4
p4919,671404,857240,4
p4920,689628,868984,4
p4921,704570,845515,4
p4922,652233,886054,4
p4923,705929,851313,4
p4924,682315,843851,4
p4925,667131,849230,4
p4926,707894,904500,4
p4927,649345,864613,4
p4928,629998,877765,4
p4929,659542,840985,4
p4930,621278,888326,4
p4931,682304,876841,4
p4932,679747,860939,4
p4933,663049,843538,4
p4934,672876,844123,4
p4935,689948,850548,4
p4936,696257,894819,4
p4937,629377,853726,4
p4938,658034,897179,4
p4939,696808,866039,4
p4940,699668,863774,4
p4941,669697,859388,4
p4942,606506,766728,4
p4943,672474,868765,4
p4944,697011,856357,4
p4945,708262,945359,4
p4946,653181,886417,4
p4947,674521,861127,4
p4948,729194,856897,4
p4949,663168,859429,4
p4950,644843,838626,4
p4951,672797,843231,4
p4952,680677,868629,4
p4953,614497,830844,4
p4954,646671,857872,4
p4955,679242,853941,4
p4956,665697,929571,4
p4957,749941,916922,4
p4958,602365,916673,4
p4959,684537,843821,4
p4960,694308,904062,4
p4961,731712,878998,4
p4962,667713,847241,4
p4963,730383,879136,4
p4964,689363,817577,4
p4965,728743,850843,4
p4966,683941,915579,4
p4967,722463,882675,4
p4968,670519,870010,4
p4969,683252,858182,4
p4970,669288,860515,4
p4971,675357,870850,4
p4972,673449,860643,4
p4973,687325,883004,4
p4974,603472,894573,4
p4975,669713,851017,4
p4976,693362,837786,4
p4977,605535,925341,4
p4978,687078,791051,4
p4979,672387,800443,4
p4980,683048,937776,4
p4981,713579,879202,4
p4982,571669,873544,4
p4983,695260,824882,4
p4984,702654,841548,4
p4985,601619,825604,4
p4986,564416,878492,4
p4987,703773,870419,4
p4988,674931,870112,4
p4989,673140,864863,4
p4990,681053,892766,4
p4991,683321,873932,4
p4992,701017,931252,4
p4993,645677,814395,4
p4994,677362,853471,4
p4995,659046,930099,4
p4996,665426,853940,4
p4997,691827,863963,4
p4998,650661,861267,4
p4999,599647,858702,4
p5000,684091,842566,4