0,26.6614,7.3414,0
1,25.2653,6.2466,0
2,25.2285,4.7447,0
3,25.7529,5.1564,0
4,24.0785,5.6693,0
5,25.2722,6.8676,0
6,24.6535,6.2443,0
7,26.9834,6.633,0
8,25.7437,6.3179,0
9,26.4774,7.7416,0
10,26.7373,4.4756,0
11,27.1812,6.2972,0
12,25.4999,5.6739,0
13,25.3021,6.1431,0
14,23.3609,5.6601,0
15,25.5482,5.7107,0
16,26.2198,5.7337,0
17,25.884,6.3294,0
18,24.4649,5.7521,0
19,24.7708,6.7572,0
20,25.3274,5.6463,0
21,25.999,4.8551,0
22,25.0238,6.2742,0
23,25.8242,6.7848,0
24,25.4286,6.2834,0
25,27.3445,6.4697,0
26,24.6236,6.1178,0
27,27.126,6.1109,0
28,25.677,5.9085,0
29,25.539,6.3777,0
30,25.0491,6.0603,0
31,26.5924,6.0925,0
32,25.217,7.7531,0
33,25.2492,5.6486,0
34,24.941,5.0184,0
35,25.2814,7.5461,0
36,24.8191,6.1316,0
37,26.0105,6.8377,0
38,25.0215,6.564,0
39,25.1618,6.3064,0
40,25.8955,5.4393,0
41,24.8375,5.4416,0
42,25.4562,6.702,0
43,25.7161,5.5152,0
44,26.7212,4.7424,0
45,24.4649,7.2471,0
46,24.6328,5.3473,0
47,25.7253,6.7296,0
48,27.1168,5.6946,0
49,26.4958,5.9039,0
50,25.1158,6.1914,0
51,25.6103,7.6197,0
52,26.3026,6.7802,0
53,24.7915,6.2627,0
54,25.0997,5.8004,0
55,25.4838,7.0148,0
56,25.4217,7.3138,0
57,27.1306,6.9573,0
58,24.3338,5.1679,0
59,24.6236,5.6877,0
60,25.5183,4.8229,0
61,26.39,7.0401,0
62,24.3039,4.8827,0
63,25.5275,4.9333,0
64,24.8973,7.1919,0
65,24.7731,6.0925,0
66,26.5855,6.8423,0
67,25.6356,5.6371,0
68,26.7718,5.5336,0
69,24.8536,5.5152,0
70,25.8587,5.2208,0
71,25.2538,5.5727,0
72,25.4838,4.9333,0
73,25.5436,5.9844,0
74,23.1838,5.7314,0
75,27.7102,6.2535,0
76,25.1204,4.6504,0
77,25.2538,5.5681,0
78,25.5137,6.357,0
79,27.2249,5.5727,0
80,24.6581,5.9936,0
81,25.1894,5.4991,0
82,25.2446,5.9591,0
83,24.8007,4.4158,0
84,26.275,5.5888,0
85,25.8748,6.5456,0
86,24.6328,6.7503,0
87,24.8766,4.4664,0
88,26.4498,6.6997,0
89,25.148,5.9292,0
90,24.5914,5.8004,0
91,25.6954,5.9867,0
92,26.344,5.9522,0
93,26.8224,5.667,0
94,26.1347,5.0161,0
95,25.263,5.3082,0
96,24.6305,6.8354,0
97,25.8035,6.1937,0
98,26.0243,7.5576,0
99,18.4941,12.5877,0
100,18.1606,12.5486,0
101,17.9628,10.4625,0
102,17.7558,12.1231,0
103,17.4867,10.6626,0
104,16.7139,11.5849,0
105,17.259,11.7482,0
106,17.4959,11.5596,0
107,18.7908,10.497,0
108,18.3607,11.8287,0
109,17.2038,11.7689,0
110,16.96,10.6373,0
111,17.2866,12.2933,0
112,17.3694,11.5596,0
113,17.9858,11.5067,0
114,18.0272,12.6176,0
115,17.1026,13.1719,0
116,17.5212,11.8747,0
117,17.512,10.9915,0
118,16.7898,12.2128,0
119,17.1233,11.6102,0
120,18.6137,11.3802,0
121,16.7714,11.3871,0
122,16.0676,10.8121,0
123,17.8041,11.7022,0
124,17.8984,9.945,0
125,16.638,12.9649,0
126,16.4632,10.658,0
127,18.5125,11.8425,0
128,17.9306,12.1898,0
129,17.6132,13.4686,0
130,16.7392,11.0306,0
131,18.4642,11.7137,0
132,17.3625,12.0035,0
133,17.5557,11.2123,0
134,17.6868,11.4354,0
135,18.5171,9.876,0
136,16.1251,10.6649,0
137,17.5419,11.8885,0
138,17.8961,11.8057,0
139,18.2365,11.7666,0
140,18.1008,11.3641,0
141,18.3653,12.0633,0
142,19.3635,11.6286,0
143,17.9237,11.5573,0
144,16.9853,12.3186,0
145,16.8749,11.5182,0
146,18.0272,11.9621,0
147,17.6293,11.3503,0
148,16.5575,11.3388,0
149,18.2388,11.4676,0
150,17.811,11.4768,0
151,16.1895,9.968,0
152,16.845,12.9235,0
153,17.4637,10.8213,0
154,17.6339,10.8144,0
155,17.4384,12.2128,0
156,17.9421,11.8057,0
157,16.615,12.0702,0
158,15.6398,11.2284,0
159,16.7415,11.8793,0
160,16.8197,12.1162,0
161,15.9181,11.4124,0
162,17.8363,11.8563,0
163,17.696,11.9414,0
164,16.845,10.6672,0
165,18.5378,11.6516,0
166,17.1877,11.9828,0
167,18.4527,11.2468,0
168,16.8956,11.1065,0
169,18.1422,11.9966,0
170,16.8059,11.1318,0
171,17.4913,10.428,0
172,16.3045,10.8765,0
173,17.4453,9.8668,0
174,17.5396,11.4791,0
175,17.7328,11.21,0
176,17.466,10.4234,0
177,18.4803,12.0955,0
178,17.2889,11.7873,0
179,18.3883,10.0025,0
180,17.6523,11.509,0
181,17.4982,11.9552,0
182,17.5948,11.3848,0
183,17.7328,11.6562,0
184,19.3934,12.5601,0
185,17.9651,12.5256,0
186,17.0428,11.3595,0
187,17.6086,11.7206,0
188,18.9817,11.6999,0
189,17.1992,12.5969,0
190,16.9163,11.4929,0
191,17.3096,11.1893,0
192,18.9403,11.6999,0
193,17.098,13.5744,0
194,16.3206,12.0679,0
195,18.4343,12.4474,0
196,18.3124,11.6631,0
197,16.7277,11.6654,0
198,18.2457,13.0201,0
199,8.4155,9.7633,0
200,7.1413,10.3981,0
201,7.691,11.969,0
202,8.6363,9.8139,0
203,7.8704,10.957,0
204,7.2103,11.1249,0
205,7.6289,9.899,0
206,7.5645,8.8824,0
207,7.5967,9.5241,0
208,8.1372,10.3015,0
209,7.8106,11.3227,0
210,8.9514,11.0628,0
211,8.8456,10.3866,0
212,8.6869,11.0007,0
213,7.6611,10.7592,0
214,8.1648,10.3061,0
215,9.1515,10.796,0
216,8.5029,9.1791,0
217,8.1441,10.8443,0
218,9.0756,9.3723,0
219,7.8428,9.9703,0
220,8.8295,10.4648,0
221,8.1993,9.7863,0
222,9.2021,11.0076,0
223,8.1625,10.474,0
224,8.2085,9.9634,0
225,8.8456,11.5619,0
226,9.209,11.0467,0
227,8.588,11.0329,0
228,7.8934,11.3756,0
229,7.898,10.2049,0
230,9.1584,10.8535,0
231,8.9813,9.7127,0
232,8.6271,11.8379,0
233,7.806,11.4975,0
234,7.9233,10.4004,0
235,8.8042,10.3015,0
236,8.8272,11.0283,0
237,9.715,9.9151,0
238,8.3189,9.0365,0
239,9.5954,9.1469,0
240,7.4081,9.8001,0
241,9.0733,8.9307,0
242,7.9118,9.0848,0
243,8.1717,9.0687,0
244,9.393,9.4735,0
245,7.5277,10.6994,0
246,7.3575,10.3268,0
247,10.1635,9.1239,0
248,9.4344,12.3485,0
249,8.8249,9.9335,0
250,7.6979,10.1405,0
251,9.002,11.1433,0
252,7.3253,9.6644,0
253,8.0636,11.1088,0
254,6.8768,10.4303,0
255,7.737,10.3613,0
256,7.0953,11.1433,0
257,9.6023,9.0526,0
258,6.0695,9.669,0
259,7.0815,10.4993,0
260,8.2729,11.1157,0
261,7.5461,10.7178,0
262,9.1837,9.8484,0
263,8.1694,10.7868,0
264,8.9951,9.5678,0
265,7.7324,9.5954,0
266,7.8359,9.4965,0
267,7.9095,9.0066,0
268,7.9969,10.7063,0
269,8.9905,10.8006,0
270,10.4004,9.9749,0
271,8.9215,10.0577,0
272,8.4914,10.2233,0
273,9.5678,10.5683,0
274,8.9491,9.7863,0
275,9.2527,10.8558,0
276,7.7577,9.9749,0
277,9.3102,11.6539,0
278,8.9836,9.7104,0
279,8.6892,9.7219,0
280,7.2816,10.2831,0
281,9.2435,10.6212,0
282,10.1681,9.0802,0
283,8.0314,9.5678,0
284,9.071,10.2187,0
285,8.3557,10.152,0
286,7.8175,8.6938,0
287,9.0089,10.3958,0
288,8.0774,10.6695,0
289,7.3138,11.6608,0
290,8.7927,10.0876,0
291,8.4592,10.3337,0
292,8.6823,9.0986,0
293,9.1722,10.5729,0
294,7.4564,11.325,0
295,8.8019,11.3342,0
296,8.2913,9.4229,0
297,7.7508,10.9478,0
298,7.7945,10.8995,0
299,24.0394,24.6765,0
300,24.6972,24.4442,0
301,23.8945,24.9916,0
302,23.837,24.8536,0
303,26.4199,24.7225,0
304,26.1853,23.7795,0
305,24.9111,24.8168,0
306,23.7197,23.4483,0
307,23.3218,22.9584,0
308,26.4015,24.6006,0
309,25.4332,25.4953,0
310,25.953,26.1692,0
311,24.0486,25.4286,0
312,23.8692,23.8531,0
313,24.3499,25.1388,0
314,24.1498,24.6788,0
315,24.596,24.458,0
316,24.6075,24.6029,0
317,24.9134,24.6052,0
318,24.8513,24.4856,0
319,24.6535,23.0642,0
320,24.0555,24.3729,0
321,23.4437,24.0555,0
322,25.102,25.3205,0
323,24.8536,24.9525,0
324,23.7266,26.1094,0
325,24.8513,23.4322,0
326,25.2009,24.711,0
327,24.1222,24.6926,0
328,24.6903,24.0325,0
329,23.9842,23.3839,0
330,25.5827,23.7864,0
331,24.6397,24.251,0
332,23.8393,24.3154,0
333,25.6678,23.6599,0
334,24.9433,24.0003,0
335,24.7064,24.3476,0
336,24.2441,23.6231,0
337,24.6282,23.423,0
338,23.3218,24.8766,0
339,24.6972,24.5523,0
340,26.0036,25.7782,0
341,26.0404,23.8761,0
342,25.9415,23.883,0
343,23.9359,23.8347,0
344,25.8058,24.6328,0
345,24.9318,23.8623,0
346,25.3021,24.5201,0
347,24.5891,24.297,0
348,23.2873,23.1148,0
349,24.0049,23.9129,0
350,24.9088,24.9295,0
351,24.1475,26.689,0
352,26.4843,23.7105,0
353,25.4447,24.0049,0
354,24.8007,24.5017,0
355,25.9668,25.079,0
356,24.3407,23.5886,0
357,24.3154,24.2188,0
358,25.9944,23.9796,0
359,24.435,24.297,0
360,24.6512,24.9433,0
361,24.4856,23.6553,0
362,25.2308,25.3205,0
363,25.7184,23.9359,0
364,24.5316,23.8071,0
365,24.8996,24.5868,0
366,25.4792,24.1912,0
367,24.665,23.239,0
368,26.1508,24.5753,0
369,25.1135,22.2385,0
370,24.6098,24.7087,0
371,24.3752,24.4787,0
372,26.0772,24.9088,0
373,24.0946,24.4672,0
374,23.4299,25.0652,0
375,24.6581,25.861,0
376,26.712,24.5224,0
377,25.6517,23.9451,0
378,24.8191,24.9778,0
379,24.2855,24.2694,0
380,25.5045,24.5247,0
381,24.8605,23.4437,0
382,25.4401,24.4189,0
383,25.2722,24.7708,0
384,24.7248,24.1107,0
385,24.5914,25.5781,0
386,25.1434,23.7036,0
387,25.0675,24.4925,0
388,24.297,23.975,0
389,23.262,24.7524,0
390,25.6862,23.1999,0
391,25.4953,24.9893,0
392,24.7593,24.366,0
393,24.9709,23.9796,0
394,24.4925,23.7795,0
395,24.3545,24.4028,0
396,24.665,23.6208,0
397,24.7984,24.4787,0
398,25.6632,23.9773,0
399,4.057,21.4519,0
400,5.7912,19.7499,0
401,3.9719,19.8787,0
402,5.3174,18.8092,0
403,5.7406,22.066,0
404,4.9172,20.7688,0
405,4.3951,20.1363,0
406,6.1868,19.2324,0
407,4.8045,21.1989,0
408,6.173,19.3359,0
409,6.7848,21.0448,0
410,4.9218,20.019,0
411,6.0672,19.8695,0
412,6.3248,19.9684,0
413,4.7424,20.41,0
414,4.6665,20.4514,0
415,4.3491,20.2697,0
416,5.0897,19.8902,0
417,5.7498,20.6883,0
418,6.0304,20.1501,0
419,4.2962,20.9275,0
420,4.1973,20.4997,0
421,4.3192,20.1708,0
422,6.1661,21.6704,0
423,5.115,19.7499,0
424,5.0069,20.8263,0
425,5.0621,20.1478,0
426,4.7286,19.2761,0
427,5.3013,19.4233,0
428,5.5704,19.4716,0
429,5.7337,20.502,0
430,7.1321,19.7384,0
431,5.5244,20.4353,0
432,5.3473,20.3893,0
433,5.3588,19.7062,0
434,5.7061,19.214,0
435,6.1638,19.766,0
436,4.931,20.0305,0
437,5.184,20.5963,0
438,5.6256,21.2702,0
439,5.9775,21.4726,0
440,5.4393,19.6602,0
441,6.2673,18.7494,0
442,4.9839,19.5705,0
443,4.7723,19.8373,0
444,5.1334,20.7734,0
445,4.2594,21.0816,0
446,6.012,19.7706,0
447,4.5676,19.9776,0
448,4.2042,20.9942,0
449,5.9016,20.1225,0
450,6.1592,21.0908,0
451,5.4117,19.3405,0
452,4.9724,20.0167,0
453,4.5906,19.3014,0
454,5.4531,20.7067,0
455,7.0355,19.6073,0
456,6.5134,21.4151,0
457,5.3864,20.8355,0
458,4.4756,20.2766,0
459,4.9632,20.1248,0
460,5.2898,19.7545,0
461,3.9604,21.5669,0
462,3.9627,20.8884,0
463,6.1523,18.9058,0
464,5.3105,18.5033,0
465,3.8293,20.8424,0
466,7.2701,20.0558,0
467,3.896,20.065,0
468,4.3376,19.7821,0
469,5.69,18.3952,0
470,5.4623,19.306,0
471,7.231,19.8856,0
472,4.6987,19.5751,0
473,6.6974,20.0121,0
474,6.1247,20.088,0
475,6.4214,20.571,0
476,5.322,19.5705,0
477,4.8758,20.4468,0
478,5.8694,20.3709,0
479,5.7406,21.3898,0
480,6.1753,20.4284,0
481,3.6499,20.364,0
482,5.6233,19.8304,0
483,5.3013,20.2444,0
484,6.2006,20.1892,0
485,5.6463,18.9334,0
486,5.5359,20.801,0
487,5.4209,21.2518,0
488,6.9987,21.7693,0
489,6.3455,20.0834,0
490,4.1904,21.2265,0
491,5.5681,21.0333,0
492,4.793,20.364,0
493,5.5566,20.3778,0
494,5.0552,18.2365,0
495,4.7677,20.5503,0
496,5.7613,19.5889,0
497,2.907,20.5641,0
498,6.5709,20.4031,0
499,28.0805,10.5315,0
500,27.3445,11.2123,0
501,26.8661,10.6672,0
502,26.6476,9.2412,0
503,25.7115,10.0508,0
504,26.367,10.3268,0
505,28.2346,10.4165,0
506,26.6361,9.784,0
507,27.3077,9.2964,0
508,26.7143,9.4712,0
509,25.953,8.2131,0
510,27.3445,9.3769,0
511,26.8615,10.3245,0
512,27.7148,11.1755,0
513,26.4291,10.3912,0
514,25.7598,9.3907,0
515,27.2479,10.1842,0
516,26.9857,10.5453,0
517,26.6338,10.1612,0
518,26.8753,11.2882,0
519,26.6223,10.2762,0
520,26.482,9.6644,0
521,29.5939,9.738,0
522,26.2543,10.3314,0
523,25.2377,9.7081,0
524,26.0312,10.06,0
525,27.9471,11.1686,0
526,26.6154,11.6355,0
527,26.6936,8.9675,0
528,25.8081,9.4574,0
529,27.3169,9.117,0
530,25.5321,10.566,0
531,27.2916,11.9713,0
532,26.7051,11.9782,0
533,26.7626,9.6253,0
534,27.9264,10.7109,0
535,27.0386,10.037,0
536,27.4986,10.4234,0
537,26.1577,9.5632,0
538,26.9213,11.9966,0
539,27.2433,9.1561,0
540,26.6959,10.2394,0
541,27.0708,10.8144,0
542,26.0197,10.9317,0
543,27.2663,11.4952,0
544,27.6136,9.7426,0
545,27.0478,10.2854,0
546,26.873,10.3613,0
547,26.9282,11.3917,0
548,27.6297,10.0209,0
549,27.0869,9.3033,0
550,25.746,11.4331,0
551,25.7598,10.5614,0
552,27.7447,10.9708,0
553,26.988,9.991,0
554,26.7189,10.2624,0
555,26.7718,10.267,0
556,27.402,10.9087,0
557,26.1485,10.6166,0
558,26.9811,10.2969,0
559,26.5694,9.2274,0
560,27.6757,9.5816,0
561,28.1817,10.8673,0
562,26.0726,10.911,0
563,26.5855,10.1451,0
564,27.1375,10.9432,0
565,27.31,9.3401,0
566,27.3123,10.2532,0
567,26.9098,8.2798,0
568,27.0179,9.6023,0
569,28.1518,10.5453,0
570,27.0179,10.6166,0
571,27.8942,10.4786,0
572,27.563,10.2739,0
573,27.0432,9.6,0
574,26.9443,10.865,0
575,26.321,10.5407,0
576,26.4084,12.6866,0
577,27.9287,10.9938,0
578,25.6701,10.9225,0
579,26.7051,10.3406,0
580,27.4296,9.7426,0
581,28.0,10.8903,0
582,27.3698,10.2279,0
583,26.9052,9.0319,0
584,27.2433,12.5624,0
585,26.1577,10.5292,0
586,27.0823,10.0876,0
587,26.8707,10.3475,0
588,26.3877,9.6989,0
589,26.3831,10.3038,0
590,27.0478,10.4809,0
591,26.7741,8.8272,0
592,26.6131,11.5734,0
593,26.7557,8.8387,0
594,25.7368,9.7403,0
595,26.0956,10.3751,0
596,25.8058,10.635,0
597,26.4245,10.2923,0
598,25.8357,10.451,0
599,19.9339,27.9149,0
600,21.1115,27.2065,0
601,21.3047,25.7023,0
602,20.4514,27.2134,0
603,21.6175,27.3767,0
604,23.2206,26.8247,0
605,21.0655,27.7194,0
606,21.4841,28.1242,0
607,21.5117,27.9517,0
608,23.0182,27.5423,0
609,21.5922,26.873,0
610,22.802,27.3836,0
611,20.847,28.2852,0
612,20.2053,27.6596,0
613,19.6993,27.8827,0
614,22.1603,28.483,0
615,21.7325,27.8804,0
616,22.6525,28.1564,0
617,21.0908,26.436,0
618,20.2076,28.023,0
619,20.686,27.7884,0
620,21.7808,27.8735,0
621,21.6037,28.2461,0
622,21.5485,26.9213,0
623,21.7831,26.7511,0
624,21.7003,27.2571,0
625,22.273,27.7723,0
626,22.5835,26.4222,0
627,21.7785,26.712,0
628,20.0788,26.6177,0
629,22.4202,29.104,0
630,20.5687,27.4618,0
631,20.5273,28.253,0
632,20.8838,27.448,0
633,20.9275,26.0404,0
634,20.7849,26.459,0
635,19.9017,26.2589,0
636,21.7325,26.5901,0
637,20.8999,27.8873,0
638,21.0195,26.505,0
639,21.5485,27.747,0
640,22.1672,26.9926,0
641,21.8268,26.7649,0
642,23.0573,28.5336,0
643,20.6607,26.7902,0
644,21.2794,27.6389,0
645,21.1805,26.8638,0
646,20.7987,27.1421,0
647,21.7624,26.5832,0
648,20.962,27.2042,0
649,21.2909,27.8873,0
650,21.7302,26.0588,0
651,21.6175,27.5538,0
652,20.3617,27.8666,0
653,21.9717,27.4342,0
654,20.7734,29.3754,0
655,20.6791,26.9512,0
656,21.6405,28.5359,0
657,20.732,26.7557,0
658,22.6019,29.4513,0
659,22.3075,26.2497,0
660,20.6354,29.7871,0
661,20.502,27.0478,0
662,20.4077,27.678,0
663,21.2081,27.0915,0
664,21.8636,27.7746,0
665,21.1368,28.2576,0
666,21.8774,27.241,0
667,21.5301,27.517,0
668,19.5222,27.5147,0
669,20.6814,26.8477,0
670,20.3364,27.0018,0
671,20.824,27.954,0
672,20.8723,28.3082,0
673,21.1506,28.1633,0
674,21.468,27.3652,0
675,21.2311,27.0984,0
676,20.9988,27.1329,0
677,22.3029,27.54,0
678,23.1056,27.724,0
679,21.054,28.5819,0
680,21.0241,27.0294,0
681,21.974,27.2042,0
682,21.215,27.241,0
683,22.1189,27.4618,0
684,21.4588,27.4227,0
685,22.0637,27.8965,0
686,21.8222,27.1835,0
687,21.215,27.4181,0
688,21.1667,26.5165,0
689,21.1575,26.7005,0
690,21.4772,27.4848,0
691,21.8107,27.333,0
692,20.7044,27.4411,0
693,21.1506,27.5722,0
694,20.2007,27.0363,0
695,22.8066,27.8321,0
696,20.7849,27.5446,0
697,21.4519,26.85,0
698,20.5296,27.6228,0
699,13.5238,18.1077,0
700,13.7262,18.3699,0
701,13.9792,18.8575,0
702,13.5468,18.8805,0
703,14.016,18.8667,0
704,14.1379,18.9909,0
705,13.8596,18.0525,0
706,12.6291,20.134,0
707,13.8596,18.2733,0
708,14.2391,19.5521,0
709,15.6007,18.9518,0
710,14.0482,17.926,0
711,13.05,18.2342,0
712,13.1995,16.9186,0
713,13.717,18.7103,0
714,14.7221,19.1864,0
715,14.9153,18.1008,0
716,12.9948,20.7136,0
717,13.027,18.3561,0
718,13.9447,17.88,0
719,13.3628,19.2853,0
720,14.4622,19.5912,0
721,15.051,19.007,0
722,14.9521,20.41,0
723,13.3375,19.4164,0
724,13.8849,18.8621,0
725,13.9562,19.5935,0
726,12.9925,20.2927,0
727,15.1637,19.3704,0
728,14.7842,18.2319,0
729,14.3587,18.225,0
730,14.3426,19.7062,0
731,13.349,18.2342,0
732,14.0781,17.9214,0
733,14.1632,18.7816,0
734,15.603,16.9301,0
735,14.3081,17.9881,0
736,13.1052,19.4624,0
737,15.0648,18.6689,0
738,12.8499,19.0645,0
739,14.0344,19.0507,0
740,16.0745,18.1054,0
741,13.7262,19.8465,0
742,12.6498,18.5792,0
743,13.4686,18.892,0
744,14.4484,17.7811,0
745,12.4152,19.2209,0
746,14.2713,18.0893,0
747,13.786,18.5217,0
748,12.6268,19.7108,0
749,14.062,18.7701,0
750,13.2386,19.5958,0
751,13.464,19.3543,0
752,14.1425,19.4003,0
753,14.0689,19.4233,0
754,12.3209,18.0111,0
755,12.8338,18.2204,0
756,14.8716,17.9076,0
757,14.1448,17.9214,0
758,15.5179,18.5286,0
759,15.8629,18.0272,0
760,13.0454,19.0346,0
761,14.5887,17.9467,0
762,14.223,18.0019,0
763,15.3546,19.1772,0
764,14.6002,18.57,0
765,14.637,19.6464,0
766,12.8384,18.984,0
767,13.901,18.1997,0
768,15.2212,19.0461,0
769,13.9792,17.4729,0
770,15.3408,19.3888,0
771,13.3513,18.5585,0
772,12.9097,19.2071,0
773,13.1972,19.4509,0
774,13.3927,17.2521,0
775,12.6245,19.3405,0
776,13.8297,18.9058,0
777,13.4272,17.9743,0
778,13.7515,19.0875,0
779,13.9378,18.6275,0
780,12.5164,17.8248,0
781,12.8545,19.1473,0
782,13.924,19.3888,0
783,14.6485,18.7724,0
784,13.464,18.4964,0
785,13.5192,17.5327,0
786,13.1466,19.1312,0
787,13.3398,19.4417,0
788,13.6963,18.7977,0
789,15.373,19.4371,0
790,14.5105,16.8519,0
791,13.8895,20.4261,0
792,15.2695,18.8069,0
793,13.6273,18.4987,0
794,13.8458,19.3543,0
795,13.188,18.6183,0
796,13.4939,18.3193,0
797,12.8729,18.7103,0
798,14.2897,16.8427,0
799,18.2158,26.4751,0
800,17.9191,25.4401,0
801,19.0139,26.4222,0
802,17.627,26.6982,0
803,18.3354,26.1554,0
804,17.9076,24.964,0
805,17.4798,26.3969,0
806,17.7305,25.3803,0
807,18.7793,25.0997,0
808,18.0479,26.1669,0
809,17.6546,25.6287,0
810,18.0939,26.0542,0
811,19.0277,25.9691,0
812,16.0193,25.7368,0
813,16.6817,26.1117,0
814,18.1169,24.5063,0
815,20.2007,25.7138,0
816,17.6868,25.5206,0
817,16.2171,25.4562,0
818,18.0709,24.9502,0
819,18.5332,27.0064,0
820,18.1123,26.5257,0
821,18.2273,26.4452,0
822,18.8759,25.3987,0
823,18.5654,25.6862,0
824,17.5948,27.4825,0
825,18.0387,25.5459,0
826,17.3694,25.1043,0
827,18.1054,25.9783,0
828,18.0732,25.447,0
829,17.9697,26.8017,0
830,17.0773,26.3302,0
831,16.4287,25.2883,0
832,18.5194,24.7731,0
833,17.8018,26.7097,0
834,17.3303,26.1738,0
835,17.8685,26.7718,0
836,18.0042,25.8012,0
837,18.3952,24.6719,0
838,18.0364,25.7552,0
839,16.7116,26.2106,0
840,18.225,24.5891,0
841,17.4844,25.5735,0
842,18.0801,26.0887,0
843,18.0824,27.6665,0
844,18.5378,25.5252,0
845,18.3607,26.3762,0
846,17.6201,24.5845,0
847,18.0502,25.0261,0
848,17.8179,25.4447,0
849,17.5235,25.5919,0
850,18.8184,25.0537,0
851,18.2894,26.7166,0
852,17.3464,25.2607,0
853,18.3791,25.447,0
854,17.7512,26.7902,0
855,16.5023,25.2423,0
856,19.6924,24.5293,0
857,16.9853,25.3918,0
858,17.2567,25.24,0
859,18.0433,25.8334,0
860,18.0847,25.8288,0
861,17.3441,25.9898,0
862,18.2411,25.0583,0
863,18.6574,26.4521,0
864,18.4366,26.9558,0
865,18.6275,25.3826,0
866,18.3837,24.6167,0
867,17.7742,26.4429,0
868,18.0318,25.1572,0
869,18.1675,25.7506,0
870,18.2365,26.413,0
871,17.6822,24.6949,0
872,16.5897,26.1462,0
873,17.0336,25.3665,0
874,17.2061,24.5753,0
875,18.6091,25.4884,0
876,18.041,25.7575,0
877,17.8708,25.2676,0
878,18.3515,26.6476,0
879,18.8621,25.2055,0
880,16.661,25.447,0
881,18.8184,26.8086,0
882,19.0139,25.4539,0
883,17.8432,25.9622,0
884,18.4067,26.4038,0
885,17.0842,25.424,0
886,18.3055,25.0169,0
887,17.4062,25.9024,0
888,17.144,26.1393,0
889,18.6896,25.5206,0
890,17.512,26.0036,0
891,18.2963,25.3826,0
892,18.0134,26.6706,0
893,17.7558,26.0266,0
894,17.8294,25.746,0
895,17.4752,24.6972,0
896,18.1445,26.0887,0
897,19.1335,26.298,0
898,18.1491,25.7253,0
899,11.9759,20.5894,0
900,12.061,21.4979,0
901,12.7027,19.559,0
902,12.6613,21.0356,0
903,11.5343,19.5636,0
904,12.2059,21.5899,0
905,12.4152,21.9395,0
906,13.188,22.3167,0
907,10.7753,21.7808,0
908,11.9805,21.1069,0
909,11.2169,22.2454,0
910,11.0628,21.422,0
911,12.5187,21.1506,0
912,11.1134,21.4335,0
913,11.3066,20.847,0
914,12.4267,21.1414,0
915,12.4382,22.0959,0
916,13.7975,21.3392,0
917,11.1134,22.0821,0
918,11.831,21.7072,0
919,12.7326,22.1971,0
920,11.5481,21.9809,0
921,10.681,22.3397,0
922,13.3099,21.0333,0
923,12.6475,21.6497,0
924,12.2404,21.2472,0
925,11.6309,22.4708,0
926,11.2537,20.6446,0
927,12.4428,21.8636,0
928,11.1341,21.0655,0
929,11.1088,21.5784,0
930,13.4801,21.077,0
931,13.073,21.5301,0
932,11.5987,20.8263,0
933,12.0679,20.8286,0
934,13.2639,21.6405,0
935,11.5021,21.606,0
936,12.6935,20.732,0
937,11.164,21.974,0
938,12.0081,21.7302,0
939,11.9759,20.8769,0
940,13.5422,20.5457,0
941,11.1594,21.445,0
942,11.6631,22.4685,0
943,11.0214,21.6589,0
944,12.1323,20.9252,0
945,12.291,21.1368,0
946,11.0927,21.9234,0
947,10.8213,20.6561,0
948,12.774,21.7049,0
949,12.1714,20.7826,0
950,13.0983,20.8539,0
951,12.8223,21.0218,0
952,11.1111,20.8286,0
953,12.4221,20.8056,0
954,12.1806,22.2063,0
955,11.5343,21.4036,0
956,12.222,21.5393,0
957,11.6539,22.1971,0
958,12.36,20.5779,0
959,13.3375,21.8245,0
960,12.3071,20.9252,0
961,13.487,22.089,0
962,11.9966,21.4105,0
963,11.6999,21.0356,0
964,12.8844,22.0706,0
965,12.6866,22.0131,0
966,11.3664,20.9275,0
967,11.7666,21.4519,0
968,12.9925,21.3714,0
969,12.8177,22.1994,0
970,12.6337,21.8176,0
971,11.6838,20.9045,0
972,11.2031,20.6722,0
973,12.8315,22.0223,0
974,12.0426,21.215,0
975,10.0784,21.9855,0
976,11.3572,23.5587,0
977,11.3066,21.399,0
978,12.9235,21.675,0
979,12.6222,21.6175,0
980,13.4571,21.1851,0
981,13.2685,22.1925,0
982,12.7717,21.0057,0
983,13.4111,21.8889,0
984,13.2087,22.2408,0
985,12.7142,21.1782,0
986,11.6033,19.4785,0
987,10.6971,21.5508,0
988,11.6769,21.4151,0
989,11.4653,20.9689,0
990,12.8292,22.986,0
991,12.452,20.4767,0
992,11.4906,21.7026,0
993,11.1939,21.2656,0
994,11.7413,22.1488,0
995,12.0472,20.6377,0
996,11.8862,20.8746,0
997,12.6291,22.0752,0
998,11.9943,21.9625,0
999,23.1976,9.5678,0
1000,22.2224,8.2131,0
1001,23.9842,8.6984,0
1002,23.354,7.7577,0
1003,24.0279,9.853,0
1004,22.9768,8.2591,0
1005,24.4626,9.0089,0
1006,23.7933,8.2821,0
1007,23.0343,8.6892,0
1008,23.2758,8.703,0
1009,22.641,8.4362,0
1010,23.2045,7.9647,0
1011,23.6898,7.2655,0
1012,22.9722,10.1681,0
1013,24.1268,7.8175,0
1014,23.8209,8.1464,0
1015,22.6893,9.2136,0
1016,23.5702,8.0889,0
1017,22.4248,7.6542,0
1018,22.7721,8.151,0
1019,23.9244,9.163,0
1020,22.5743,8.5374,0
1021,22.3259,7.8635,0
1022,22.4639,6.6353,0
1023,23.1953,8.6018,0
1024,23.9129,8.5489,0
1025,23.0297,8.5075,0
1026,23.5127,8.1073,0
1027,23.7496,8.8893,0
1028,23.0182,8.7858,0
1029,23.3908,9.2251,0
1030,22.5007,8.2476,0
1031,22.6203,8.9169,0
1032,21.8958,8.9905,0
1033,22.4133,8.4132,0
1034,22.1465,8.4339,0
1035,24.2119,8.6156,0
1036,24.1498,8.7904,0
1037,23.7818,8.5259,0
1038,24.8122,9.2941,0
1039,22.9147,7.8152,0
1040,24.435,8.5811,0
1041,24.8076,8.2223,0
1042,21.9602,8.3764,0
1043,23.745,9.0848,0
1044,23.2091,8.8939,0
1045,24.2234,7.5461,0
1046,21.8866,8.9652,0
1047,22.5835,8.5029,0
1048,21.7785,7.1482,0
1049,23.8439,7.8911,0
1050,23.4529,9.1998,0
1051,23.5656,8.7375,0
1052,22.0131,8.3603,0
1053,22.3213,9.0112,0
1054,23.9037,7.9808,0
1055,23.5426,8.8778,0
1056,24.3798,8.1648,0
1057,24.6696,8.2039,0
1058,23.3057,8.0613,0
1059,24.389,8.8042,0
1060,23.3218,8.9468,0
1061,23.3632,10.0255,0
1062,24.1935,8.6018,0
1063,23.5472,8.9767,0
1064,21.5761,7.8773,0
1065,23.0389,7.1942,0
1066,22.8572,9.1607,0
1067,22.5398,8.1211,0
1068,22.2523,7.599,0
1069,23.2114,7.967,0
1070,23.2482,9.738,0
1071,23.722,7.9049,0
1072,21.997,10.0048,0
1073,21.9188,9.7058,0
1074,23.1332,8.1395,0
1075,24.0831,8.4914,0
1076,23.2114,8.4109,0
1077,22.8572,7.9302,0
1078,22.6042,8.8387,0
1079,22.5421,9.6506,0
1080,21.3829,8.8571,0
1081,24.8421,9.3861,0
1082,24.1406,8.5305,0
1083,22.5904,8.4201,0
1084,24.7478,7.783,0
1085,22.3282,7.99,0
1086,24.8375,6.7871,0
1087,24.1866,9.1814,0
1088,23.7772,9.6345,0
1089,23.3586,9.9243,0
1090,22.3236,8.1556,0
1091,23.2206,6.8515,0
1092,23.5725,9.2803,0
1093,22.8089,7.9923,0
1094,21.6083,7.2655,0
1095,23.2781,9.0227,0
1096,24.0509,9.324,0
1097,23.2597,8.3741,0
1098,23.4851,8.3074,0
1099,27.6389,14.4967,0
1100,25.9116,14.1609,0
1101,26.5073,14.9268,0
1102,24.826,15.2971,0
1103,25.562,15.1476,0
1104,26.4084,14.6163,0
1105,24.6052,14.9958,0
1106,25.2906,14.9567,0
1107,26.7074,13.8573,0
1108,25.6931,15.4443,0
1109,24.8329,16.0377,0
1110,25.7943,13.947,0
1111,25.1871,14.5128,0
1112,26.2014,13.4732,0
1113,24.4649,14.5496,0
1114,26.4061,14.5312,0
1115,26.6292,16.3804,0
1116,25.4194,14.4622,0
1117,25.4746,13.809,0
1118,26.965,15.0717,0
1119,25.8886,15.2695,0
1120,25.7322,15.6881,0
1121,26.0887,15.8997,0
1122,24.8697,14.6393,0
1123,26.8638,13.9171,0
1124,24.9824,14.9774,0
1125,24.8858,14.3196,0
1126,25.7092,15.0119,0
1127,26.3693,14.5795,0
1128,26.5533,15.0418,0
1129,26.0381,14.3242,0
1130,27.7194,13.7998,0
1131,26.1807,14.8026,0
1132,26.9029,14.6439,0
1133,26.3946,16.7967,0
1134,26.5648,15.603,0
1135,26.1853,16.1872,0
1136,26.4245,14.9176,0
1137,27.3376,14.6301,0
1138,26.1255,13.8918,0
1139,26.0749,14.5151,0
1140,27.6228,15.2741,0
1141,27.0018,14.8417,0
1142,26.1807,15.2396,0
1143,25.6103,13.9378,0
1144,26.7074,15.1568,0
1145,27.0317,14.4323,0
1146,25.8886,14.1954,0
1147,27.5561,13.2133,0
1148,27.1007,14.5243,0
1149,26.9259,15.5639,0
1150,25.2998,13.5905,0
1151,26.0473,13.2018,0
1152,25.9323,14.8486,0
1153,24.2947,13.4318,0
1154,25.7989,14.6715,0
1155,24.8214,13.2777,0
1156,26.39,13.8021,0
1157,26.1462,15.0786,0
1158,27.149,14.3058,0
1159,26.9213,14.5473,0
1160,25.1204,14.2299,0
1161,26.3095,14.5404,0
1162,26.068,14.4392,0
1163,25.3918,13.9976,0
1164,26.5441,14.4852,0
1165,25.8311,15.5202,0
1166,26.9604,14.8486,0
1167,25.3872,15.6628,0
1168,26.3095,15.8422,0
1169,27.1812,16.3298,0
1170,25.2814,14.2299,0
1171,25.4102,14.637,0
1172,26.0634,14.7336,0
1173,25.1089,16.9025,0
1174,26.6614,15.7088,0
1175,26.6384,13.4042,0
1176,26.4383,15.0418,0
1177,26.7534,14.9383,0
1178,25.7805,15.212,0
1179,26.1853,14.4668,0
1180,26.3118,14.5427,0
1181,26.1071,13.4548,0
1182,24.9571,15.0303,0
1183,25.5597,13.9125,0
1184,26.7925,14.2345,0
1185,26.6453,15.3546,0
1186,24.5362,16.9117,0
1187,26.6522,14.2115,0
1188,25.8794,15.0211,0
1189,25.7897,15.1453,0
1190,26.7534,15.6398,0
1191,26.2957,15.5087,0
1192,26.9535,15.5133,0
1193,24.9249,13.7607,0
1194,25.8242,14.6485,0
1195,26.4084,15.2212,0
1196,25.608,15.7548,0
1197,25.3596,14.2069,0
1198,25.3412,13.9631,0
1199,16.2631,10.0255,0
1200,15.7525,9.738,0
1201,16.4425,10.9915,0
1202,16.1205,8.9905,0
1203,16.3252,8.5903,0
1204,16.2079,9.3884,0
1205,14.4116,9.485,0
1206,16.2838,8.841,0
1207,16.9738,9.439,0
1208,16.6932,10.5361,0
1209,14.6439,11.1433,0
1210,17.1141,9.7311,0
1211,15.4558,8.45,0
1212,14.2368,8.9537,0
1213,15.2649,8.2131,0
1214,16.6564,9.9243,0
1215,16.4287,8.9169,0
1216,16.0607,9.1584,0
1217,14.5634,7.2057,0
1218,14.016,10.1267,0
1219,16.2723,9.1032,0
1220,15.442,8.0222,0
1221,16.6794,8.2844,0
1222,15.0372,9.554,0
1223,15.7594,8.4017,0
1224,15.6122,11.8816,0
1225,15.0556,9.4896,0
1226,15.5892,10.2141,0
1227,15.9595,9.3562,0
1228,15.7594,9.6828,0
1229,13.8918,9.2987,0
1230,16.9669,8.519,0
1231,14.5289,8.7306,0
1232,14.6761,7.898,0
1233,15.5409,9.347,0
1234,14.6945,8.6938,0
1235,16.3528,9.8783,0
1236,16.0032,8.6087,0
1237,13.9079,9.0181,0
1238,13.9125,10.6741,0
1239,16.8496,9.5954,0
1240,14.8532,8.9238,0
1241,16.3551,9.9703,0
1242,15.5938,8.5144,0
1243,16.4172,9.14,0
1244,16.3896,8.588,0
1245,14.9268,10.3843,0
1246,17.1348,10.2601,0
1247,16.8312,8.5719,0
1248,15.1729,9.4965,0
1249,15.6421,8.8663,0
1250,15.6099,8.8709,0
1251,14.66,9.6989,0
1252,16.4954,9.3907,0
1253,15.7824,8.5811,0
1254,13.8136,9.5655,0
1255,15.3638,8.9238,0
1256,15.9664,9.991,0
1257,15.3293,8.6685,0
1258,14.9314,7.9095,0
1259,14.384,9.9542,0
1260,14.5887,10.2279,0
1261,15.5984,9.8553,0
1262,16.1297,8.9146,0
1263,15.6881,7.9187,0
1264,15.9595,10.0186,0
1265,15.971,9.623,0
1266,15.4811,9.5816,0
1267,15.6789,8.818,0
1268,15.764,8.9169,0
1269,15.189,9.1975,0
1270,15.0004,9.1791,0
1271,16.4126,9.7656,0
1272,15.7479,9.3424,0
1273,15.1844,9.7311,0
1274,15.2143,10.0071,0
1275,16.2148,8.3258,0
1276,15.6306,9.2182,0
1277,16.5621,9.5034,0
1278,14.9314,9.9887,0
1279,16.0952,9.6184,0
1280,16.0722,9.0227,0
1281,15.9871,9.8139,0
1282,16.1826,8.8962,0
1283,14.4208,9.462,0
1284,15.9756,10.1865,0
1285,15.1246,9.7978,0
1286,16.4931,9.3056,0
1287,17.1187,10.4602,0
1288,15.4696,8.841,0
1289,15.5915,9.3033,0
1290,16.224,8.9514,0
1291,16.0216,9.6667,0
1292,15.5041,10.1865,0
1293,14.9452,8.7697,0
1294,14.4185,9.3102,0
1295,14.7658,8.7237,0
1296,16.3459,8.5696,0
1297,14.6324,8.5857,0
1298,15.5386,9.8139,0
1299,16.6863,13.8642,0
1300,17.8731,15.143,0
1301,15.7617,14.3472,0
1302,16.6334,13.4295,0
1303,16.27,14.8532,0
1304,16.9692,14.7612,0
1305,15.9503,13.7331,0
1306,16.9048,13.8964,0
1307,16.4793,14.9981,0
1308,17.6224,12.9212,0
1309,16.2516,13.2731,0
1310,16.7277,13.8688,0
1311,17.213,14.0137,0
1312,15.4466,14.9981,0
1313,16.0745,14.0022,0
1314,15.7571,15.258,0
1315,15.8629,14.7635,0
1316,16.7944,14.453,0
1317,16.5943,15.511,0
1318,17.1969,14.9521,0
1319,17.3349,15.1798,0
1320,15.5156,14.8808,0
1321,16.3114,14.9521,0
1322,15.9641,15.0694,0
1323,15.8008,14.2437,0
1324,16.6196,13.7768,0
1325,16.431,15.5317,0
1326,16.2171,14.9958,0
1327,15.4397,14.7842,0
1328,16.0768,17.0313,0
1329,16.6679,14.5841,0
1330,17.3924,14.6232,0
1331,15.7985,13.7998,0
1332,16.1734,15.2212,0
1333,15.9733,15.7617,0
1334,16.4149,14.8532,0
1335,16.4103,14.3909,0
1336,16.983,15.7272,0
1337,16.4425,12.935,0
1338,15.603,16.1619,0
1339,15.7732,15.3293,0
1340,15.4765,14.0505,0
1341,16.6196,15.0165,0
1342,15.3086,14.89,0
1343,16.0952,14.3633,0
1344,16.4885,14.683,0
1345,16.1527,14.1218,0
1346,16.2171,15.0303,0
1347,16.4701,14.0137,0
1348,17.7995,14.1218,0
1349,15.6421,14.1678,0
1350,17.2176,14.821,0
1351,16.224,14.5174,0
1352,16.5276,15.1844,0
1353,16.086,14.8785,0
1354,17.466,15.1936,0
1355,14.9406,14.5013,0
1356,15.8721,12.8867,0
1357,16.799,15.6168,0
1358,16.1067,14.4208,0
1359,16.2953,15.2189,0
1360,15.2971,14.6715,0
1361,17.0727,14.3242,0
1362,15.2948,14.7658,0
1363,16.6058,14.9912,0
1364,14.5588,14.4001,0
1365,16.2378,13.8435,0
1366,16.6886,14.7198,0
1367,16.1182,15.2534,0
1368,15.5823,13.8297,0
1369,15.2051,14.039,0
1370,16.0515,14.3081,0
1371,16.6265,15.0855,0
1372,16.2309,14.7497,0
1373,16.1711,14.4208,0
1374,17.3441,15.2258,0
1375,15.5938,15.0487,0
1376,17.9007,14.3127,0
1377,15.4949,15.3385,0
1378,16.3206,16.1596,0
1379,17.2797,14.9268,0
1380,16.4931,14.2437,0
1381,16.661,16.3896,0
1382,16.0101,14.7612,0
1383,16.2746,16.1412,0
1384,17.3027,13.6388,0
1385,16.7875,15.4029,0
1386,15.3431,15.4167,0
1387,16.3597,17.1233,0
1388,16.224,15.4374,0
1389,16.5713,15.2764,0
1390,15.0924,15.9894,0
1391,16.7806,14.6163,0
1392,15.2925,16.4195,0
1393,16.7875,16.0653,0
1394,17.4568,14.2759,0
1395,15.6536,13.4456,0
1396,17.0083,14.1011,0
1397,16.3804,15.0372,0
1398,15.9388,15.1913,0
1399,20.5227,19.4578,0
1400,19.7683,19.9868,0
1401,21.4864,19.7039,0
1402,19.6832,18.3515,0
1403,21.6014,20.4905,0
1404,20.203,19.9592,0
1405,20.6975,19.8258,0
1406,19.6763,19.8626,0
1407,21.1506,20.1294,0
1408,19.6694,19.9776,0
1409,21.3921,19.0691,0
1410,19.7821,20.2237,0
1411,20.4813,19.0162,0
1412,20.1202,19.0737,0
1413,20.7849,20.4767,0
1414,21.3369,19.7177,0
1415,19.3313,19.6372,0
1416,19.7476,19.1013,0
1417,20.9597,18.4619,0
1418,20.6377,19.3934,0
1419,20.8608,18.4711,0
1420,20.3456,19.0553,0
1421,18.6298,19.8051,0
1422,20.5572,19.3589,0
1423,20.8654,20.4491,0
1424,20.2536,19.1036,0
1425,21.2541,22.0591,0
1426,20.9758,19.0944,0
1427,20.9919,20.5618,0
1428,20.7251,19.5429,0
1429,19.3727,19.5659,0
1430,19.7775,18.8828,0
1431,19.6211,19.1266,0
1432,19.536,20.0581,0
1433,20.5089,19.2945,0
1434,21.3346,20.3134,0
1435,19.2715,18.4504,0
1436,19.8971,19.3244,0
1437,21.1161,19.5544,0
1438,20.2789,18.6068,0
1439,20.2973,19.053,0
1440,20.7343,19.95,0
1441,21.2449,20.0374,0
1442,21.5646,20.4031,0
1443,20.3502,19.6694,0
1444,20.3847,19.1197,0
1445,18.9288,19.2853,0
1446,20.7021,19.7545,0
1447,20.4836,19.3175,0
1448,19.4256,19.306,0
1449,19.8258,20.0972,0
1450,19.5682,19.881,0
1451,19.7798,20.1915,0
1452,20.1777,19.1933,0
1453,20.2628,19.6855,0
1454,18.8276,19.4279,0
1455,21.1805,19.2531,0
1456,19.6832,19.0139,0
1457,20.1777,20.0213,0
1458,21.1322,20.8033,0
1459,20.042,20.1915,0
1460,19.7867,20.5963,0
1461,20.9873,19.5958,0
1462,19.9523,18.8046,0
1463,18.9219,18.2756,0
1464,19.7936,19.3244,0
1465,20.8608,19.1979,0
1466,20.2375,20.0328,0
1467,20.6423,20.226,0
1468,20.7826,20.4997,0
1469,20.2375,19.3405,0
1470,20.364,18.2457,0
1471,19.3865,20.4192,0
1472,21.123,19.1059,0
1473,19.3957,21.2173,0
1474,20.1478,18.3768,0
1475,21.2679,19.1979,0
1476,19.7016,17.9766,0
1477,20.6262,18.9932,0
1478,20.6837,20.3916,0
1479,21.1322,19.8557,0
1480,19.9178,19.4279,0
1481,20.3502,20.0949,0
1482,19.2899,20.0949,0
1483,19.7246,19.8971,0
1484,20.5135,19.3405,0
1485,20.939,20.3341,0
1486,19.7798,20.3134,0
1487,19.5567,19.0599,0
1488,20.6998,20.7688,0
1489,21.3852,19.5659,0
1490,21.0402,19.1887,0
1491,21.2633,19.6096,0
1492,20.0811,19.2301,0
1493,20.18,21.3277,0
1494,20.3525,21.1966,0
1495,20.6837,19.8695,0
1496,20.939,20.893,0
1497,19.9385,18.1284,0
1498,19.8833,18.8529,0
1499,8.4086,15.7893,0
1500,9.5218,14.8164,0
1501,8.8341,15.0855,0
1502,9.5586,16.7967,0
1503,8.0567,14.7428,0
1504,9.3378,15.5018,0
1505,7.7416,15.3707,0
1506,8.7375,15.1407,0
1507,7.8704,16.086,0
1508,7.5139,13.8044,0
1509,9.5471,15.0165,0
1510,8.1671,15.3362,0
1511,7.4679,15.0625,0
1512,7.3966,15.8928,0
1513,8.8134,14.2644,0
1514,8.7766,14.7336,0
1515,8.6639,15.8514,0
1516,7.5116,15.1522,0
1517,9.4781,14.5979,0
1518,8.5236,14.3472,0
1519,8.795,15.1867,0
1520,7.6956,16.2148,0
1521,7.8888,15.1039,0
1522,7.8267,15.81,0
1523,9.1515,15.5616,0
1524,9.3884,15.2672,0
1525,8.8686,14.982,0
1526,9.2274,14.8233,0
1527,9.3125,15.3592,0
1528,9.4045,16.2194,0
1529,7.944,13.0891,0
1530,8.9261,14.6508,0
1531,8.5949,15.2028,0
1532,7.8267,15.35,0
1533,7.7094,14.637,0
1534,8.7674,15.2534,0
1535,9.1745,14.7888,0
1536,9.209,14.8049,0
1537,7.3966,16.1987,0
1538,9.6506,15.5685,0
1539,8.3787,14.6278,0
1540,9.8829,14.5289,0
1541,8.3672,14.8762,0
1542,7.9624,16.04,0
1543,9.1584,15.3247,0
1544,7.9302,14.6876,0
1545,8.5535,16.5575,0
1546,8.6639,15.1913,0
1547,9.6874,15.4236,0
1548,8.6133,14.0459,0
1549,7.8428,14.4507,0
1550,8.1809,15.7571,0
1551,8.7904,14.4208,0
1552,9.2757,14.9061,0
1553,8.7237,15.189,0
1554,9.6115,15.6651,0
1555,8.8916,14.6968,0
1556,8.4983,16.224,0
1557,9.2136,13.7607,0
1558,8.7168,14.2437,0
1559,8.9008,16.017,0
1560,7.2448,15.0096,0
1561,8.9514,14.6347,0
1562,8.2614,15.2465,0
1563,8.7191,15.7939,0
1564,9.5333,15.4627,0
1565,9.5563,15.6927,0
1566,8.8157,16.1021,0
1567,8.5627,15.3339,0
1568,8.2959,15.6973,0
1569,8.818,15.4029,0
1570,10.5108,14.9912,0
1571,8.519,14.9751,0
1572,8.933,13.9286,0
1573,8.9445,14.683,0
1574,9.301,16.2976,0
1575,9.5724,15.8836,0
1576,7.5645,15.9089,0
1577,9.7564,14.9153,0
1578,8.1257,15.3546,0
1579,8.6455,16.5483,0
1580,8.8732,15.2258,0
1581,7.783,14.775,0
1582,8.6409,15.9135,0
1583,10.1221,15.1177,0
1584,7.2126,15.488,0
1585,7.8152,15.649,0
1586,9.8185,14.6715,0
1587,9.0388,15.6697,0
1588,9.3125,15.1016,0
1589,7.7462,15.2833,0
1590,7.3713,15.4029,0
1591,9.5563,14.9061,0
1592,8.4316,15.2994,0
1593,8.3603,16.7024,0
1594,8.8088,16.1159,0
1595,9.2941,15.143,0
1596,7.645,14.9452,0
1597,8.059,14.476,0
1598,8.7766,15.3868,0
1599,10.9892,13.0615,0
1600,12.0771,13.7607,0
1601,12.1921,14.6209,0
1602,12.0081,16.1136,0
1603,11.21,14.2874,0
1604,13.1903,13.4502,0
1605,10.4579,13.5376,0
1606,11.4055,15.5892,0
1607,12.3117,13.7078,0
1608,12.2542,15.0901,0
1609,11.785,14.7888,0
1610,11.3181,14.6347,0
1611,12.5486,13.9585,0
1612,11.3043,14.4553,0
1613,11.6562,14.9843,0
1614,11.3664,13.7814,0
1615,11.6447,15.5271,0
1616,10.9478,15.9388,0
1617,12.9649,15.1913,0
1618,11.0904,14.6163,0
1619,11.762,13.4732,0
1620,11.9575,14.5289,0
1621,10.9225,15.0993,0
1622,12.8177,14.7014,0
1623,11.2284,14.6531,0
1624,10.589,14.1379,0
1625,10.842,14.0896,0
1626,11.7459,15.166,0
1627,11.4446,13.0132,0
1628,10.4924,14.5266,0
1629,11.7459,14.154,0
1630,11.1778,14.3702,0
1631,12.3807,13.5951,0
1632,13.0132,14.1954,0
1633,10.8374,14.2989,0
1634,12.4175,13.3053,0
1635,13.1765,14.6922,0
1636,10.9455,14.8854,0
1637,11.9989,13.6756,0
1638,12.1553,14.4047,0
1639,13.1397,14.5427,0
1640,11.3641,15.1913,0
1641,11.5182,15.2626,0
1642,11.5274,15.1131,0
1643,11.6884,15.0119,0
1644,12.6107,14.959,0
1645,11.1686,15.5133,0
1646,12.774,14.4231,0
1647,11.6056,14.66,0
1648,11.8287,15.5363,0
1649,11.5688,15.649,0
1650,12.0909,15.1476,0
1651,10.6741,14.2184,0
1652,11.9966,13.7446,0
1653,11.3526,14.6301,0
1654,11.1111,14.1724,0
1655,12.912,13.878,0
1656,10.4395,14.5565,0
1657,12.5693,14.338,0
1658,11.2767,13.2064,0
1659,12.9074,15.7755,0
1660,10.7776,13.8711,0
1661,11.1778,14.1839,0
1662,11.8264,14.3656,0
1663,12.498,14.5036,0
1664,11.4009,13.6963,0
1665,11.4515,14.3495,0
1666,11.1157,13.2869,0
1667,10.6695,14.2506,0
1668,11.5527,13.8734,0
1669,12.4819,13.6871,0
1670,11.6171,15.718,0
1671,11.7436,13.8964,0
1672,11.4745,13.1673,0
1673,11.5297,14.0528,0
1674,12.0725,13.3904,0
1675,10.7086,15.4696,0
1676,11.6907,14.4438,0
1677,12.9718,15.3362,0
1678,12.0955,12.8568,0
1679,10.129,14.4852,0
1680,10.7408,14.5588,0
1681,12.1714,15.4052,0
1682,11.762,13.9447,0
1683,11.0973,13.1328,0
1684,12.222,14.6623,0
1685,11.7344,14.1402,0
1686,12.4037,14.4093,0
1687,12.1415,15.4742,0
1688,11.3595,14.3817,0
1689,12.6751,14.798,0
1690,11.9644,14.2322,0
1691,13.4203,13.5146,0
1692,11.9414,14.6255,0
1693,11.4055,14.6439,0
1694,10.2233,13.4893,0
1695,11.8356,15.4719,0
1696,11.2836,13.8159,0
1697,10.5476,14.0666,0
1698,11.946,15.0188,0
1699,26.9995,17.3234,0
1700,27.1398,16.4471,0
1701,27.8781,16.7806,0
1702,28.3933,16.822,0
1703,28.621,16.4632,0
1704,28.1495,18.156,0
1705,26.8132,17.7052,0
1706,26.6246,18.0847,0
1707,27.7976,18.2917,0
1708,26.7005,16.9232,0
1709,26.8891,17.0428,0
1710,28.2415,18.3032,0
1711,25.9944,16.6863,0
1712,27.9862,17.3602,0
1713,28.1449,16.5598,0
1714,26.5441,17.3441,0
1715,28.2622,18.8943,0
1716,27.3146,18.0824,0
1717,27.7378,16.9278,0
1718,27.0662,16.6311,0
1719,26.8776,18.6896,0
1720,27.9632,16.0469,0
1721,27.0961,17.3671,0
1722,27.6504,17.1762,0
1723,26.8201,18.823,0
1724,27.1214,18.2595,0
1725,25.8518,18.6183,0
1726,27.7332,16.9968,0
1727,27.0846,17.075,0
1728,27.7884,18.3492,0
1729,28.2898,17.9536,0
1730,27.0478,17.8271,0
1731,28.2139,18.133,0
1732,27.5032,18.3975,0
1733,26.252,18.4389,0
1734,27.1352,18.3906,0
1735,26.9972,17.1831,0
1736,26.9926,17.1923,0
1737,28.3542,16.6564,0
1738,27.6688,16.0009,0
1739,27.885,16.4747,0
1740,27.7056,18.7379,0
1741,25.9139,17.949,0
1742,26.6062,18.2963,0
1743,28.0069,17.9053,0
1744,27.8942,16.9209,0
1745,26.7488,16.0814,0
1746,26.3118,16.2907,0
1747,27.1628,16.73,0
1748,28.4117,18.1192,0
1749,27.0064,18.179,0
1750,26.551,17.6247,0
1751,27.2732,19.5176,0
1752,26.7166,17.5143,0
1753,27.0386,15.8077,0
1754,28.6693,17.4775,0
1755,28.6003,17.8593,0
1756,26.6154,17.7834,0
1757,27.379,17.9076,0
1758,27.4549,17.4959,0
1759,28.1196,18.2365,0
1760,28.1173,17.7259,0
1761,29.2926,17.4614,0
1762,28.6486,16.5667,0
1763,27.2824,17.1394,0
1764,27.5124,17.0313,0
1765,27.1513,17.236,0
1766,26.919,16.27,0
1767,27.7447,16.8749,0
1768,26.6729,17.3441,0
1769,25.8058,17.2751,0
1770,26.1646,15.9687,0
1771,27.4687,15.6329,0
1772,26.9282,18.1146,0
1773,26.1554,17.5764,0
1774,27.0524,17.6385,0
1775,26.6085,18.4205,0
1776,27.6021,18.9288,0
1777,25.677,17.9214,0
1778,26.0565,17.1831,0
1779,27.2111,18.6896,0
1780,27.2686,17.834,0
1781,27.5423,16.4609,0
1782,27.4043,17.0865,0
1783,28.046,18.0456,0
1784,27.6596,16.8726,0
1785,27.5216,16.5345,0
1786,27.2571,16.9623,0
1787,27.0248,17.4913,0
1788,27.4963,17.4062,0
1789,27.563,16.9324,0
1790,28.0161,16.8726,0
1791,26.8201,19.0576,0
1792,26.3371,18.1192,0
1793,25.9208,17.8547,0
1794,27.1352,18.9265,0
1795,25.8311,18.0295,0
1796,27.1881,17.6339,0
1797,27.6435,17.9789,0
1798,25.7897,17.7328,0
1799,11.7735,8.1878,0
1800,12.0909,7.6795,0
1801,11.509,8.7743,0
1802,11.1985,8.3442,0
1803,11.0536,8.289,0
1804,11.3319,8.0452,0
1805,10.6051,6.9044,0
1806,13.0017,6.6192,0
1807,11.5665,8.9905,0
1808,11.7022,8.289,0
1809,12.0794,8.5328,0
1810,11.8379,8.1648,0
1811,10.8443,7.7301,0
1812,11.5849,9.7656,0
1813,12.6751,7.4955,0
1814,11.9966,7.7669,0
1815,12.1576,8.8249,0
1816,12.0357,7.5116,0
1817,10.474,7.9302,0
1818,11.4745,7.415,0
1819,11.4009,8.4086,0
1820,12.3002,8.6248,0
1821,10.4579,9.0204,0
1822,10.9018,9.2573,0
1823,12.3025,7.9969,0
1824,11.2859,8.082,0
1825,12.5118,8.933,0
1826,11.946,6.8607,0
1827,10.4993,8.9307,0
1828,10.8949,9.9036,0
1829,11.1502,8.1924,0
1830,11.3825,8.4086,0
1831,12.337,8.2614,0
1832,10.5384,8.1648,0
1833,11.4699,6.8929,0
1834,12.061,8.3465,0
1835,11.4078,9.1285,0
1836,10.5752,8.5903,0
1837,12.958,7.4817,0
1838,10.8075,7.3046,0
1839,9.9634,7.8497,0
1840,10.9892,9.5747,0
1841,10.98,8.9146,0
1842,10.6741,8.4684,0
1843,11.4952,7.8451,0
1844,11.9345,8.4362,0
1845,12.8131,8.0498,0
1846,12.4382,8.5857,0
1847,12.4152,9.8875,0
1848,10.2693,8.289,0
1849,11.0812,8.4523,0
1850,10.2233,7.576,0
1851,11.3135,9.2159,0
1852,11.7275,7.484,0
1853,11.1571,9.8783,0
1854,11.9943,8.7858,0
1855,13.0109,7.9072,0
1856,10.1796,8.45,0
1857,11.8402,9.0135,0
1858,11.601,8.9813,0
1859,11.6378,8.9629,0
1860,10.7546,8.1694,0
1861,10.2141,7.4058,0
1862,9.6368,8.1947,0
1863,11.3733,8.2315,0
1864,9.7909,9.1561,0
1865,11.647,9.163,0
1866,11.1134,7.2264,0
1867,11.9713,8.1694,0
1868,9.8829,8.772,0
1869,12.2312,8.1809,0
1870,11.8333,7.1689,0
1871,12.1461,7.7554,0
1872,11.5458,7.3667,0
1873,9.0411,8.5466,0
1874,11.0329,7.3391,0
1875,11.5481,8.8617,0
1876,11.9161,8.2246,0
1877,10.1796,7.9578,0
1878,11.8103,8.2269,0
1879,10.9938,8.7145,0
1880,11.7321,7.7577,0
1881,11.0766,9.025,0
1882,11.8816,9.2872,0
1883,10.4924,8.8686,0
1884,11.7919,8.0613,0
1885,12.1967,9.3677,0
1886,10.474,8.588,0
1887,11.3963,7.5185,0
1888,12.0403,7.8911,0
1889,11.3457,8.8111,0
1890,11.67,8.5765,0
1891,11.3641,7.0999,0
1892,10.9064,7.2655,0
1893,11.3802,8.4086,0
1894,10.9501,8.6156,0
1895,11.6631,8.2039,0
1896,11.9851,9.6345,0
1897,12.0587,7.7347,0
1898,10.451,6.84,0
1899,4.3629,28.2208,0
1900,4.3284,26.9972,0
1901,5.5566,27.0041,0
1902,6.3202,27.3445,0
1903,4.4457,27.3008,0
1904,4.5998,26.3762,0
1905,5.2737,27.8206,0
1906,4.8344,27.0524,0
1907,4.908,29.2995,0
1908,7.2264,28.4278,0
1909,4.7447,26.8132,0
1910,5.6762,27.3238,0
1911,5.8924,28.2116,0
1912,5.4048,27.8114,0
1913,4.9034,26.8017,0
1914,4.7677,28.5727,0
1915,6.2673,26.8638,0
1916,6.3616,27.5584,0
1917,6.8492,28.3956,0
1918,6.1983,27.103,0
1919,7.1482,27.9724,0
1920,4.9402,27.2088,0
1921,5.2254,28.5014,0
1922,5.2116,27.6941,0
1923,6.6813,27.5607,0
1924,5.7659,28.1978,0
1925,5.6693,27.0225,0
1926,6.3869,27.2364,0
1927,5.2576,27.5492,0
1928,5.092,27.5538,0
1929,5.3013,27.6251,0
1930,4.149,27.2985,0
1931,5.5267,27.0777,0
1932,5.4324,27.5009,0
1933,5.3519,27.8413,0
1934,5.897,28.5336,0
1935,4.9379,27.7424,0
1936,5.3565,27.1145,0
1937,3.9328,26.7189,0
1938,5.5152,27.747,0
1939,3.7488,26.0611,0
1940,5.989,26.2382,0
1941,6.1845,27.9356,0
1942,4.1329,28.3266,0
1943,5.138,27.678,0
1944,5.8418,27.4595,0
1945,4.6274,28.9177,0
1946,5.644,28.0621,0
1947,4.6251,27.8045,0
1948,5.0345,27.6366,0
1949,5.8993,27.2824,0
1950,6.0626,27.0731,0
1951,4.8321,28.1035,0
1952,5.6808,27.9379,0
1953,5.0966,27.3445,0
1954,6.5939,28.1771,0
1955,4.6458,27.6711,0
1956,4.7999,28.368,0
1957,5.4462,29.2742,0
1958,4.3376,27.3077,0
1959,5.5612,27.6665,0
1960,6.6008,27.8275,0
1961,5.0644,27.5676,0
1962,4.4135,27.2778,0
1963,4.0271,27.2755,0
1964,4.7263,26.3716,0
1965,4.7309,26.7304,0
1966,5.897,29.2558,0
1967,5.0092,27.1651,0
1968,6.2696,27.3215,0
1969,6.4398,27.1329,0
1970,6.1086,27.885,0
1971,5.9269,27.8781,0
1972,6.2719,27.4687,0
1973,5.9729,27.9908,0
1974,5.2599,27.9471,0
1975,4.5676,27.9172,0
1976,6.3156,26.7856,0
1977,4.7447,27.1214,0
1978,4.5561,28.4784,0
1979,5.2001,28.046,0
1980,6.3317,27.4365,0
1981,5.9269,26.9374,0
1982,6.3179,27.7286,0
1983,3.5556,26.9305,0
1984,6.2604,26.6361,0
1985,5.0506,27.5699,0
1986,6.9688,27.563,0
1987,5.6486,27.2042,0
1988,5.5083,27.6642,0
1989,5.5911,28.6877,0
1990,5.5382,27.3008,0
1991,5.1081,27.5147,0
1992,4.3905,27.8252,0
1993,4.8505,27.9793,0
1994,5.4232,27.2709,0
1995,5.7383,27.8551,0
1996,5.9016,27.8045,0
1997,6.5525,26.9374,0
1998,4.3652,25.9622,0
1999,8.772,20.778,0
2000,9.6943,23.1999,0
2001,9.6713,20.6906,0
2002,8.6225,22.2132,0
2003,8.8134,21.1,0
2004,8.3005,21.2426,0
2005,8.8617,21.4059,0
2006,8.6754,19.7982,0
2007,7.1666,20.1018,0
2008,9.3838,21.2357,0
2009,9.0641,21.8015,0
2010,8.5489,21.6405,0
2011,8.8663,20.6929,0
2012,7.4035,20.1777,0
2013,8.6294,23.0297,0
2014,9.2113,21.9556,0
2015,9.2573,22.0246,0
2016,7.5116,22.5421,0
2017,8.9307,22.3121,0
2018,8.9215,21.2863,0
2019,8.9859,19.1082,0
2020,9.3815,21.6796,0
2021,8.151,21.7072,0
2022,8.6317,21.1184,0
2023,8.8318,20.3847,0
2024,8.2315,20.6768,0
2025,7.9509,20.6975,0
2026,8.312,21.3484,0
2027,8.4569,21.3185,0
2028,9.1147,21.5784,0
2029,7.806,22.0729,0
2030,9.6368,21.6888,0
2031,7.6726,22.1212,0
2032,8.9238,20.2444,0
2033,8.7559,21.7716,0
2034,8.9583,20.3226,0
2035,7.829,21.0218,0
2036,9.4459,21.9257,0
2037,9.0733,21.3852,0
2038,7.8152,21.4979,0
2039,8.6409,22.4202,0
2040,8.8364,20.7849,0
2041,7.8474,21.1046,0
2042,7.5668,20.5986,0
2043,9.5563,21.7555,0
2044,9.0526,22.1511,0
2045,9.3125,20.8309,0
2046,8.1119,21.7785,0
2047,9.9197,20.4928,0
2048,9.4597,21.0471,0
2049,9.4781,20.6239,0
2050,10.0048,21.4542,0
2051,8.9169,19.8419,0
2052,8.8042,22.2707,0
2053,9.9749,20.5388,0
2054,7.5576,20.1616,0
2055,7.6611,20.5043,0
2056,9.0825,22.5605,0
2057,8.5834,21.8636,0
2058,9.4505,22.1787,0
2059,8.2315,20.9505,0
2060,7.9923,19.4601,0
2061,8.3925,21.2242,0
2062,8.1073,22.1235,0
2063,7.668,20.3916,0
2064,9.669,20.2674,0
2065,8.6041,21.3622,0
2066,8.611,21.5255,0
2067,7.6427,22.1948,0
2068,8.6938,21.0011,0
2069,6.5617,21.4841,0
2070,9.5333,21.3852,0
2071,8.864,21.5117,0
2072,8.4132,21.1115,0
2073,7.8681,19.4348,0
2074,8.0475,20.0328,0
2075,9.6828,21.5922,0
2076,8.6915,20.3778,0
2077,8.5098,22.0315,0
2078,9.0802,21.5347,0
2079,9.1584,20.9436,0
2080,9.8783,19.5567,0
2081,9.4413,23.055,0
2082,9.3608,20.9551,0
2083,8.4086,20.6354,0
2084,8.8318,21.6129,0
2085,9.1538,21.7509,0
2086,7.8014,22.0361,0
2087,8.45,20.9804,0
2088,7.8359,22.7031,0
2089,7.6726,21.2334,0
2090,8.1602,20.7389,0
2091,8.4201,19.6993,0
2092,9.9197,21.2012,0
2093,10.2716,20.3709,0
2094,8.5351,22.0315,0
2095,9.4965,21.7003,0
2096,9.2343,21.4611,0
2097,8.6593,21.0011,0
2098,8.0268,20.3249,0
2099,14.2138,27.5331,0
2100,14.3173,27.5768,0
2101,15.2074,28.1196,0
2102,14.4737,25.5712,0
2103,14.2276,27.4802,0
2104,13.1742,27.0156,0
2105,14.3679,25.861,0
2106,14.3587,26.7994,0
2107,14.2092,26.1485,0
2108,14.1655,27.2617,0
2109,13.4134,26.7672,0
2110,14.3242,26.6568,0
2111,13.3881,26.0013,0
2112,13.2363,26.1554,0
2113,14.4737,26.965,0
2114,15.4719,26.8868,0
2115,13.7101,26.5119,0
2116,13.7423,25.1411,0
2117,13.901,25.7368,0
2118,14.7819,26.643,0
2119,13.924,25.2906,0
2120,14.8233,26.2842,0
2121,14.0068,28.3795,0
2122,13.464,27.5055,0
2123,15.4466,26.4107,0
2124,14.7359,27.4825,0
2125,14.1885,27.6826,0
2126,14.4691,25.2446,0
2127,15.6881,26.9742,0
2128,13.0753,28.7199,0
2129,13.0477,26.8408,0
2130,14.7451,24.9019,0
2131,14.2598,26.0105,0
2132,14.4254,27.8022,0
2133,12.9051,25.7805,0
2134,14.9406,27.6757,0
2135,13.0615,26.965,0
2136,14.0459,26.3463,0
2137,13.3881,26.1278,0
2138,14.3127,25.9645,0
2139,14.7359,27.5722,0
2140,14.1839,26.3417,0
2141,13.3536,26.3026,0
2142,13.4962,26.5947,0
2143,13.9907,25.6471,0
2144,13.2409,26.8707,0
2145,14.0666,26.9903,0
2146,13.4801,27.5791,0
2147,16.914,26.6821,0
2148,14.5611,26.9167,0
2149,14.4737,26.8224,0
2150,13.8021,26.9673,0
2151,13.1466,26.896,0
2152,13.1627,26.8454,0
2153,15.5961,25.0813,0
2154,14.729,27.4756,0
2155,15.1177,27.7953,0
2156,14.568,25.7483,0
2157,12.6613,26.5349,0
2158,13.9953,26.8615,0
2159,13.6825,26.7695,0
2160,13.2593,27.5952,0
2161,14.2368,26.9742,0
2162,14.1678,26.0542,0
2163,14.6738,27.7746,0
2164,14.2115,25.9898,0
2165,14.1586,25.5413,0
2166,14.3587,26.0542,0
2167,13.4985,27.1513,0
2168,14.0919,26.0703,0
2169,14.6232,26.2865,0
2170,13.9631,27.5032,0
2171,13.855,26.6223,0
2172,13.8412,26.2428,0
2173,14.5059,27.3077,0
2174,14.0873,28.6118,0
2175,13.1742,26.9213,0
2176,13.4686,26.9489,0
2177,14.0804,27.5331,0
2178,14.8854,26.9443,0
2179,13.8136,25.9277,0
2180,14.0919,26.5947,0
2181,14.5289,26.5602,0
2182,14.6807,25.7828,0
2183,15.1476,26.3417,0
2184,15.3868,26.2612,0
2185,13.4548,26.758,0
2186,13.0592,28.0368,0
2187,13.4088,27.1513,0
2188,13.2317,27.8551,0
2189,14.5542,26.1278,0
2190,13.0983,25.2354,0
2191,14.1195,25.7161,0
2192,12.8085,26.574,0
2193,13.2501,26.5096,0
2194,14.7727,26.4866,0
2195,13.4709,27.3031,0
2196,13.7538,27.9471,0
2197,13.7906,26.2635,0
2198,14.4806,27.5561,0
2199,24.435,27.8137,0
2200,25.3136,28.0115,0
2201,26.0795,28.0667,0
2202,23.8025,26.9719,0
2203,25.4148,27.2663,0
2204,24.9663,29.15,0
2205,25.2216,27.1743,0
2206,24.4166,28.5175,0
2207,25.4194,26.6568,0
2208,24.5891,27.4296,0
2209,25.5597,26.9328,0
2210,24.7616,26.4866,0
2211,25.7759,28.6923,0
2212,26.6936,28.1863,0
2213,24.3637,26.8707,0
2214,25.1963,27.2479,0
2215,28.7268,26.7212,0
2216,25.7506,27.0731,0
2217,26.1048,26.1876,0
2218,24.0325,26.4337,0
2219,25.4378,27.5952,0
2220,25.7138,28.7935,0
2221,26.1416,28.5451,0
2222,25.1825,26.3578,0
2223,24.8375,27.8896,0
2224,25.2952,27.057,0
2225,24.5776,27.8206,0
2226,25.1917,27.563,0
2227,24.9341,28.2507,0
2228,23.3747,28.3703,0
2229,25.9599,28.5796,0
2230,24.0601,27.1904,0
2231,25.4815,29.3616,0
2232,24.5385,29.7963,0
2233,26.1899,28.0414,0
2234,24.1291,27.4181,0
2235,24.849,27.5837,0
2236,25.7736,27.4549,0
2237,24.7984,27.4687,0
2238,25.7943,28.4807,0
2239,24.9962,27.8045,0
2240,24.5431,28.6923,0
2241,24.2993,28.5497,0
2242,26.0772,28.7268,0
2243,25.6862,27.7378,0
2244,25.9944,27.0202,0
2245,23.2252,29.2466,0
2246,25.6195,29.8538,0
2247,24.136,28.4922,0
2248,24.9548,28.7107,0
2249,25.2032,28.3381,0
2250,24.2487,27.5078,0
2251,26.4567,29.012,0
2252,25.3389,27.8574,0
2253,26.2635,28.6946,0
2254,25.2883,28.0391,0
2255,26.5119,27.8436,0
2256,25.2262,27.5193,0
2257,25.4171,27.1099,0
2258,25.5712,27.3077,0
2259,26.0634,27.0685,0
2260,24.9571,28.4646,0
2261,25.0997,29.0787,0
2262,25.1687,29.1247,0
2263,24.4005,27.6872,0
2264,26.3831,29.2351,0
2265,25.5114,28.9407,0
2266,24.8559,27.1191,0
2267,24.32,28.0989,0
2268,23.745,27.4066,0
2269,25.5367,27.8045,0
2270,25.4286,28.0506,0
2271,24.9065,26.6867,0
2272,25.5413,28.3427,0
2273,25.884,27.9586,0
2274,27.8666,29.2903,0
2275,26.3302,28.2829,0
2276,25.9622,27.0064,0
2277,25.7414,28.1334,0
2278,23.8485,28.0069,0
2279,25.4976,25.1802,0
2280,24.8996,27.3928,0
2281,25.6701,27.126,0
2282,25.9852,28.5313,0
2283,25.4309,27.8873,0
2284,27.1099,27.0593,0
2285,25.4815,27.2479,0
2286,24.0946,27.0938,0
2287,24.6052,27.655,0
2288,24.8191,25.0031,0
2289,25.2607,27.3514,0
2290,25.3849,29.4375,0
2291,24.2441,27.6481,0
2292,24.6696,26.8523,0
2293,24.228,27.1076,0
2294,25.3711,28.2898,0
2295,24.412,27.4043,0
2296,24.7938,28.7429,0
2297,25.1411,27.0064,0
2298,24.2717,27.6274,0
2299,26.6821,22.9722,0
2300,26.0749,22.4961,0
2301,26.6775,21.4588,0
2302,26.7143,21.8613,0
2303,27.2157,23.9359,0
2304,27.126,21.974,0
2305,27.3537,21.5945,0
2306,27.2824,21.4749,0
2307,26.9581,22.4662,0
2308,27.0432,21.9487,0
2309,26.942,22.342,0
2310,26.3394,23.2551,0
2311,25.3734,21.7762,0
2312,26.2865,21.5646,0
2313,26.8891,21.9648,0
2314,27.103,21.3277,0
2315,27.6159,22.319,0
2316,26.2612,22.4294,0
2317,27.126,20.7527,0
2318,26.5671,21.33,0
2319,26.7488,22.7054,0
2320,26.5165,22.5467,0
2321,26.6292,22.1626,0
2322,27.6941,23.5265,0
2323,26.6108,22.1097,0
2324,27.1421,21.7877,0
2325,26.7051,20.7803,0
2326,27.5883,22.0154,0
2327,25.5252,21.5439,0
2328,26.0588,21.1207,0
2329,26.6752,22.0959,0
2330,26.8339,21.2219,0
2331,27.0202,20.6561,0
2332,26.9351,21.9096,0
2333,26.1876,22.9998,0
2334,27.3238,20.5319,0
2335,26.1002,19.7499,0
2336,25.7713,23.0297,0
2337,26.3578,21.6359,0
2338,26.2566,21.8889,0
2339,27.8689,21.7693,0
2340,27.7263,22.5467,0
2341,26.229,22.0982,0
2342,26.5349,21.9763,0
2343,26.459,22.4087,0
2344,26.4084,21.5577,0
2345,27.1375,22.4524,0
2346,25.0422,23.0872,0
2347,27.3514,20.5894,0
2348,27.793,22.5352,0
2349,26.5119,22.5099,0
2350,27.2387,22.3006,0
2351,25.8196,21.0839,0
2352,26.7212,21.008,0
2353,26.6959,21.6589,0
2354,25.9139,23.2183,0
2355,27.1697,22.112,0
2356,27.2525,21.8613,0
2357,26.2221,21.675,0
2358,26.7925,21.3829,0
2359,26.0542,23.1378,0
2360,27.2548,20.8562,0
2361,26.6545,22.6042,0
2362,26.8224,22.4156,0
2363,27.1076,22.365,0
2364,27.1881,21.6888,0
2365,27.5768,21.5899,0
2366,26.321,22.0292,0
2367,25.4033,22.7284,0
2368,27.0593,21.629,0
2369,27.4135,22.3443,0
2370,26.2175,21.5738,0
2371,27.0225,22.4984,0
2372,27.2571,22.6479,0
2373,25.8679,22.0039,0
2374,27.8367,22.6226,0
2375,26.7051,23.3057,0
2376,28.092,22.8411,0
2377,26.9305,22.4064,0
2378,26.5648,21.1506,0
2379,28.1426,21.4956,0
2380,27.3192,22.4041,0
2381,26.6246,21.2403,0
2382,26.114,21.3047,0
2383,25.4723,22.5513,0
2384,27.4181,21.5715,0
2385,27.2617,20.0374,0
2386,26.6614,21.4542,0
2387,28.5014,21.9326,0
2388,27.0455,22.5789,0
2389,28.1035,21.3898,0
2390,27.103,21.8475,0
2391,26.5487,21.4795,0
2392,26.9006,21.261,0
2393,26.3693,22.6318,0
2394,26.5372,23.3103,0
2395,27.3606,24.0371,0
2396,26.2612,22.6134,0
2397,25.2883,22.1902,0
2398,25.7184,22.4915,0
2399,22.6801,4.5492,0
2400,22.2454,5.8211,0
2401,22.0936,6.1063,0
2402,22.9837,6.2075,0
2403,21.2196,5.7636,0
2404,20.3709,6.0534,0
2405,23.1792,5.0713,0
2406,21.813,7.0953,0
2407,21.5025,5.4853,0
2408,22.9193,4.3583,0
2409,21.3392,5.7406,0
2410,22.3282,5.3519,0
2411,21.8153,5.2323,0
2412,22.2132,4.6412,0
2413,21.4519,4.701,0
2414,22.5651,6.0718,0
2415,21.8659,6.0028,0
2416,22.6755,4.6021,0
2417,20.0857,6.1937,0
2418,20.9988,5.2645,0
2419,22.1925,6.4467,0
2420,22.0982,6.0925,0
2421,22.135,5.9821,0
2422,22.9492,4.6412,0
2423,22.963,4.5193,0
2424,22.1879,5.8441,0
2425,20.8401,5.6946,0
2426,21.6589,6.6928,0
2427,22.1695,5.3703,0
2428,22.158,6.104,0
2429,21.2081,4.8758,0
2430,21.5347,5.2714,0
2431,21.2725,4.5607,0
2432,22.6617,6.4421,0
2433,22.5007,5.3381,0
2434,21.5071,5.0897,0
2435,22.3466,6.1316,0
2436,21.4519,3.8776,0
2437,23.5403,6.1569,0
2438,22.2224,4.6734,0
2439,21.3185,5.9177,0
2440,21.1575,4.8804,0
2441,22.2431,5.3795,0
2442,23.5955,5.3795,0
2443,22.4547,6.2811,0
2444,22.5674,4.7677,0
2445,21.7739,4.0938,0
2446,21.8199,5.8234,0
2447,21.6589,5.4646,0
2448,21.3576,6.4306,0
2449,23.2689,6.0051,0
2450,22.7537,5.5934,0
2451,22.1695,5.7728,0
2452,22.5812,5.0437,0
2453,22.9814,6.8515,0
2454,22.6364,6.8653,0
2455,22.7606,5.9407,0
2456,21.8705,4.1858,0
2457,23.1194,5.621,0
2458,23.0527,5.1702,0
2459,23.0159,5.9131,0
2460,22.0568,5.782,0
2461,21.9027,4.701,0
2462,21.6589,5.8602,0
2463,21.8475,6.7549,0
2464,20.341,5.5658,0
2465,21.8774,5.2231,0
2466,21.8682,4.8482,0
2467,22.0729,5.2691,0
2468,21.9257,5.4048,0
2469,21.5692,4.5561,0
2470,22.2086,5.5221,0
2471,22.5421,5.874,0
2472,20.1501,7.231,0
2473,23.0205,5.2093,0
2474,21.8406,7.001,0
2475,22.5352,5.8878,0
2476,23.2505,5.1886,0
2477,23.6668,7.5024,0
2478,20.7504,5.2898,0
2479,22.4432,4.0892,0
2480,22.2569,5.9798,0
2481,22.2707,5.5773,0
2482,21.859,4.8827,0
2483,22.6456,6.702,0
2484,23.2919,5.1196,0
2485,23.8761,6.3754,0
2486,22.296,6.0051,0
2487,21.8153,6.0718,0
2488,21.7371,5.3979,0
2489,22.6571,5.2806,0
2490,22.3903,6.3869,0
2491,22.2247,5.6302,0
2492,22.2201,5.4071,0
2493,21.2311,5.9867,0
2494,21.767,6.2696,0
2495,21.7233,6.5387,0
2496,22.2569,5.8441,0
2497,21.583,3.7925,0
2498,21.2541,5.5934,0
2499,22.8871,16.8542,0
2500,23.3931,16.4655,0
2501,22.894,15.2833,0
2502,25.5804,15.4167,0
2503,22.5214,15.9871,0
2504,21.7693,16.2194,0
2505,22.4432,14.5703,0
2506,21.9556,16.0653,0
2507,23.8324,17.3993,0
2508,22.3397,16.0078,0
2509,23.6116,16.8404,0
2510,22.8963,16.2585,0
2511,21.8843,16.0285,0
2512,23.0366,15.4144,0
2513,22.8043,15.4052,0
2514,21.7555,15.4144,0
2515,22.6985,16.7001,0
2516,21.7072,15.5754,0
2517,22.4754,15.3063,0
2518,22.9377,16.6817,0
2519,23.3655,15.718,0
2520,23.4782,15.7686,0
2521,23.0274,15.833,0
2522,21.9648,15.6605,0
2523,23.0619,16.1826,0
2524,22.5375,15.9664,0
2525,21.9142,15.9963,0
2526,23.2022,16.4287,0
2527,21.6635,17.351,0
2528,22.8687,15.1568,0
2529,22.963,15.9802,0
2530,23.0596,16.2585,0
2531,24.2096,16.1205,0
2532,23.1654,15.2948,0
2533,21.7072,15.4374,0
2534,23.2712,16.3643,0
2535,22.9193,16.4195,0
2536,21.7509,15.3776,0
2537,22.9354,15.3661,0
2538,20.64,17.1739,0
2539,23.2321,17.7926,0
2540,23.4,18.3929,0
2541,23.0895,16.3666,0
2542,23.5794,16.8703,0
2543,23.2988,16.385,0
2544,23.4759,16.8151,0
2545,22.6594,16.1504,0
2546,23.2321,15.0257,0
2547,22.0706,16.063,0
2548,22.0683,17.2797,0
2549,24.3039,15.4903,0
2550,22.7077,15.3845,0
2551,22.1189,15.8284,0
2552,24.0785,15.2833,0
2553,23.3448,16.4908,0
2554,23.4713,17.6132,0
2555,22.5559,16.73,0
2556,23.5242,15.2971,0
2557,23.1332,16.3298,0
2558,22.1603,16.9531,0
2559,22.963,14.8923,0
2560,23.952,17.282,0
2561,24.1475,16.7208,0
2562,23.0366,15.6743,0
2563,22.3811,15.9434,0
2564,22.227,15.028,0
2565,22.9423,17.213,0
2566,22.3558,16.224,0
2567,22.9584,15.0786,0
2568,23.009,16.7116,0
2569,22.9837,15.8974,0
2570,23.078,16.0699,0
2571,21.3024,17.2314,0
2572,23.0481,16.5184,0
2573,23.0918,15.3592,0
2574,22.7675,17.949,0
2575,22.9308,16.0814,0
2576,22.9906,18.3239,0
2577,22.7491,16.6909,0
2578,21.8383,16.1688,0
2579,24.067,16.6058,0
2580,23.0343,16.7691,0
2581,21.5416,16.1021,0
2582,21.5853,16.3551,0
2583,23.5518,15.8422,0
2584,22.8572,16.2033,0
2585,23.1953,15.7824,0
2586,22.9492,14.7543,0
2587,23.1378,15.9181,0
2588,23.1447,14.9705,0
2589,24.0555,16.5621,0
2590,22.7951,15.5386,0
2591,24.4787,17.9421,0
2592,23.4253,17.1509,0
2593,22.6249,15.419,0
2594,23.1355,15.9756,0
2595,22.825,16.4954,0
2596,24.2257,16.0354,0
2597,23.3149,17.0014,0
2598,23.3931,15.9549,0
2599,22.7215,11.1134,0
2600,24.2441,11.5734,0
2601,23.0159,10.9478,0
2602,22.0867,12.5348,0
2603,23.9543,11.5849,0
2604,21.8222,10.9639,0
2605,24.0417,11.7804,0
2606,22.0499,11.9115,0
2607,22.5191,11.2744,0
2608,22.3903,11.2629,0
2609,22.7606,11.4193,0
2610,22.4938,11.4699,0
2611,22.4432,11.1341,0
2612,23.5541,13.1167,0
2613,22.9791,11.5803,0
2614,22.7652,12.7142,0
2615,20.3709,10.9524,0
2616,23.4253,10.8558,0
2617,22.4455,11.9138,0
2618,23.2436,13.487,0
2619,21.3783,11.8586,0
2620,22.7974,10.7477,0
2621,23.2137,12.5578,0
2622,23.7956,12.9327,0
2623,22.5674,13.0707,0
2624,23.0228,11.9667,0
2625,21.7394,10.7822,0
2626,22.0062,11.5826,0
2627,21.3415,13.1121,0
2628,22.0315,11.5297,0
2629,22.687,10.8949,0
2630,22.1718,12.0035,0
2631,24.0233,13.2179,0
2632,23.5518,12.2174,0
2633,22.9032,11.5274,0
2634,21.6221,12.1691,0
2635,22.6318,10.7615,0
2636,22.2155,12.1599,0
2637,22.273,11.9322,0
2638,23.9175,12.9258,0
2639,22.365,11.8701,0
2640,22.4915,11.7137,0
2641,23.8278,12.7579,0
2642,23.607,12.1553,0
2643,23.308,11.0191,0
2644,23.9451,10.2923,0
2645,22.4064,12.5371,0
2646,22.4984,11.9575,0
2647,21.997,10.8144,0
2648,23.2459,11.8011,0
2649,22.2891,11.9874,0
2650,23.1539,11.417,0
2651,22.8641,13.142,0
2652,21.6336,12.2312,0
2653,23.2252,11.9989,0
2654,22.3719,11.7413,0
2655,23.8577,11.8126,0
2656,23.1792,11.1111,0
2657,21.7187,12.2818,0
2658,23.4483,12.1691,0
2659,23.0826,12.4566,0
2660,23.0044,11.4331,0
2661,21.905,12.4359,0
2662,22.7514,11.2008,0
2663,24.1981,10.8604,0
2664,23.1677,12.3209,0
2665,21.6865,12.2335,0
2666,22.3673,13.2616,0
2667,22.9216,11.6309,0
2668,21.6865,12.0403,0
2669,22.1672,10.8006,0
2670,21.9579,11.3549,0
2671,22.8963,11.7505,0
2672,22.917,11.1272,0
2673,23.2712,12.3209,0
2674,22.7146,12.0081,0
2675,22.0315,12.2726,0
2676,22.2868,10.52,0
2677,22.9308,13.2455,0
2678,21.7808,12.1047,0
2679,23.8094,12.4106,0
2680,22.4639,11.3641,0
2681,22.1557,11.4308,0
2682,22.6686,11.7321,0
2683,22.7123,12.0771,0
2684,23.722,11.7367,0
2685,22.7399,11.5044,0
2686,22.3581,11.6424,0
2687,22.0683,12.2864,0
2688,22.457,11.3158,0
2689,22.5099,12.1093,0
2690,21.8544,11.164,0
2691,22.6157,11.8517,0
2692,24.0946,11.9874,0
2693,22.1994,11.6861,0
2694,23.1723,11.2399,0
2695,22.963,11.9,0
2696,22.411,12.2703,0
2697,23.3218,12.659,0
2698,23.2321,12.0426,0
2699,10.4027,23.6553,0
2700,10.0117,24.0394,0
2701,10.5499,23.9474,0
2702,10.7523,25.4355,0
2703,8.7766,25.2837,0
2704,9.4689,23.4667,0
2705,10.7822,23.3402,0
2706,10.9662,23.8646,0
2707,10.0669,26.0749,0
2708,9.6069,25.0698,0
2709,9.5149,25.0882,0
2710,11.1755,25.9967,0
2711,11.0122,25.3412,0
2712,10.0255,23.9773,0
2713,9.6184,25.3987,0
2714,10.4326,24.5178,0
2715,9.0825,22.135,0
2716,8.6547,24.757,0
2717,10.7776,24.4902,0
2718,9.4114,24.4695,0
2719,10.1796,24.6857,0
2720,10.6787,23.9934,0
2721,11.4814,24.4327,0
2722,9.3999,23.6622,0
2723,10.2762,24.6512,0
2724,10.9202,24.7708,0
2725,9.2458,24.849,0
2726,10.4142,24.5201,0
2727,9.9289,24.7915,0
2728,10.0439,24.3936,0
2729,10.5476,23.6208,0
2730,10.4119,25.9737,0
2731,11.0766,23.8715,0
2732,9.7886,24.5592,0
2733,9.9611,24.4396,0
2734,10.2762,24.4235,0
2735,10.9639,24.964,0
2736,10.5982,24.7616,0
2737,10.1405,23.2942,0
2738,11.3664,23.8531,0
2739,10.3452,24.2947,0
2740,10.3567,24.3867,0
2741,9.9082,24.849,0
2742,9.393,23.239,0
2743,11.7551,23.9796,0
2744,10.1313,25.0284,0
2745,9.8162,23.8945,0
2746,9.4712,24.7915,0
2747,10.175,25.1779,0
2748,10.3452,24.6535,0
2749,9.5839,25.4516,0
2750,9.5103,25.9369,0
2751,10.7155,23.0527,0
2752,9.7679,25.0077,0
2753,11.0099,24.4534,0
2754,10.8903,24.734,0
2755,9.2596,24.2211,0
2756,8.519,22.8986,0
2757,10.612,25.2032,0
2758,10.5522,22.9055,0
2759,11.4009,23.9819,0
2760,10.0002,24.0486,0
2761,11.555,25.0399,0
2762,10.819,24.8168,0
2763,9.6276,24.3108,0
2764,11.0674,24.2165,0
2765,10.9041,24.0095,0
2766,9.1814,25.3895,0
2767,9.8599,24.1199,0
2768,9.922,23.7059,0
2769,10.1244,25.0031,0
2770,9.7472,24.2947,0
2771,11.003,24.2372,0
2772,10.2026,24.1153,0
2773,11.3526,23.5058,0
2774,10.681,23.3356,0
2775,10.5315,24.9571,0
2776,11.0122,25.0905,0
2777,10.3958,23.4368,0
2778,9.8024,23.9704,0
2779,9.8484,23.8393,0
2780,10.5706,23.8761,0
2781,10.1773,24.7271,0
2782,10.819,23.8324,0
2783,11.8563,25.9346,0
2784,10.083,24.1015,0
2785,9.508,23.8439,0
2786,9.5333,24.8697,0
2787,10.4303,23.4759,0
2788,9.1814,24.9732,0
2789,10.5844,23.7749,0
2790,9.485,22.9354,0
2791,10.1796,22.3167,0
2792,10.589,23.8531,0
2793,8.8203,25.0905,0
2794,10.6258,24.2096,0
2795,10.4395,24.0164,0
2796,10.4441,24.0785,0
2797,9.4528,24.5615,0
2798,10.3567,24.3154,0
2799,14.4783,21.7647,0
2800,15.0487,22.5398,0
2801,14.5358,22.388,0
2802,14.7934,23.147,0
2803,15.3822,21.7624,0
2804,16.8105,21.8291,0
2805,16.2838,22.4271,0
2806,16.5644,21.0103,0
2807,16.0653,22.5444,0
2808,16.5874,22.4708,0
2809,15.7042,22.1419,0
2810,17.2015,20.7826,0
2811,15.7318,22.4915,0
2812,15.1269,20.4468,0
2813,15.8468,22.8572,0
2814,15.8353,21.6865,0
2815,16.5874,23.3931,0
2816,14.7865,22.2086,0
2817,14.6968,21.8751,0
2818,15.7042,22.8664,0
2819,14.5174,22.7054,0
2820,15.2672,21.422,0
2821,15.2534,20.9712,0
2822,15.9871,21.9648,0
2823,15.1292,23.0343,0
2824,15.5662,22.6916,0
2825,17.3924,20.8516,0
2826,16.1297,22.1419,0
2827,15.2465,22.1695,0
2828,14.6692,20.8608,0
2829,14.5818,23.2758,0
2830,15.3132,21.5485,0
2831,15.1729,22.8503,0
2832,15.2557,21.2265,0
2833,15.7594,21.7693,0
2834,15.5547,21.9096,0
2835,14.3173,23.2896,0
2836,14.8601,22.2891,0
2837,14.5657,23.1976,0
2838,14.8003,22.2086,0
2839,14.9958,21.8866,0
2840,14.6485,21.1368,0
2841,14.6002,21.8406,0
2842,14.982,21.0034,0
2843,15.1269,21.6566,0
2844,15.3132,22.3558,0
2845,14.9429,21.4496,0
2846,15.4903,21.3415,0
2847,14.6623,21.3277,0
2848,15.0809,22.6709,0
2849,15.0901,21.3346,0
2850,15.7479,22.6985,0
2851,15.9986,22.802,0
2852,15.7502,21.8912,0
2853,15.8882,22.595,0
2854,14.66,22.2569,0
2855,16.1918,21.468,0
2856,15.4489,20.9597,0
2857,14.5519,21.9878,0
2858,15.3799,21.3116,0
2859,16.2401,21.6934,0
2860,17.0106,21.8383,0
2861,14.9291,23.4138,0
2862,15.6467,21.1575,0
2863,15.5018,20.7596,0
2864,15.6421,21.5025,0
2865,15.6352,21.3944,0
2866,15.8008,21.5738,0
2867,14.9314,22.181,0
2868,14.177,21.3622,0
2869,14.3909,22.1925,0
2870,14.9613,21.2081,0
2871,15.6858,21.1207,0
2872,15.8905,21.1069,0
2873,16.1343,21.1414,0
2874,15.8215,22.1373,0
2875,14.4921,21.5531,0
2876,15.8974,21.4841,0
2877,14.2529,21.6911,0
2878,16.4356,23.4874,0
2879,16.0354,23.2482,0
2880,15.8629,23.6714,0
2881,14.3909,21.7141,0
2882,16.6104,20.9459,0
2883,15.6766,22.3811,0
2884,14.8877,21.9073,0
2885,15.4742,21.9694,0
2886,15.8169,21.7762,0
2887,15.5846,22.5053,0
2888,15.1706,21.7762,0
2889,15.3247,22.3926,0
2890,15.879,20.4192,0
2891,14.844,22.0729,0
2892,15.2695,21.4933,0
2893,14.5887,23.3172,0
2894,15.5731,21.2449,0
2895,15.81,21.2794,0
2896,15.6766,22.2086,0
2897,14.9406,22.526,0
2898,13.9999,21.6474,0
2899,6.2144,11.6723,0
2900,5.8073,11.3227,0
2901,5.5474,10.2233,0
2902,3.9811,10.7615,0
2903,5.4117,11.0053,0
2904,4.2272,10.2279,0
2905,6.2282,10.1543,0
2906,4.5929,8.9054,0
2907,5.4991,9.5954,0
2908,4.0708,10.5844,0
2909,3.9788,10.2233,0
2910,4.1237,10.2187,0
2911,4.0616,9.9979,0
2912,4.563,10.7086,0
2913,4.3353,10.1658,0
2914,4.8735,9.8599,0
2915,4.3583,9.3102,0
2916,5.2829,10.1911,0
2917,4.6527,9.4068,0
2918,5.4255,11.8103,0
2919,4.7194,9.5149,0
2920,4.9126,10.589,0
2921,3.8776,10.9777,0
2922,4.6159,10.1152,0
2923,5.2714,9.2826,0
2924,5.2875,10.1497,0
2925,4.954,8.9307,0
2926,4.0662,9.8415,0
2927,4.8758,10.9915,0
2928,6.1316,9.3102,0
2929,4.6596,10.2854,0
2930,5.5773,9.5034,0
2931,5.5474,10.2647,0
2932,4.5653,10.566,0
2933,6.1201,9.4137,0
2934,4.8482,9.3102,0
2935,4.6596,11.0214,0
2936,5.5819,9.9933,0
2937,5.1058,11.5274,0
2938,4.8068,8.1395,0
2939,5.897,10.2325,0
2940,5.4899,10.957,0
2941,4.8781,9.5425,0
2942,4.5354,9.4436,0
2943,4.8827,10.2486,0
2944,6.2673,10.819,0
2945,4.8091,9.6529,0
2946,5.8924,10.6465,0
2947,5.2737,10.98,0
2948,5.2369,9.0848,0
2949,5.9798,9.3447,0
2950,4.7378,10.6833,0
2951,5.644,10.6327,0
2952,4.54,9.278,0
2953,5.2576,10.957,0
2954,4.701,9.1423,0
2955,6.1247,10.6741,0
2956,5.9821,9.4137,0
2957,3.8017,10.704,0
2958,4.1605,10.0416,0
2959,5.4876,10.7247,0
2960,4.2916,9.1492,0
2961,6.081,10.1612,0
2962,5.069,10.8397,0
2963,6.8055,9.4459,0
2964,3.9742,10.1819,0
2965,4.8781,10.2095,0
2966,4.3974,8.7605,0
2967,6.3662,9.4045,0
2968,4.6619,10.4648,0
2969,5.552,9.715,0
2970,4.3974,10.3866,0
2971,5.1196,10.2118,0
2972,5.7222,10.5177,0
2973,4.7033,9.3608,0
2974,4.8965,9.1515,0
2975,5.4692,10.0094,0
2976,6.1109,10.6695,0
2977,4.3422,11.5504,0
2978,5.2484,9.4206,0
2979,4.8574,9.7219,0
2980,5.5566,11.1801,0
2981,5.6578,9.3424,0
2982,4.701,9.8783,0
2983,4.632,11.6723,0
2984,5.0115,10.3981,0
2985,5.6555,10.2969,0
2986,4.9885,10.6557,0
2987,5.7636,10.5085,0
2988,5.483,11.1111,0
2989,5.7935,10.6005,0
2990,5.0092,11.5159,0
2991,4.7976,9.6897,0
2992,5.7222,9.7472,0
2993,6.2144,9.8277,0
2994,5.4899,10.7086,0
2995,5.2323,10.198,0
2996,4.1076,10.7132,0
2997,4.6872,11.7666,0
2998,5.5198,10.1681,0
2999,5.8441,17.3993,0
3000,4.6182,17.7535,0
3001,5.368,17.5005,0
3002,6.0672,15.9986,0
3003,5.8533,16.4103,0
3004,5.4899,17.2774,0
3005,5.6279,16.5667,0
3006,5.0253,18.156,0
3007,6.6882,16.2424,0
3008,5.897,17.3625,0
3009,5.1173,16.7461,0
3010,5.6118,17.3809,0
3011,6.0511,16.1021,0
3012,4.3192,16.661,0
3013,5.9775,17.8248,0
3014,5.9223,16.9899,0
3015,5.7889,16.8933,0
3016,5.5267,16.0883,0
3017,6.7181,17.5971,0
3018,5.4508,15.3776,0
3019,5.7498,17.0014,0
3020,5.7406,15.9641,0
3021,7.0309,16.73,0
3022,5.4117,17.0819,0
3023,4.3307,17.2567,0
3024,5.8993,16.5437,0
3025,6.2075,15.6697,0
3026,6.0741,17.696,0
3027,5.253,16.8128,0
3028,4.5354,15.8491,0
3029,6.1132,16.0446,0
3030,5.2484,17.6615,0
3031,6.6767,15.7387,0
3032,6.1086,17.3855,0
3033,5.7935,17.8478,0
3034,6.1132,16.1872,0
3035,5.8004,15.4972,0
3036,6.7388,17.2337,0
3037,6.1891,18.1169,0
3038,5.0644,17.5649,0
3039,4.8758,16.5598,0
3040,5.0828,17.7834,0
3041,5.7935,17.4499,0
3042,6.7802,16.983,0
3043,4.862,17.1118,0
3044,6.0465,17.5051,0
3045,5.5888,16.3114,0
3046,6.3455,16.8772,0
3047,5.7084,15.7893,0
3048,6.2535,16.4954,0
3049,6.6537,17.0198,0
3050,6.2052,15.6674,0
3051,6.3018,15.7893,0
3052,5.9453,16.7967,0
3053,5.6394,17.9766,0
3054,5.4761,16.9186,0
3055,7.0608,16.086,0
3056,4.7562,17.8777,0
3057,5.4531,17.4154,0
3058,6.1155,16.8772,0
3059,5.9936,17.7029,0
3060,4.8643,16.0814,0
3061,5.4968,16.1826,0
3062,6.0442,17.0934,0
3063,6.3409,17.7857,0
3064,4.7217,16.0055,0
3065,7.0493,16.224,0
3066,5.0552,18.5217,0
3067,5.4416,18.4987,0
3068,6.9872,17.2383,0
3069,5.1311,16.6817,0
3070,7.4311,18.3331,0
3071,6.0879,16.1205,0
3072,5.8878,16.3781,0
3073,6.2121,17.9582,0
3074,6.9849,17.1785,0
3075,5.3542,17.2015,0
3076,7.2149,16.7944,0
3077,6.8906,16.0952,0
3078,5.552,15.557,0
3079,6.0488,16.2102,0
3080,5.7498,16.5069,0
3081,6.3064,16.8243,0
3082,5.3266,16.6725,0
3083,6.4237,17.4706,0
3084,5.1909,16.1458,0
3085,5.8947,16.2677,0
3086,5.4669,17.7489,0
3087,4.816,17.0037,0
3088,5.8901,16.9393,0
3089,6.0419,17.3625,0
3090,6.5456,16.6978,0
3091,6.0626,17.0865,0
3092,5.1219,18.4274,0
3093,7.3414,16.8197,0
3094,5.138,16.615,0
3095,5.736,16.9991,0
3096,5.276,17.2475,0
3097,6.4444,16.2033,0
3098,7.162,18.1836,0
